protein_id,gene,log2FC_Cer,p_Cer,adj_p_Cer,log2FC_BS,p_BS,adj_p_BS,sig_in_either,concordant,class
Q9Z1S5,Septin3,-2.5547430675904916,3.082419154725907e-4,0.13202238348856807,-2.568586256716185,4.534817674485099e-4,0.3093879358417459,TRUE,TRUE,Shared - Up in Female
P42932,Cct8,-3.15380340340447,2.6748373977566744e-9,1.460259344280091e-5,-2.815168093927046,0.0013321491193631816,0.7270869893484244,TRUE,TRUE,Shared - Up in Female
Q8R001,Mapre2,2.258434586091337,0.004379013801132407,0.8407706498174221,2.475164928034352,0.0021887883127832,0.9955338842642254,TRUE,TRUE,Shared - Up in Male
A0A0R4J0I1,Serpina3k,1.6203225979232565,8.538891048878187e-4,0.23772272680076872,1.3134379746185458,0.024304581595583435,0.9998479593710528,TRUE,TRUE,Shared - Up in Male
O08788,Dctn1,1.4965233771007989,0.01235676025193807,0.9998429551679517,1.6509854831902178,0.014471397228785113,0.9998479593710528,TRUE,TRUE,Shared - Up in Male
P80313,Cct7,1.0808610350688492,0.025998216962239175,0.9998429551679517,1.317929829999079,0.006999982860706682,0.9998479593710528,TRUE,TRUE,Shared - Up in Male
P31648,Slc6a1,3.428006193175786,0.006856846502425486,0.9998429551679517,2.7443789238814893,0.02894914816938372,0.9998479593710528,TRUE,TRUE,Shared - Up in Male
Q8BVG4,Dpp9,0.8444530298804385,0.012695139427553827,0.9998429551679517,0.7593726928848629,0.026755626343818492,0.9998479593710528,TRUE,TRUE,Shared - Up in Male
Q5DTY9,Kctd16,-1.3380191307926383,0.017312452802864736,0.9998429551679517,-1.1028541073297473,0.03831382123615981,0.9998479593710528,TRUE,TRUE,Shared - Up in Female
A0A1L1ST22,Clasp2,1.1510022054470255,0.059958372512974145,0.9998429551679517,2.541034354941066,0.0036960569699388108,0.9998479593710528,TRUE,TRUE,Shared - Up in Male
P97765,Wbp2,2.270360026353841,0.030002687949150647,0.9998429551679517,2.360372941705981,0.04745355176895526,0.9998479593710528,TRUE,TRUE,Shared - Up in Male
Q9D7G0,Prps1,1.8677610835311926,0.025816086718694193,0.9998429551679517,1.4395855346348396,0.054888802593869426,0.9998479593710528,TRUE,TRUE,Shared - Up in Male
Q9ESM3,Hapln2,1.703801005943422,0.07769506389903844,0.9998429551679517,2.7080237416989164,0.0042668790931441386,0.9998479593710528,TRUE,TRUE,Shared - Up in Male
Q9EQF6,Dpysl5,1.2670006909385552,0.0448324560080211,0.9998429551679517,1.280649564288735,0.039913348699961354,0.9998479593710528,TRUE,TRUE,Shared - Up in Male
Q69ZU6,Thsd7a,-0.5652146874865146,0.04655199464794052,0.9998429551679517,-0.7633335133330273,0.040349680833199085,0.9998479593710528,TRUE,TRUE,Shared - Up in Female
Q61200,Nxph1,0.4621740693262246,0.006907256185310264,0.9998429551679517,1.1040375165805132,0.0933524485647536,0.9998479593710528,TRUE,TRUE,Shared - Up in Male
E9PYG6,Rasa1,0.9095847346364258,0.043471638447598035,0.9998429551679517,0.8030024164161206,0.058528410744717915,0.9998479593710528,TRUE,TRUE,Shared - Up in Male
Q9D2I5,Armc9,0.8769695204599705,9.599992082701898e-4,0.2516121901958411,0.7562671344855499,0.10180106609199496,0.9998479593710528,TRUE,TRUE,Shared - Up in Male
Q4LDD4,Arap1,1.0129707980298366,0.010844398315083143,0.9998429551679517,0.7354102592209875,0.09412486012507629,0.9998479593710528,TRUE,TRUE,Shared - Up in Male
Q8BTI8,Srrm2,-0.5673709772006108,0.06725045484443273,0.9998429551679517,-0.6724834367550598,0.03825663348639404,0.9998479593710528,TRUE,TRUE,Shared - Up in Female
Q8CGC6,Rbm28,-0.8791606158700193,0.039086498728651074,0.9998429551679517,-2.066076633941471,0.07076708170913751,0.9998479593710528,TRUE,TRUE,Shared - Up in Female
Q9CRC8,Lrrc40,0.6486097852879531,0.0887605272709628,0.9998429551679517,0.9352491378295422,0.02524491527824755,0.9998479593710528,TRUE,TRUE,Shared - Up in Male
Q64337,Sqstm1,-1.641864899604936,0.04175611265322431,0.9998429551679517,-1.3975845499680524,0.07229790145475981,0.9998479593710528,TRUE,TRUE,Shared - Up in Female
P62196,Psmc5,0.776841280509141,0.07898170222621684,0.9998429551679517,0.9299668103909653,0.03547350964374049,0.9998479593710528,TRUE,TRUE,Shared - Up in Male
Q6NXX6,Atp6v0a1,3.670428320076989,1.366149078736266e-8,2.53557269013451e-5,0.9830865896252972,0.12564509212899472,0.9998479593710528,TRUE,TRUE,Shared - Up in Male
P07310,Ckm,0.922855832067649,0.0908898156263345,0.9998429551679517,1.0870428888151327,0.0378290527554722,0.9998479593710528,TRUE,TRUE,Shared - Up in Male
Q8BYN5,Fsd1l,0.849411133502648,0.03075223090002212,0.9998429551679517,0.6378201013319674,0.11263156704525386,0.9998479593710528,TRUE,TRUE,Shared - Up in Male
O89032,Sh3pxd2a,-0.7930535770216128,0.036763310015512675,0.9998429551679517,-0.6668820095646918,0.11482566834477849,0.9998479593710528,TRUE,TRUE,Shared - Up in Female
P10637,Mapt,-2.1721180677394787,3.6445165904467106e-4,0.13528445583738188,-0.5278250219072387,0.16385690532475067,0.9998479593710528,TRUE,TRUE,Shared - Up in Female
Q68FD5,Cltc,0.6780427312589851,0.132211919061638,0.9998429551679517,0.8376476251725481,0.04473816764131716,0.9998479593710528,TRUE,TRUE,Shared - Up in Male
Q3UHD3,Mtus2,-0.9440246818999912,0.03218259835684437,0.9998429551679517,-0.6446486339978073,0.14780246236502897,0.9998479593710528,TRUE,TRUE,Shared - Up in Female
Q9CZ62,Cep97,0.5586590293081616,0.16521021179325945,0.9998429551679517,0.7423604208967137,0.02005588755723823,0.9998479593710528,TRUE,TRUE,Shared - Up in Male
Q8CD92,Ttc27,-0.766410814389389,0.20319859553403868,0.9998429551679517,-1.578523036309774,0.015172682217100584,0.9998479593710528,TRUE,TRUE,Shared - Up in Female
Q9DCV4,Rmdn1,0.6306450831693676,0.1902249334292044,0.9998429551679517,1.039892500036024,0.032047885646854485,0.9998479593710528,TRUE,TRUE,Shared - Up in Male
P62631,Eef1a2,0.9396068485473558,0.23375571725413027,0.9998429551679517,2.3482934610281854,0.0021084564140072064,0.9955338842642254,TRUE,TRUE,Shared - Up in Male
Q8BVE3,Atp6v1h,-2.830300311571533,6.975940934482169e-5,0.046834905970083614,-1.400995247961573,0.24282662428511456,0.9998479593710528,TRUE,TRUE,Shared - Up in Female
Q6ZPY7,Kdm3b,1.0102562265772501,0.022882311112051336,0.9998429551679517,0.5054893051270953,0.22480935888490888,0.9998479593710528,TRUE,TRUE,Shared - Up in Male
Q9JHU4,Dync1h1,0.24593943443352861,0.2301377308854967,0.9998429551679517,0.458901757922977,0.024734605576331677,0.9998479593710528,TRUE,TRUE,Shared - Up in Male
P59108,Cpne2,0.6379632249626414,0.2536233121421492,0.9998429551679517,1.1984814165612567,0.04183793842673456,0.9998479593710528,TRUE,TRUE,Shared - Up in Male
Q7TSC1,Prrc2a,-0.7525209663049544,0.020197088796905502,0.9998429551679517,-0.2628533918325248,0.27588135872827296,0.9998479593710528,TRUE,TRUE,Shared - Up in Female
O88507,Cntfr,1.7771857162197784,0.027712821167509897,0.9998429551679517,1.2221690135331271,0.27366395266735105,0.9998479593710528,TRUE,TRUE,Shared - Up in Male
Q61771,Kif3b,-0.41417934423688835,0.26648942655540525,0.9998429551679517,-0.7084096327214702,0.03599582837315625,0.9998479593710528,TRUE,TRUE,Shared - Up in Female
P06801,Me1,0.5882063902819085,0.2700795275275094,0.9998429551679517,1.0125263217255633,0.03722356239835505,0.9998479593710528,TRUE,TRUE,Shared - Up in Male
G5E8A7,Samd4b,0.8865634450118733,0.0333560660654109,0.9998429551679517,0.5425732619273155,0.2843680932645401,0.9998479593710528,TRUE,TRUE,Shared - Up in Male
Q8R0A7,Kiaa0513,0.7061714163070708,0.3249219076493369,0.9998429551679517,1.2070881541370033,0.016111796672144137,0.9998479593710528,TRUE,TRUE,Shared - Up in Male
Q99PI5,Lpin2,-0.48399158456871433,0.3379842488142879,0.9998429551679517,-1.2357065953384083,0.023503375501618202,0.9998479593710528,TRUE,TRUE,Shared - Up in Female
F8VQL9,Ncor2,-0.266531423700792,0.32105399370182613,0.9998429551679517,-0.7920577097692653,0.044579510711085894,0.9998479593710528,TRUE,TRUE,Shared - Up in Female
Q8CIP4,Mark4,0.48862696839127473,0.3384992663297285,0.9998429551679517,1.0598448412771115,0.035827925040930464,0.9998479593710528,TRUE,TRUE,Shared - Up in Male
Q8R5K2,Usp33,-0.9256310165375595,0.37057405296739526,0.9998429551679517,-1.1645280978324484,0.006511658638065628,0.9998479593710528,TRUE,TRUE,Shared - Up in Female
P05213,Tuba1b,2.895378373020802,0.02996649580691286,0.9998429551679517,1.503694050009734,0.358203792502222,0.9998479593710528,TRUE,TRUE,Shared - Up in Male
P70399,Tp53bp1,0.2764810967406004,0.3684913750021068,0.9998429551679517,0.5679671539004434,0.03681121295662001,0.9998479593710528,TRUE,TRUE,Shared - Up in Male
V9GX34,Csmd2,0.6535647663539551,0.02770352604848995,0.9998429551679517,0.24870283633786008,0.3826303088190328,0.9998479593710528,TRUE,TRUE,Shared - Up in Male
A0A338P6P6,Acap2,-0.3721359505913315,0.3892719164877041,0.9998429551679517,-0.739063305466657,0.043687492757960335,0.9998479593710528,TRUE,TRUE,Shared - Up in Female
P48428,Tbca,1.4778248835910626,0.030697030243311028,0.9998429551679517,0.5808161749522769,0.4105693023360176,0.9998479593710528,TRUE,TRUE,Shared - Up in Male
Q9ESK9,Rb1cc1,-0.17368788980857544,0.44139087828443424,0.9998429551679517,-0.6473437100144455,0.010254154013519772,0.9998479593710528,TRUE,TRUE,Shared - Up in Female
Q9JK81,Myg1,0.3745880827307625,0.4218054712226412,0.9998429551679517,1.2090428382832286,0.04980421848732402,0.9998479593710528,TRUE,TRUE,Shared - Up in Male
P26043,Rdx,0.3413492880876506,0.47809853040031736,0.9998429551679517,1.63958476107959,3.585085472896231e-4,0.3093879358417459,TRUE,TRUE,Shared - Up in Male
Q3UI43,Babam1,1.0286016525409192,0.4537601165416642,0.9998429551679517,1.9524562848556313,0.030503920923255025,0.9998479593710528,TRUE,TRUE,Shared - Up in Male
Q04690,Nf1,0.1835832772503264,0.5103374805053944,0.9998429551679517,0.7566925043250471,0.00652587551064833,0.9998479593710528,TRUE,TRUE,Shared - Up in Male
P58252,Eef2,0.3005386821395802,0.5234098197664028,0.9998429551679517,2.6003829996630103,6.47156993961257e-7,0.0017660914365202705,TRUE,TRUE,Shared - Up in Male
Q9D0F9,Pgm1,0.4194423070992036,0.4966443699171176,0.9998429551679517,1.3154077752377134,0.027366432568519623,0.9998479593710528,TRUE,TRUE,Shared - Up in Male
Q9CZP5,Bcs1l,0.4414350429054097,0.5154815207797461,0.9998429551679517,1.3178115151526615,0.024646288747823562,0.9998479593710528,TRUE,TRUE,Shared - Up in Male
Q9WUB3,Pygm,0.9631436113664995,0.030814048568533817,0.9998429551679517,0.3117223679117878,0.5282671637859577,0.9998479593710528,TRUE,TRUE,Shared - Up in Male
A2TJV2,Palm3,-0.9417586759057657,0.0049989802170177155,0.927810728278488,-0.20855532135746943,0.567124123141257,0.9998479593710528,TRUE,TRUE,Shared - Up in Female
D3YTT6,Osbpl3,-0.17746351657760528,0.5453874246439929,0.9998429551679517,-0.9666586148009784,0.02962113957088257,0.9998479593710528,TRUE,TRUE,Shared - Up in Female
Q9JLI8,Sart3,-0.27569395943283503,0.5323622695890489,0.9998429551679517,-0.923774083101466,0.04503421181148963,0.9998479593710528,TRUE,TRUE,Shared - Up in Female
Q5SSZ5,Tns3,0.23224148689017693,0.5689974401007951,0.9998429551679517,1.376898367125957,0.013085723917607614,0.9998479593710528,TRUE,TRUE,Shared - Up in Male
Q9D1R1,Tmem126b,1.9531121231351853,0.04971519542014456,0.9998429551679517,0.6737053179069088,0.5356657802477668,0.9998479593710528,TRUE,TRUE,Shared - Up in Male
P05784,Krt18,-0.27586397349926256,0.551870595197046,0.9998429551679517,-1.0449970277147584,0.04202602552259055,0.9998479593710528,TRUE,TRUE,Shared - Up in Female
P07901,Hsp90aa1,1.989059581452833,5.36243294737239e-4,0.16587792583871924,0.1977235868315583,0.5953417654529358,0.9998479593710528,TRUE,TRUE,Shared - Up in Male
O35375,Nrp2,1.3875208335073699,0.009493199093715345,0.9998429551679517,0.3299763396304421,0.5872048857880012,0.9998479593710528,TRUE,TRUE,Shared - Up in Male
O55222,Ilk,-1.3366861390105116,0.004124600001846729,0.8202061717958068,-0.20092374322687576,0.5950658215140892,0.9998479593710528,TRUE,TRUE,Shared - Up in Female
P20152,Vim,2.4769090020950597,1.0128423221118332e-4,0.05639506049518687,0.1360819198459868,0.6000365630355027,0.9998479593710528,TRUE,TRUE,Shared - Up in Male
Q6P1J1,Crmp1,2.23488409549084,2.5948143380580887e-4,0.12039938528589532,0.3523915237385983,0.6023560094230765,0.9998479593710528,TRUE,TRUE,Shared - Up in Male
Q9Z1X2,Ptdss2,-1.5388519190092402,0.02690334367796456,0.9998429551679517,-0.36064914028279,0.6330266265560898,0.9998479593710528,TRUE,TRUE,Shared - Up in Female
A0A5F8MQ17,Aqp4,0.3244369746193189,0.6591565640686278,0.9998429551679517,2.4851270708711874,0.011891070731032639,0.9998479593710528,TRUE,TRUE,Shared - Up in Male
P26638,Sars1,0.27229036781334237,0.6722191671984976,0.9998429551679517,3.033574232844419,0.003628457193861163,0.9998479593710528,TRUE,TRUE,Shared - Up in Male
Q91WS0,Cisd1,0.8688131605153591,0.6545361351648524,0.9998429551679517,2.6653624856147387,0.026519215551963106,0.9998479593710528,TRUE,TRUE,Shared - Up in Male
Q8BRT1,Clasp2,-2.876168912142691,0.02710474315688224,0.9998429551679517,-0.48735433593289745,0.6644879573510039,0.9998479593710528,TRUE,TRUE,Shared - Up in Female
A0A9L6KDT1,Iqsec2,-0.9695136962529038,0.0442751674699025,0.9998429551679517,-0.2709512865203744,0.655352033258989,0.9998479593710528,TRUE,TRUE,Shared - Up in Female
Q3TES0,Iqsec3,0.15183476336924,0.7031698027266865,0.9998429551679517,1.1959928125953947,0.004232603749962037,0.9998479593710528,TRUE,TRUE,Shared - Up in Male
Q6P5U7,Nwd2,-0.7708270775021463,0.012620870133785121,0.9998429551679517,-0.1642924950043866,0.7020963697815374,0.9998479593710528,TRUE,TRUE,Shared - Up in Female
Q61072,Adam9,-1.3862001456945738,0.04201856811893042,0.9998429551679517,-0.20939363542954925,0.6808380000786789,0.9998479593710528,TRUE,TRUE,Shared - Up in Female
Q9CU62,Smc1a,-0.5717471976894688,0.04516589421248687,0.9998429551679517,-0.11400773737426596,0.684110455818881,0.9998479593710528,TRUE,TRUE,Shared - Up in Female
Q60715,P4ha1,-0.2418167991190143,0.7073140661234146,0.9998429551679517,-0.832756351258846,0.032075047514637946,0.9998479593710528,TRUE,TRUE,Shared - Up in Female
Q80TE2,Pcdh10,-1.1301187589942991,0.013950001218260713,0.9998429551679517,-0.2205482690448797,0.7430750577436713,0.9998479593710528,TRUE,TRUE,Shared - Up in Female
Q9CY73,Mrpl44,0.2145410997367858,0.7175520267015243,0.9998429551679517,1.0086990435597878,0.04116880728632471,0.9998479593710528,TRUE,TRUE,Shared - Up in Male
F6SEU4,Syngap1,-1.8268088559364202,0.0015890435869901046,0.36865811218170425,-0.12322460774976356,0.7637964312994109,0.9998479593710528,TRUE,TRUE,Shared - Up in Female
Q6NVG1,Lpcat4,0.26011091844686085,0.7436544932521257,0.9998429551679517,2.120454505208189,0.026221913083385198,0.9998479593710528,TRUE,TRUE,Shared - Up in Male
E5CYJ9,Unc79,-0.10539018335862949,0.7504898791384479,0.9998429551679517,-1.2296053617783307,0.030301553266950665,0.9998479593710528,TRUE,TRUE,Shared - Up in Female
P70195,Psmb7,-1.277750694912199,0.03966504725629055,0.9998429551679517,-0.20513373706092533,0.7455129632562516,0.9998479593710528,TRUE,TRUE,Shared - Up in Female
O70161,Pip5k1c,1.5127189465985433,0.0269110618267855,0.9998429551679517,0.1960906215061096,0.7938686205116823,0.9998479593710528,TRUE,TRUE,Shared - Up in Male
Q9EPL8,Ipo7,0.13535029712215035,0.7764056324326134,0.9998429551679517,1.010109167981756,0.04711501766964587,0.9998479593710528,TRUE,TRUE,Shared - Up in Male
Q9QXL2,Kif21a,1.193726098906644,0.0457333779185176,0.9998429551679517,0.10401503012356167,0.7827508791114997,0.9998479593710528,TRUE,TRUE,Shared - Up in Male
Q3U3E2,Fam117b,-0.16703644065137005,0.8324076828204481,0.9998429551679517,-1.5889673212924667,0.005861897957465968,0.9998479593710528,TRUE,TRUE,Shared - Up in Female
A2ALL9,Atp2b3,1.5455255626912077,0.04816809335315275,0.9998429551679517,0.22808842171032537,0.7911909465645681,0.9998479593710528,TRUE,TRUE,Shared - Up in Male
Q6PGN3,Dclk2,1.5860736495668792,0.012990022648707626,0.9998429551679517,0.09737424496402416,0.834390591108856,0.9998479593710528,TRUE,TRUE,Shared - Up in Male
P46096,Syt1,0.14250097311553833,0.8475184318433456,0.9998429551679517,2.390980494946084,0.0037434038537861713,0.9998479593710528,TRUE,TRUE,Shared - Up in Male
O35218,Cpsf2,-1.1406132574457206,0.03456669065060798,0.9998429551679517,-0.09431864348650013,0.8237616599886284,0.9998479593710528,TRUE,TRUE,Shared - Up in Female
P24638,Acp2,1.519307889458426,0.01580718997575019,0.9998429551679517,0.17587245947690267,0.8568386262966274,0.9998479593710528,TRUE,TRUE,Shared - Up in Male
Q8CEE7,Rdh13,-0.16429017516606986,0.8386083345092946,0.9998429551679517,-1.0610732145431336,0.034823852271895765,0.9998479593710528,TRUE,TRUE,Shared - Up in Female
P61979,Hnrnpk,-0.846879707352366,0.03272298962216385,0.9998429551679517,-0.0999686571952147,0.846040001154842,0.9998479593710528,TRUE,TRUE,Shared - Up in Female
Q8BP48,Metap1,-1.1188743992862835,0.01547189802629628,0.9998429551679517,-0.11166076495638805,0.8715811449778119,0.9998479593710528,TRUE,TRUE,Shared - Up in Female
Q62101,Prkd1,-1.5140553191605044,0.02355376097217278,0.9998429551679517,-0.14568824275559447,0.8706994032672517,0.9998479593710528,TRUE,TRUE,Shared - Up in Female
Q6R0H7,Gnas,2.5738081910902224,0.012465099546215802,0.9998429551679517,0.1736560754915232,0.8851408941929431,0.9998479593710528,TRUE,TRUE,Shared - Up in Male
Q62420,Sh3gl2,-0.08624195382694955,0.8972110650917298,0.9998429551679517,-2.47660846993038,0.007390166284033552,0.9998479593710528,TRUE,TRUE,Shared - Up in Female
Q66T02,Plekhg5,-1.1362964237764426,0.04573588388646551,0.9998429551679517,-0.09147777614605827,0.8639433770643966,0.9998479593710528,TRUE,TRUE,Shared - Up in Female
Q62189,Snrpa,-1.0096140401861096,0.015584083518029744,0.9998429551679517,-0.07495411469521693,0.8953260016910487,0.9998479593710528,TRUE,TRUE,Shared - Up in Female
O08582,Gtpbp1,-1.132812169065934,0.04560182646221708,0.9998429551679517,-0.08187577463733897,0.8963749391261844,0.9998479593710528,TRUE,TRUE,Shared - Up in Female
E9PVU7,Pde4d,-0.964058093767698,0.03566783458009928,0.9998429551679517,-0.03948534257672685,0.9362629331043169,0.9998479593710528,TRUE,TRUE,Shared - Up in Female
Q3V4B5,Commd6,-1.9764980073258351,0.021428740905403018,0.9998429551679517,-0.04931115537993191,0.9520996238318169,0.9998479593710528,TRUE,TRUE,Shared - Up in Female
Q8K2V6,Ipo11,-1.1175461066560837,0.020109442490847007,0.9998429551679517,-0.03142197472212881,0.9612782213485294,0.9998479593710528,TRUE,TRUE,Shared - Up in Female
P51863,Atp6v0d1,0.058290909556637405,0.9433671487757027,0.9998429551679517,1.3486561518887545,0.03885969925075931,0.9998479593710528,TRUE,TRUE,Shared - Up in Male
P62821,Rab1a,2.714547033850816,5.702384327778093e-4,0.16710987335299168,0.007548854191879128,0.9868293558968518,0.9998479593710528,TRUE,TRUE,Shared - Up in Male
Q5SV64,Myh10,1.7161789276715367,5.2451844262934305e-9,1.460259344280091e-5,0.0014480380551236901,0.9951868407192839,0.9998479593710528,TRUE,TRUE,Shared - Up in Male
Q3TZM9,Alg11,0.03115925056077656,0.9646357111272023,0.9998429551679517,0.9919118534129814,0.03144859863606564,0.9998479593710528,TRUE,TRUE,Shared - Up in Male
A0A2I3BRD1,Tbc1d23,1.3238857972781635,0.02141755774004395,0.9998429551679517,1.8793444430012431,NA,NA,TRUE,TRUE,Shared - Up in Male
P70271,Pdlim4,1.1502195121349486,NA,NA,1.125453910948309,0.010100519652489894,0.9998479593710528,TRUE,TRUE,Shared - Up in Male
Q3UHF7,Hivep2,-0.7555550494597277,0.021731586722950034,0.9998429551679517,-0.8349900844671624,NA,NA,TRUE,TRUE,Shared - Up in Female
Q571I4,Prag1,-0.7869552821012542,0.04514569611871484,0.9998429551679517,-0.6808422674001887,NA,NA,TRUE,TRUE,Shared - Up in Female
Q5SQX6,Cyfip2,-1.4351857505210828,0.002087685713814137,0.4470859251737352,-2.709473801058675,NA,NA,TRUE,TRUE,Shared - Up in Female
Q62413,Epha6,0.9016374692548657,0.007811799774566415,0.9998429551679517,0.5997390955806284,NA,NA,TRUE,TRUE,Shared - Up in Male
Q8BRM2,Gorab,-2.1138539121457462,NA,NA,-1.0968437953131338,0.01647532746720984,0.9998479593710528,TRUE,TRUE,Shared - Up in Female
Q8BIZ1,Anks1b,1.2300482268455564,0.013807988072410887,0.9998429551679517,-0.9453920462112952,0.049284706988744036,0.9998479593710528,TRUE,FALSE,Region-specific
Q6P6I8,Sirpa,-3.851875338557348,1.1226767718972514e-4,0.056827856962944505,1.5487514133280416,0.07053558147809455,0.9998479593710528,TRUE,FALSE,Region-specific
Q61301,Ctnna2,-2.649069240216306,4.239965233528684e-4,0.1475507901267982,1.5188981265255816,0.07786627075669547,0.9998479593710528,TRUE,FALSE,Region-specific
Q9JLM8,Dclk1,-2.0420015083993324,0.001281274798864114,0.3101799165250168,0.8144756719199989,0.08771420931689368,0.9998479593710528,TRUE,FALSE,Region-specific
Q99KP6,Prpf19,1.5436109038493844,0.062378426706577665,0.9998429551679517,1.2784013159256717,0.05377348513750055,0.9998479593710528,FALSE,FALSE,n.s.
P52760,Rida,1.6646220813868406,0.08531433404434483,0.9998429551679517,2.0079650231959922,0.05022868930538046,0.9998479593710528,FALSE,FALSE,n.s.
Q9QZE5,Copg1,0.7799124721394132,0.06683883901572413,0.9998429551679517,0.8192185232072315,0.07257266205860123,0.9998479593710528,FALSE,FALSE,n.s.
Q6VH22,Ift172,0.6913357467714382,0.12357008381534666,0.9998429551679517,-0.6862413744423203,0.024892319397590557,0.9998479593710528,TRUE,FALSE,Region-specific
Q8K400,Stxbp5,-0.7817361409799658,0.07733288675065374,0.9998429551679517,-0.7408976203779505,0.07486210854129036,0.9998479593710528,FALSE,FALSE,n.s.
Q7TN98,Cpeb4,-0.6544967067338476,0.11099326427927704,0.9998429551679517,-1.0365589329062947,0.05076877120231012,0.9998479593710528,FALSE,FALSE,n.s.
Q8CG72,Adprs,1.0191141468969978,0.07263041353472015,0.9998429551679517,1.1096145210525716,0.09503886400382504,0.9998479593710528,FALSE,FALSE,n.s.
Q8CFA2,Amt,-1.3072518788949785,0.15834508686807633,0.9998429551679517,1.2910164416928442,0.015665664476305456,0.9998479593710528,TRUE,FALSE,Region-specific
Q91VH6,Memo1,1.7014552758187438,0.09225246290823191,0.9998429551679517,2.1205604265124083,0.08398579508046895,0.9998479593710528,FALSE,FALSE,n.s.
Q6S5J6,Krit1,0.7448179479569136,0.024530356531203487,0.9998429551679517,-0.4777170945233881,0.1517423548183248,0.9998479593710528,TRUE,FALSE,Region-specific
Q9EPK7,Xpo7,0.6459184413703777,0.12676658362586282,0.9998429551679517,0.856679811540443,0.05143945467672769,0.9998479593710528,FALSE,FALSE,n.s.
O70405,Ulk1,-0.9356038155748309,0.08536704413457717,0.9998429551679517,-0.7455952760354978,0.10999066339278443,0.9998479593710528,FALSE,FALSE,n.s.
E9Q8V6,Dennd4a,0.4898318731130486,0.09261519346474116,0.9998429551679517,0.44245363123197606,0.10698914400853456,0.9998479593710528,FALSE,FALSE,n.s.
Q64521,Gpd2,1.013772456011258,0.10168263499118757,0.9998429551679517,1.0060269274931541,0.0984624786723898,0.9998479593710528,FALSE,FALSE,n.s.
P62830,Rpl23,1.2709613042189483,0.11795897346441186,0.9998429551679517,1.2977922093719423,0.0854888396855848,0.9998479593710528,FALSE,FALSE,n.s.
A2AJ72,Fubp3,0.7611136163841676,0.05381031006128294,0.9998429551679517,0.49757715369950506,0.14982594369625793,0.9998479593710528,FALSE,FALSE,n.s.
Q9DB73,Cyb5r1,1.3507107372936804,0.0920970823677643,0.9998429551679517,1.0997576708153949,0.11899419032796649,0.9998479593710528,FALSE,FALSE,n.s.
P46460,Nsf,0.7835733987995337,0.13887401807966715,0.9998429551679517,0.9603242354403182,0.0723927985835498,0.9998479593710528,FALSE,FALSE,n.s.
Q8BZN6,Dock10,-0.6027532603613114,0.08846950754804604,0.9998429551679517,-0.3635624002584998,0.12311026290002768,0.9998479593710528,FALSE,FALSE,n.s.
P84091,Ap2m1,-2.3200516091041905,9.941573606875905e-4,0.2516121901958411,0.8711921752113435,0.21132754935129008,0.9998479593710528,TRUE,FALSE,Region-specific
Q9CVB6,Arpc2,1.0310777317008275,0.10613522079393738,0.9998429551679517,1.0039872561832341,0.11287002682390135,0.9998479593710528,FALSE,FALSE,n.s.
B2M1R6,Hnrnpk,1.2820146789035007,0.13729455306981564,0.9998429551679517,1.3312924023848007,0.0827195715761873,0.9998479593710528,FALSE,FALSE,n.s.
Q60520,Sin3a,-0.441422176805388,0.12175632607440966,0.9998429551679517,-0.564435509308162,0.10106524592890435,0.9998479593710528,FALSE,FALSE,n.s.
Q60930,Vdac2,-1.0272069148943015,0.21304084562257786,0.9998429551679517,3.0409865100535107,0.011155866315824197,0.9998479593710528,TRUE,FALSE,Region-specific
O54865,Gucy1b1,0.9718929144432866,0.07509337881546473,0.9998429551679517,0.7136425024191412,0.15629884864122726,0.9998479593710528,FALSE,FALSE,n.s.
Q9WTQ5,Akap12,0.3699523689484303,0.23501921548891497,0.9998429551679517,-1.4586968850437207,0.007283387982481964,0.9998479593710528,TRUE,FALSE,Region-specific
A6H8H2,Dennd4c,0.6818403278134975,0.07366124807498216,0.9998429551679517,0.5549219840248134,0.1749682559056085,0.9998479593710528,FALSE,FALSE,n.s.
Q3U422,Ndufv3,-0.8155547041856014,0.10534180159842689,0.9998429551679517,-0.698558021067982,0.14410355049440196,0.9998479593710528,FALSE,FALSE,n.s.
E9PZF0,Nme1nme2,3.4456853417267626,0.09947552109203664,0.9998429551679517,1.2935679802400002,0.15007114945264738,0.9998479593710528,FALSE,FALSE,n.s.
B2RRE7,Otud4,0.7130067760794576,0.1140884851320514,0.9998429551679517,0.744812919627457,0.1362796708990446,0.9998479593710528,FALSE,FALSE,n.s.
Q9DBE8,Alg2,0.8579831412880421,0.1762984827869534,0.9998429551679517,1.105405809796112,0.07682089550840276,0.9998479593710528,FALSE,FALSE,n.s.
P61164,Actr1a,1.2138832694113255,0.08681044360043587,0.9998429551679517,1.137481094366163,0.16939268804916457,0.9998479593710528,FALSE,FALSE,n.s.
Q9CWG9,Bloc1s2,0.6702890896544781,0.2375860500935849,0.9998429551679517,-1.577040557876194,0.022931534775317976,0.9998479593710528,TRUE,FALSE,Region-specific
Q9CWZ7,Napg,0.7119810393764675,0.19990943058906546,0.9998429551679517,1.0888834521330468,0.06074044975996908,0.9998479593710528,FALSE,FALSE,n.s.
Q3TJL8,Pdia6,1.4445323516101332,0.10129200155385332,0.9998429551679517,1.2897637137220352,0.16213466236870552,0.9998479593710528,FALSE,FALSE,n.s.
Q3U2V3,Nudt18,0.665591007343699,0.1659573159355672,0.9998429551679517,0.9075595336657626,0.10151626121894672,0.9998479593710528,FALSE,FALSE,n.s.
O35343,Kpna4,1.0787626757413518,0.2144020941965891,0.9998429551679517,1.9278856575548768,0.05653717777761977,0.9998479593710528,FALSE,FALSE,n.s.
P62082,Rps7,1.7801510381210308,0.13401665373000604,0.9998429551679517,1.5739247860224355,0.13954362747250543,0.9998479593710528,FALSE,FALSE,n.s.
Q9Z321,Top3b,0.4498825003285444,0.20741823996034325,0.9998429551679517,0.7112420647546854,0.06726906779340047,0.9998479593710528,FALSE,FALSE,n.s.
Q99N15,Hsd17b10,1.0918574042651514,0.18012096829157714,0.9998429551679517,1.3832338847034793,0.09831777195034677,0.9998479593710528,FALSE,FALSE,n.s.
Q3THG9,Aarsd1,1.2366216914167125,0.08156956298585592,0.9998429551679517,0.7804605220690792,0.1978899968904902,0.9998479593710528,FALSE,FALSE,n.s.
Q5SU73,Coil,0.687882979964421,0.19602046321344482,0.9998429551679517,1.07088522054052,0.08346884265341893,0.9998479593710528,FALSE,FALSE,n.s.
A1A4T2,Ganab,0.9105917446773372,0.08569902197903577,0.9998429551679517,0.8549953021299596,0.1969409579682713,0.9998479593710528,FALSE,FALSE,n.s.
Q9R1P3,Psmb2,2.3762935208210445,0.06985067808170184,0.9998429551679517,1.1885707835489563,0.21523045716230285,0.9998479593710528,FALSE,FALSE,n.s.
O35594,Ift81,0.32763864647282065,0.27468664394637604,0.9998429551679517,-0.6965676537390065,0.010891591924129156,0.9998479593710528,TRUE,FALSE,Region-specific
Q9CQA9,Ntpcr,0.5652705047815926,0.20725451483799057,0.9998429551679517,0.9447948521109106,0.07970283887566285,0.9998479593710528,FALSE,FALSE,n.s.
Q9D020,Nt5c3a,0.7803232296469307,0.09517312203383271,0.9998429551679517,0.503610787213539,0.19714586584129598,0.9998479593710528,FALSE,FALSE,n.s.
Q99JT1,Gatb,-0.6084767617759095,0.13473284974312932,0.9998429551679517,-1.1227873143049323,0.1617202302786041,0.9998479593710528,FALSE,FALSE,n.s.
Q9QXS1,Plec,-0.699321426921938,0.2998297135414999,0.9998429551679517,2.591148965423786,1.0103004273450296e-10,5.514219732449171e-7,TRUE,FALSE,Region-specific
Q50DZ7,Lgi2,-1.2861485322958919,0.08288905257050555,0.9998429551679517,-0.8768873782074006,0.222098106260709,0.9998479593710528,FALSE,FALSE,n.s.
Q920B9,Supt16h,0.698438006914608,0.0966496061256115,0.9998429551679517,0.5507277743179936,0.21212254649981294,0.9998479593710528,FALSE,FALSE,n.s.
Q9QXY6,Ehd3,0.7105697536582396,0.09780002665123302,0.9998429551679517,0.4570613639905179,0.21121798529468253,0.9998479593710528,FALSE,FALSE,n.s.
Q8CGF7,Tcerg1,-0.7317729123733315,0.12553368394916445,0.9998429551679517,-0.6260172196853687,0.18551955847035612,0.9998479593710528,FALSE,FALSE,n.s.
Q80TE7,Lrrc7,-1.0546684642326174,0.16160677186784758,0.9998429551679517,0.45488450347733145,0.1495306261873701,0.9998479593710528,FALSE,FALSE,n.s.
E9QQ38,Ddhd1,0.7312880698389096,0.1660565147393699,0.9998429551679517,0.6154295033225007,0.14633811507529532,0.9998479593710528,FALSE,FALSE,n.s.
Q9R0Q6,Arpc1a,1.0843888578421583,0.10139705587282771,0.9998429551679517,0.8299944591003923,0.21167786996600674,0.9998479593710528,FALSE,FALSE,n.s.
Q91VM5,Rbmxl1,-1.7771277605529805,0.2899870341393164,0.9998429551679517,2.818316171715698,0.024625672136554574,0.9998479593710528,TRUE,FALSE,Region-specific
Q8VE85,Prelid3a,0.7103298871431641,0.215735706633987,0.9998429551679517,0.4146672606438564,0.09931735766838597,0.9998479593710528,FALSE,FALSE,n.s.
A2ANY6,Mdn1,-0.3786403246535004,0.24738297175862325,0.9998429551679517,0.5033265518458333,0.06803352026146407,0.9998479593710528,FALSE,FALSE,n.s.
H3BIW6,Plch2,0.453740044902282,0.2738237083943555,0.9998429551679517,-0.6762534295869662,0.04203385420093826,0.9998479593710528,TRUE,FALSE,Region-specific
O70572,Smpd2,0.5057735554252449,0.24762409696108353,0.9998429551679517,0.5398153325998459,0.06989994812578314,0.9998479593710528,FALSE,FALSE,n.s.
Q8K2Y0,Obi1,0.9532571881916609,0.050730294405065345,0.9998429551679517,0.3844047345975393,0.2689265647906476,0.9998479593710528,FALSE,FALSE,n.s.
Q9DC04,Rgs3,-1.0403797899450309,0.08203190249223341,0.9998429551679517,-0.8267253894023575,0.24058549018630163,0.9998479593710528,FALSE,FALSE,n.s.
Q8CAA7,Pgm2l1,0.5458602372865253,0.25479404504874564,0.9998429551679517,0.8578514354329174,0.06869094433196743,0.9998479593710528,FALSE,FALSE,n.s.
O08529,Capn2,0.6018939510790327,0.2203998114294603,0.9998429551679517,0.799386340648363,0.10368706261195704,0.9998479593710528,FALSE,FALSE,n.s.
Q9CXA2,L3hypdh,-0.7636159385353234,0.18313331807822492,0.9998429551679517,0.6547824303280859,0.14106968436478245,0.9998479593710528,FALSE,FALSE,n.s.
P35285,Rab22a,0.740939952633449,0.19262808547249063,0.9998429551679517,0.6611670429988641,0.1329141386074271,0.9998479593710528,FALSE,FALSE,n.s.
Q80W22,Thnsl2,-1.327713553939774,0.08459778483589035,0.9998429551679517,-0.6591369449322608,0.24104569665516312,0.9998479593710528,FALSE,FALSE,n.s.
Q9Z2C5,Mtm1,0.7841021817379343,0.09315247180698069,0.9998429551679517,0.4236178610095491,0.23291884069104848,0.9998479593710528,FALSE,FALSE,n.s.
B2RXT3,Ogdhl,0.5465975396367669,0.2731002671599783,0.9998429551679517,1.0533360088761445,0.054299997182567124,0.9998479593710528,FALSE,FALSE,n.s.
F6Y616,Paip1,1.0093186792783901,0.25627517974967445,0.9998429551679517,1.2928237141815044,0.07214969367101666,0.9998479593710528,FALSE,FALSE,n.s.
Q9JME7,Trappc2l,0.7318204500837227,0.2299935138766153,0.9998429551679517,0.9651396232357136,0.09847835770809402,0.9998479593710528,FALSE,FALSE,n.s.
O35474,Edil3,0.7731921565000277,0.06063875020957205,0.9998429551679517,0.4656711774799541,0.26858411665183124,0.9998479593710528,FALSE,FALSE,n.s.
Q93092,Taldo1,1.1944756391891278,0.08169893271882697,0.9998429551679517,0.7967075556238512,0.24915568700718763,0.9998479593710528,FALSE,FALSE,n.s.
Q8C9H6,Strip2,-0.829018777836655,0.07815294939877365,0.9998429551679517,0.5452686659294985,0.25365476408770926,0.9998479593710528,FALSE,FALSE,n.s.
O70311,Nmt2,-1.0137845673631793,0.10742915756491532,0.9998429551679517,-0.7042656264285548,0.22646815079020574,0.9998479593710528,FALSE,FALSE,n.s.
P14685,Psmd3,1.147173952704789,0.05745069261602371,0.9998429551679517,0.6119833235829385,0.2776686122442637,0.9998479593710528,FALSE,FALSE,n.s.
Q9DAW6,Prpf4,0.5080915096220674,0.2611186379493578,0.9998429551679517,0.6239307196674604,0.07738362857290051,0.9998479593710528,FALSE,FALSE,n.s.
D3YWX2,Ylpm1,-0.44483999245785705,0.21155204901702152,0.9998429551679517,-0.4902008586151676,0.12924436792326618,0.9998479593710528,FALSE,FALSE,n.s.
Q8BH60,Gopc,0.7715190388392348,0.2860119342397002,0.9998429551679517,1.023453145245298,0.058729422174913865,0.9998479593710528,FALSE,FALSE,n.s.
Q3UGR5,Hdhd2,1.2353739594609692,0.20315552414068316,0.9998429551679517,1.3688619084705347,0.1424391234682227,0.9998479593710528,FALSE,FALSE,n.s.
Q9WTS5,Tenm2,-0.7764166030663051,0.15743418273167759,0.9998429551679517,0.5138544986810365,0.19088142349543039,0.9998479593710528,FALSE,FALSE,n.s.
A8Y5H7,Sec14l1,-0.7522439333310247,0.15524445736855813,0.9998429551679517,-0.9410197156606059,0.19738226020721833,0.9998479593710528,FALSE,FALSE,n.s.
Q8K1M6,Dnm1l,0.48464010861413664,0.2962946949158177,0.9998429551679517,0.8688680936274975,0.05762820119010662,0.9998479593710528,FALSE,FALSE,n.s.
Q8BND3,Wdr35,-0.8258791951192909,0.11333648681441075,0.9998429551679517,-0.44081704240035297,0.24206456273766824,0.9998479593710528,FALSE,FALSE,n.s.
Q9DBU3,Riok3,1.0924422653556471,0.11110784183485392,0.9998429551679517,1.948213322289084,0.24504655763427077,0.9998479593710528,FALSE,FALSE,n.s.
Q6ZPF3,Tiam2,0.4638631240703221,0.20958660394869222,0.9998429551679517,-0.5872951071471594,0.14691210608053193,0.9998479593710528,FALSE,FALSE,n.s.
Q811P8,Arhgap32,-0.42453015100248537,0.15132845702273895,0.9998429551679517,-0.2932162504340358,0.2067107666098359,0.9998479593710528,FALSE,FALSE,n.s.
Q80UU9,Pgrmc2,-1.3382952974944726,0.21855142934838173,0.9998429551679517,-1.63489502377075,0.14041290040505275,0.9998479593710528,FALSE,FALSE,n.s.
A2AIL4,Ndufaf6,-0.8542828090062756,0.31254687433018874,0.9998429551679517,0.885309635642767,0.04737593231588185,0.9998479593710528,TRUE,FALSE,Region-specific
Q3TA68,Wdr36,0.3462440927086661,0.28298019182373335,0.9998429551679517,0.7273322979837318,0.07718294637616332,0.9998479593710528,FALSE,FALSE,n.s.
Q5U3K5,Rabl6,0.6634667490015049,0.22351195713989222,0.9998429551679517,0.759567776296488,0.13687249140886817,0.9998479593710528,FALSE,FALSE,n.s.
A0A087WSP5,Stat1,-0.6945867687735958,0.13148467189311122,0.9998429551679517,-0.48835901506220586,0.22891149319813134,0.9998479593710528,FALSE,FALSE,n.s.
Q00PI9,Hnrnpul2,0.6520965903964133,0.19162227111424548,0.9998429551679517,0.6455409941510435,0.17117704392283684,0.9998479593710528,FALSE,FALSE,n.s.
Q9Z2A0,Pdpk1,0.5231141829156304,0.21837108890827203,0.9998429551679517,0.6048529173113412,0.14633660832904347,0.9998479593710528,FALSE,FALSE,n.s.
Q5SYL3,Bltp2,-0.5909679276258096,0.21848578755513556,0.9998429551679517,0.5414815333039371,0.1483554725900137,0.9998479593710528,FALSE,FALSE,n.s.
Q8BXA5,Clptm1l,-0.7404912444095311,0.1949764757693501,0.9998429551679517,-1.1743167966991865,0.1774502089793238,0.9998479593710528,FALSE,FALSE,n.s.
Q8CEC6,Ppwd1,-1.750735490047731,0.09433993245797971,0.9998429551679517,-0.5827098129177927,0.2783557512810169,0.9998479593710528,FALSE,FALSE,n.s.
Q8VBX6,Mpdz,-0.3404348085500434,0.21514212098818492,0.9998429551679517,-0.3597597852497042,0.15778924195992153,0.9998479593710528,FALSE,FALSE,n.s.
P63017,Hspa8,-0.36949604670442554,0.309388895022003,0.9998429551679517,-0.7818522779450767,0.06453186720441277,0.9998479593710528,FALSE,FALSE,n.s.
Q8BG73,Sh3bgrl2,1.867352530916077,0.1344861368055289,0.9998429551679517,1.35616886462529,0.23945034732385875,0.9998479593710528,FALSE,FALSE,n.s.
P62852,Rps25,2.159971505300216,0.30281920591870304,0.9998429551679517,2.4269236465789326,0.07146467711093205,0.9998479593710528,FALSE,FALSE,n.s.
P68181,Prkacb,0.8571259464841677,0.25280345793960785,0.9998429551679517,1.4594677232679134,0.12310794708739896,0.9998479593710528,FALSE,FALSE,n.s.
Q921F4,Hnrnpll,0.6013595338912108,0.3006928307952256,0.9998429551679517,1.2561158267309305,0.0770894777613388,0.9998479593710528,FALSE,FALSE,n.s.
Q8CGC7,Eprs1,0.3184851539616513,0.25795489249538933,0.9998429551679517,0.45257010161072864,0.12189523674336042,0.9998479593710528,FALSE,FALSE,n.s.
Q7TQG1,Plekha6,0.5203161460632464,0.24863445137217838,0.9998429551679517,0.46697021323619115,0.13488734038889136,0.9998479593710528,FALSE,FALSE,n.s.
P68254,Ywhaq,1.0653551256274272,0.160742635926235,0.9998429551679517,1.0701672458178657,0.2233946086114476,0.9998479593710528,FALSE,FALSE,n.s.
Q91ZW3,Smarca5,-0.562646700513361,0.062246110628238094,0.9998429551679517,-0.250189998762061,0.3236650321942992,0.9998479593710528,FALSE,FALSE,n.s.
A0A286YDI8,Sec24c,-0.720753687533841,0.17783146177382345,0.9998429551679517,-0.6752187372309253,0.2085648891329202,0.9998479593710528,FALSE,FALSE,n.s.
P00375,Dhfr,0.6756320512407173,0.21197595961780794,0.9998429551679517,1.0019175908175013,0.17640583279255337,0.9998479593710528,FALSE,FALSE,n.s.
Q6KCD5,Nipbl,0.6268766933991717,0.17946400800101772,0.9998429551679517,0.600324466627034,0.20938589804986096,0.9998479593710528,FALSE,FALSE,n.s.
Q9WVJ3,Cpq,-0.7917387507590641,0.15006382024492274,0.9998429551679517,-0.8016571347442842,0.2389092976624253,0.9998479593710528,FALSE,FALSE,n.s.
Q8R3B1,Plcd1,1.296924659405879,0.08935120645066767,0.9998429551679517,0.689287615456207,0.30050690363539373,0.9998479593710528,FALSE,FALSE,n.s.
Q3U0D9,Hace1,0.6642430678224571,0.23326741221759553,0.9998429551679517,0.9498347062257116,0.15776798644708082,0.9998479593710528,FALSE,FALSE,n.s.
Q80TY0,Fnbp1,0.4969977598098145,0.2171646190227347,0.9998429551679517,0.467134142437839,0.17464442353368984,0.9998479593710528,FALSE,FALSE,n.s.
A3KGU5,Sptan1,0.26782421280470164,0.33258126334066007,0.9998429551679517,1.4061575938420836,0.059966056404962824,0.9998479593710528,FALSE,FALSE,n.s.
Q6A026,Pds5a,0.5621728662203904,0.04940159689742369,0.9998429551679517,-0.48284608442508514,0.3455223001078256,0.9998479593710528,TRUE,FALSE,Region-specific
O89050,Mkln1,-0.5491941495536041,0.08884818876251242,0.9998429551679517,0.42674833866894346,0.3087822754681117,0.9998479593710528,FALSE,FALSE,n.s.
Q8VHQ3,Ppp1r16b,0.7046579360623755,0.24567144417512396,0.9998429551679517,0.739798436893532,0.15222774347310605,0.9998479593710528,FALSE,FALSE,n.s.
A2RSQ0,Dennd5b,-0.5342160477201658,0.06446909250951635,0.9998429551679517,0.3105648864118949,0.3335051886777942,0.9998479593710528,FALSE,FALSE,n.s.
Q6NZR5,Skic2,-0.4909523563974056,0.17254569551939902,0.9998429551679517,-0.5130992762112916,0.2257136504130493,0.9998479593710528,FALSE,FALSE,n.s.
B1AXV0,Frrs1l,-1.57945320524344,0.10566368681347124,0.9998429551679517,-0.601905733080887,0.29354293374276685,0.9998479593710528,FALSE,FALSE,n.s.
P56399,Usp5,-1.4000501777293033,0.17562304169708928,0.9998429551679517,-1.2957038349600907,0.22417274833172182,0.9998479593710528,FALSE,FALSE,n.s.
B2RXC2,Itpkb,-0.7991928775557233,0.11223817093201457,0.9998429551679517,-0.44536078237758736,0.2877741552602647,0.9998479593710528,FALSE,FALSE,n.s.
Q8BH59,Slc25a12,0.8989384103117424,0.19968583500689824,0.9998429551679517,0.8743265761513929,0.2025277946631709,0.9998479593710528,FALSE,FALSE,n.s.
Q9WVA4,Tagln2,0.6284543070997007,0.33088514996876195,0.9998429551679517,1.440304078081199,0.07284374006257187,0.9998479593710528,FALSE,FALSE,n.s.
Q8BH74,Nup107,-0.31074947583356904,0.35381229155418614,0.9998429551679517,-0.7068665046314929,0.050109095840708794,0.9998479593710528,FALSE,FALSE,n.s.
Q9ES74,Nek7,0.839907852250613,0.10855700164189776,0.9998429551679517,0.4578011511591008,0.295501608620225,0.9998479593710528,FALSE,FALSE,n.s.
Q8K411,Pitrm1,0.304225060357249,0.2731102462123091,0.9998429551679517,0.3856525429869481,0.1319991143526547,0.9998479593710528,FALSE,FALSE,n.s.
Q8VD66,Abhd4,1.0171593662164162,0.29521140987129374,0.9998429551679517,-1.2285610557238278,0.11221985505001784,0.9998479593710528,FALSE,FALSE,n.s.
P49446,Ptpre,-0.7110224494453248,0.07272757355615396,0.9998429551679517,-0.42431971837988414,0.335258421001437,0.9998479593710528,FALSE,FALSE,n.s.
Q8QZV7,IntS13,-1.2215696451762208,0.13652481461298094,0.9998429551679517,-1.3634209138608586,0.27179257717304667,0.9998479593710528,FALSE,FALSE,n.s.
Q8BIW1,Prune1,0.9860338777736546,0.18824906666094107,0.9998429551679517,0.7106260559072773,0.22206853663424703,0.9998479593710528,FALSE,FALSE,n.s.
Q5U421,Mapk14,-1.0263730119267036,0.2542486113288411,0.9998429551679517,-0.892318205100067,0.1568853862398692,0.9998479593710528,FALSE,FALSE,n.s.
P58390,Kcnn2,-0.5634663546134508,0.3579579343458528,0.9998429551679517,-0.7219451932502773,0.05318923377825512,0.9998479593710528,FALSE,FALSE,n.s.
Q08642,Padi2,1.031428050621157,0.07610836303228673,0.9998429551679517,0.5094171803649095,0.33519139430618505,0.9998479593710528,FALSE,FALSE,n.s.
O35638,Stag2,-0.6216112071136182,0.16804104525474595,0.9998429551679517,-0.46102348328736875,0.2447168558932238,0.9998479593710528,FALSE,FALSE,n.s.
Q8C015,Pak5,-0.7634436813488169,0.12567661645118625,0.9998429551679517,0.43198108714588107,0.28819774211615856,0.9998479593710528,FALSE,FALSE,n.s.
Q3UFY8,Trmt10c,-0.571204373368409,0.21884539461938204,0.9998429551679517,-0.48811594490189913,0.19554715825562746,0.9998479593710528,FALSE,FALSE,n.s.
Q9R111,Gda,0.9047842820815309,0.16214115750820662,0.9998429551679517,0.5919506293166815,0.25253639860916366,0.9998479593710528,FALSE,FALSE,n.s.
Q8BUK6,Hook3,-0.52994032130772,0.21087746716019917,0.9998429551679517,-0.5104770567428034,0.20430952219429105,0.9998479593710528,FALSE,FALSE,n.s.
Q9D706,Rpap3,-0.5026643427575176,0.1350547412703363,0.9998429551679517,-0.3004350152156854,0.28145155054377236,0.9998479593710528,FALSE,FALSE,n.s.
B9EJ77,Tanc1,0.3363183608824454,0.37128818836450883,0.9998429551679517,-0.6699992835058802,0.04523669780125181,0.9998479593710528,TRUE,FALSE,Region-specific
E9PYJ7,Pitpnm2,0.4632906474172616,0.3071538564866453,0.9998429551679517,-0.6535491424661672,0.11015206531657769,0.9998479593710528,FALSE,FALSE,n.s.
Q924H7,Wac,0.6849032075123312,0.21351594550415576,0.9998429551679517,-0.5475396502702512,0.20440460288206547,0.9998479593710528,FALSE,FALSE,n.s.
Q3V0K9,Pls1,-0.47505186076535677,0.19114205671243217,0.9998429551679517,-0.5431775810880458,0.22851246141338294,0.9998479593710528,FALSE,FALSE,n.s.
Q7TPM9,Mtmr10,0.595414987826914,0.31058752619586594,0.9998429551679517,0.6565956518978674,0.10984930894414546,0.9998479593710528,FALSE,FALSE,n.s.
Q8CAK3,Shfl,-0.8512359657851181,0.12579370164456632,0.9998429551679517,-0.594575053423507,0.29465424662445316,0.9998479593710528,FALSE,FALSE,n.s.
Q8BFW7,Lpp,-0.8149831853964743,0.11158821386053355,0.9998429551679517,-0.6165863663629592,0.3092524642742861,0.9998479593710528,FALSE,FALSE,n.s.
Q9CWJ9,Atic,0.9634432274949535,0.1969007229934231,0.9998429551679517,0.8822068545576148,0.22410571135521765,0.9998479593710528,FALSE,FALSE,n.s.
E9Q777,Akap11,-0.6701794645113944,0.11275279482721398,0.9998429551679517,-0.9233530873482,0.311394896952752,0.9998479593710528,FALSE,FALSE,n.s.
Q8VC30,Tkfc,0.5456679455929088,0.3234611488767287,0.9998429551679517,0.8592379873339105,0.10079888637926764,0.9998479593710528,FALSE,FALSE,n.s.
P53994,Rab2a,1.1447923263555322,0.2451455003547694,0.9998429551679517,1.354140683052323,0.18054653751565897,0.9998479593710528,FALSE,FALSE,n.s.
Q9D2N9,Vps33a,-0.9341265208258642,0.015167875580706067,0.9998429551679517,0.3407697434966806,0.4130593685432705,0.9998479593710528,TRUE,FALSE,Region-specific
Q3UMB5,Smcr8,0.4684562948343256,0.2869713829446014,0.9998429551679517,0.5600267277697353,0.14167555939476753,0.9998479593710528,FALSE,FALSE,n.s.
Q80YX1,Tnc,-0.38317098223473456,0.21307992460497485,0.9998429551679517,-0.4463772261771355,0.21668349132950404,0.9998479593710528,FALSE,FALSE,n.s.
B2RQ80,Tnik,-0.45241307811435005,0.35790455430827683,0.9998429551679517,0.7812070624873558,0.07363112800269664,0.9998479593710528,FALSE,FALSE,n.s.
Q9WUE4,Nprl2,0.537416789179987,0.22916290630339653,0.9998429551679517,0.4660088687083369,0.2025198985958272,0.9998479593710528,FALSE,FALSE,n.s.
Q80WS3,Fbll1,0.5710670307607684,0.29177756829852336,0.9998429551679517,1.054868940538992,0.1415809205949994,0.9998479593710528,FALSE,FALSE,n.s.
Q3UHE1,Pitpnm3,-0.3165680908541192,0.3511998603445923,0.9998429551679517,-0.6058421015061969,0.08242351720823196,0.9998479593710528,FALSE,FALSE,n.s.
A0A991EQV5,Nploc4,0.855838422139202,0.09045611946755516,0.9998429551679517,0.41720688736820616,0.34505248897731156,0.9998479593710528,FALSE,FALSE,n.s.
Q9CXJ1,Ears2,-0.48288701811846235,0.30100064615435185,0.9998429551679517,-1.293682755618472,0.13463555579057346,0.9998479593710528,FALSE,FALSE,n.s.
Q2TPA8,Hsdl2,0.48233583084047166,0.28650202417153203,0.9998429551679517,0.7910861855406021,0.1529969173468056,0.9998479593710528,FALSE,FALSE,n.s.
P27641,Xrcc5,-0.780243793811197,0.29154054496950976,0.9998429551679517,-0.7079704352032676,0.14858469797453366,0.9998479593710528,FALSE,FALSE,n.s.
G3X8R0,Reep5,1.6068908880566837,0.08476185762201001,0.9998429551679517,0.9268307445069818,0.3555146992704854,0.9998479593710528,FALSE,FALSE,n.s.
E9Q411,Nbas,0.2898129078929359,0.2379097346735637,0.9998429551679517,0.27345629972519564,0.20535119804066584,0.9998479593710528,FALSE,FALSE,n.s.
P69566,Ranbp9,0.9777352324399041,0.07228675840465616,0.9998429551679517,-0.806055562454147,0.3721320389233521,0.9998479593710528,FALSE,FALSE,n.s.
P29351,Ptpn6,-0.727784579726317,0.11597313057472053,0.9998429551679517,-0.2937440471292268,0.3297361488471243,0.9998479593710528,FALSE,FALSE,n.s.
Q9D883,U2af1,1.2484445570529488,0.17531844864029952,0.9998429551679517,0.8867192869182848,0.2712783913559603,0.9998479593710528,FALSE,FALSE,n.s.
Q9R0L6,Pcm1,0.41418082908912185,0.30818277172984077,0.9998429551679517,-0.4834146619922466,0.13861274865586823,0.9998479593710528,FALSE,FALSE,n.s.
A0A5H1ZRL1,Spire1,-0.40691520328419895,0.333610662577024,0.9998429551679517,-0.6358709486749576,0.11428641565233806,0.9998479593710528,FALSE,FALSE,n.s.
Q08091,Cnn1,-1.0707858024858083,0.23508969125373727,0.9998429551679517,-0.5432363003245095,0.21639218943255442,0.9998479593710528,FALSE,FALSE,n.s.
Q61391,Mme,0.46333537877031095,0.3434539714347983,0.9998429551679517,-0.7553436670873196,0.10853307862573983,0.9998479593710528,FALSE,FALSE,n.s.
B9EJ86,Osbpl8,-0.4210702603354955,0.30388859001028257,0.9998429551679517,0.5396201216987647,0.1488334985623775,0.9998479593710528,FALSE,FALSE,n.s.
Q6ZPE2,Sbf1,-0.565726204577816,0.14703572861328792,0.9998429551679517,0.4103394001170393,0.3090452178266982,0.9998479593710528,FALSE,FALSE,n.s.
P17426,Ap2a1,0.5374610756325574,0.35175783146906925,0.9998429551679517,0.8823567337148708,0.1047419784052917,0.9998479593710528,FALSE,FALSE,n.s.
Q80U78,Pum1,-0.4277330626639719,0.26332766343408165,0.9998429551679517,-0.6989519581313907,0.1942012891032178,0.9998479593710528,FALSE,FALSE,n.s.
Q9QYP6,Azi2,0.6601122395141946,0.40453876317767673,0.9998429551679517,1.282953781350552,0.05332558121937744,0.9998479593710528,FALSE,FALSE,n.s.
P53810,Pitpna,0.8981819319238581,0.18263665086760686,0.9998429551679517,0.6692908331140434,0.2756621175113976,0.9998479593710528,FALSE,FALSE,n.s.
Q9ET22,Dpp7,-0.45191071997581445,0.150102577244584,0.9998429551679517,-0.48634236414438314,0.30832958227172697,0.9998479593710528,FALSE,FALSE,n.s.
Q8BSQ9,Pbrm1,0.38629683080313787,0.2701746707835356,0.9998429551679517,-0.5239981633649498,0.18907351306813383,0.9998479593710528,FALSE,FALSE,n.s.
Q99LJ0,Cttnbp2nl,0.761444050289752,0.1324333565332945,0.9998429551679517,-0.4538423361830539,0.32712443189695417,0.9998479593710528,FALSE,FALSE,n.s.
Q9CYG7,Tomm34,0.7297764289051595,0.23020457014742735,0.9998429551679517,-0.7079222455508972,0.23058574022730435,0.9998479593710528,FALSE,FALSE,n.s.
P27612,Plaa,0.7898683595109297,0.11469944882861181,0.9998429551679517,0.4282923191591816,0.34629180935280324,0.9998479593710528,FALSE,FALSE,n.s.
G3X8X7,Vps16,0.5505595185010153,0.28502522942727604,0.9998429551679517,0.7705672397015214,0.1762076541839615,0.9998479593710528,FALSE,FALSE,n.s.
Q69ZW3,Ehbp1,-0.35187370746655156,0.27626905722503564,0.9998429551679517,-0.4980491693244223,0.18533572537512752,0.9998479593710528,FALSE,FALSE,n.s.
Q9R1P1,Psmb3,1.191458076273035,0.36270092886644034,0.9998429551679517,1.4403424075622613,0.09994347168253798,0.9998479593710528,FALSE,FALSE,n.s.
P49025,Cit,-0.6311076994262458,0.008852575153907217,0.9998429551679517,0.18957601667966667,0.45402112569678665,0.9998479593710528,TRUE,FALSE,Region-specific
Q9EQH2,Erap1,-0.7926739373729765,0.17757403997675097,0.9998429551679517,-0.38797359261188774,0.28530204917183644,0.9998479593710528,FALSE,FALSE,n.s.
Q3UNH4,Gprin1,-0.3438175472626878,0.3553131855672915,0.9998429551679517,0.7193352093893717,0.10800031043191048,0.9998479593710528,FALSE,FALSE,n.s.
Q8K1E0,Stx5,1.073489479423909,0.09782261024438746,0.9998429551679517,0.7626381419926794,0.36726291814972806,0.9998479593710528,FALSE,FALSE,n.s.
Q5SUH6,Clint1,-0.46043311863972,0.3246275641982087,0.9998429551679517,-0.6165861609457901,0.1408271718972855,0.9998479593710528,FALSE,FALSE,n.s.
P49312,Hnrnpa1,0.8194803367858349,0.275659781764907,0.9998429551679517,0.8555119238254206,0.19089295546982601,0.9998479593710528,FALSE,FALSE,n.s.
Q8CHG3,Gcc2,-0.44569419776382907,0.05384592569874206,0.9998429551679517,-0.1492916822347303,0.41375239741368175,0.9998479593710528,FALSE,FALSE,n.s.
Q8BGS2,Bola2,0.8841274774222826,0.29190987326555895,0.9998429551679517,1.7039692003518327,0.1769592697736631,0.9998479593710528,FALSE,FALSE,n.s.
Q9Z1R2,Bag6,-0.6787211638766648,0.3154356699715431,0.9998429551679517,0.736009089471823,0.15362703010822232,0.9998479593710528,FALSE,FALSE,n.s.
D3Z3B8,Dlg1,0.3861308367858852,0.4558828494986309,0.9998429551679517,-1.3937861324185257,0.014769766276432337,0.9998479593710528,TRUE,FALSE,Region-specific
Q922D8,Mthfd1,0.41704535552682526,0.3244000259786952,0.9998429551679517,0.5830080110823493,0.14663656206220202,0.9998479593710528,FALSE,FALSE,n.s.
Q9CZN8,Qrsl1,-0.3700614622456334,0.28921680954606865,0.9998429551679517,-0.42698867242543836,0.18294267220694,0.9998479593710528,FALSE,FALSE,n.s.
P43406,Itgav,0.3186921945500764,0.3220576597289724,0.9998429551679517,0.5893461517164663,0.1521878740560874,0.9998479593710528,FALSE,FALSE,n.s.
Q3UYH7,Grk3,0.44242111360960323,0.4529584161971737,0.9998429551679517,-0.7365146826392154,0.021972798838228856,0.9998479593710528,TRUE,FALSE,Region-specific
Q9D2R6,Coa3,-0.9649183121524835,0.26224196198700106,0.9998429551679517,-0.8526740917961384,0.21275962895127692,0.9998479593710528,FALSE,FALSE,n.s.
P97390,Vps45,-0.5626228446365666,0.20197035654602397,0.9998429551679517,0.5811516303244333,0.2731794023395062,0.9998479593710528,FALSE,FALSE,n.s.
Q9R1J0,Nsdhl,0.8325280106694022,0.2987722741911263,0.9998429551679517,0.8491157790797729,0.17696861758040963,0.9998479593710528,FALSE,FALSE,n.s.
Q61335,Bcap31,-1.0732017363285677,0.02659893236484896,0.9998429551679517,0.46426832212503594,0.4494359152996612,0.9998479593710528,TRUE,FALSE,Region-specific
Q9D8E6,Rpl4,0.62710210194911,0.35571597929183474,0.9998429551679517,0.8695552483393543,0.12277369573483371,0.9998479593710528,FALSE,FALSE,n.s.
Q8BKX6,Smg1,0.28976578919264756,0.31069539196925416,0.9998429551679517,-0.49906495113529836,0.17029337536324007,0.9998479593710528,FALSE,FALSE,n.s.
P42125,Eci1,-1.2423123908056946,0.17296247370758383,0.9998429551679517,-0.9637582456679858,0.30825455630643633,0.9998479593710528,FALSE,FALSE,n.s.
Q14B01,Rnf113a2,-0.44930534083513407,0.35031030372669764,0.9998429551679517,-0.613434199273798,0.1315170285631885,0.9998479593710528,FALSE,FALSE,n.s.
Q80U04,Pja2,-0.6479125109073688,0.32689378439174754,0.9998429551679517,0.7029417597911332,0.15574434837913786,0.9998479593710528,FALSE,FALSE,n.s.
P15116,Cdh2,-0.8124442977486626,0.2961322106674573,0.9998429551679517,1.0799172691148735,0.1865332578473708,0.9998479593710528,FALSE,FALSE,n.s.
Q61598,Gdi2,0.6181956368023971,0.26962728492111293,0.9998429551679517,0.7034469169337676,0.21344071031036607,0.9998479593710528,FALSE,FALSE,n.s.
Q8BRK8,Prkaa2,-0.8185784828196901,0.28714375933870595,0.9998429551679517,1.4926624958055565,0.19629858167415348,0.9998479593710528,FALSE,FALSE,n.s.
Q8K2K6,Agfg1,0.6752254107196848,0.33563010865899157,0.9998429551679517,0.9917918482578406,0.1487452563264385,0.9998479593710528,FALSE,FALSE,n.s.
Q69ZH9,Arhgap23,-0.4422228858640533,0.19741142646946805,0.9998429551679517,0.32158576299303693,0.28823697315044583,0.9998479593710528,FALSE,FALSE,n.s.
Q8CJF7,Ahctf1,-0.5914812090251332,0.25074508798575645,0.9998429551679517,-0.3065877563148059,0.23529188005599855,0.9998479593710528,FALSE,FALSE,n.s.
Q8C6B2,Rtkn,1.0146333386022581,0.335572889716739,0.9998429551679517,1.1551171263645912,0.15192279867433556,0.9998479593710528,FALSE,FALSE,n.s.
Q9D4F8,Tubgcp4,-0.9698512816334429,0.1311187093924001,0.9998429551679517,0.5090518061945208,0.35650695674947785,0.9998479593710528,FALSE,FALSE,n.s.
Q9CQ65,Mtap,-2.2662807467629964,0.01387136437112101,0.9998429551679517,0.6758673628623806,0.474160048374181,0.9998479593710528,TRUE,FALSE,Region-specific
Q8R554,Otud7a,-0.32816486688259566,0.3395696546624727,0.9998429551679517,0.6986786470230194,0.149069389246203,0.9998479593710528,FALSE,FALSE,n.s.
O88587,Comt,0.8107392779098365,0.18677361407265924,0.9998429551679517,0.5669994967172419,0.3021740991676458,0.9998479593710528,FALSE,FALSE,n.s.
Q8CCP0,Nemf,0.2889920570352856,0.36886182917941823,0.9998429551679517,0.5329860631166065,0.12099813871687992,0.9998479593710528,FALSE,FALSE,n.s.
P62315,Snrpd1,1.8075542033559673,0.30438572024909416,0.9998429551679517,2.1577026147404688,0.18687588857161194,0.9998479593710528,FALSE,FALSE,n.s.
Q923L3,Csmd1,-0.25188604485668337,0.3817633618909515,0.9998429551679517,0.8622769023130923,0.11195683805319953,0.9998479593710528,FALSE,FALSE,n.s.
Q9DBR1,Xrn2,-0.4923001646682485,0.23490994445879454,0.9998429551679517,-0.40834351535236674,0.2609881387393971,0.9998479593710528,FALSE,FALSE,n.s.
Q9D828,Tfg,1.158858178946173,0.37331358415431054,0.9998429551679517,1.730752171046723,0.12270886468526465,0.9998479593710528,FALSE,FALSE,n.s.
Q3U0P5,Entpd6,0.9244595547550155,0.12479580247445543,0.9998429551679517,0.7596774487182067,0.3717348624519107,0.9998479593710528,FALSE,FALSE,n.s.
Q8K0T7,Unc13c,0.7538494341256637,0.16554800840549866,0.9998429551679517,-0.27004491704379924,0.3323897195673393,0.9998479593710528,FALSE,FALSE,n.s.
O35607,Bmpr2,-0.7362066127891054,0.1963416196647135,0.9998429551679517,0.5634635517634623,0.3020751104434623,0.9998479593710528,FALSE,FALSE,n.s.
Q921I2,Klhdc4,-0.5663547237465935,0.2643600530793517,0.9998429551679517,0.5511279616454497,0.23422286759103977,0.9998479593710528,FALSE,FALSE,n.s.
Q8BMS1,Hadha,0.4984246567674294,0.2890434109561259,0.9998429551679517,0.7223910327878499,0.20956248943415107,0.9998479593710528,FALSE,FALSE,n.s.
P52293,Kpna2,0.6893907349510224,0.3648403753218854,0.9998429551679517,-1.0449656103355054,0.13410534952048636,0.9998479593710528,FALSE,FALSE,n.s.
Q8BKP1,Tpd52l2,-1.1546100405874793,0.20844724633386816,0.9998429551679517,1.1047747369867393,0.2907085640734481,0.9998479593710528,FALSE,FALSE,n.s.
Q6PAV2,Herc4,0.28980099968072853,0.4774348323046731,0.9998429551679517,-0.6738105169185925,0.022007634552832705,0.9998479593710528,TRUE,FALSE,Region-specific
Q61490,Alcam,-0.7358821486459078,0.1277271131530368,0.9998429551679517,-1.041465135009506,0.3730516267728311,0.9998479593710528,FALSE,FALSE,n.s.
E9QN14,Srgap3,0.62119786495928,0.1342649912831227,0.9998429551679517,0.40194856742803015,0.36686528898498727,0.9998479593710528,FALSE,FALSE,n.s.
O89053,Coro1a,-1.616260785975675,0.06397240222321236,0.9998429551679517,0.6421640634525178,0.4377651692624046,0.9998479593710528,FALSE,FALSE,n.s.
A0A0R4J030,Amer2,-0.4974745252049101,0.2135891892977891,0.9998429551679517,0.5913099843635921,0.28845270919756516,0.9998479593710528,FALSE,FALSE,n.s.
Q9DAW9,Cnn3,0.6097787330269178,0.3676422634465373,0.9998429551679517,1.1008885016577077,0.13496185345627618,0.9998479593710528,FALSE,FALSE,n.s.
Q80ZK9,Wdtc1,-0.3912416706503292,0.28462018392578164,0.9998429551679517,-0.3092767813895337,0.21939421122672392,0.9998479593710528,FALSE,FALSE,n.s.
Q9WVS7,Map2k5,-0.7870303223615962,0.24045318786602898,0.9998429551679517,-0.6517470636946067,0.26483031959506137,0.9998479593710528,FALSE,FALSE,n.s.
Q9D903,Ebna1bp2,-0.5886806624653752,0.3909431037330045,0.9998429551679517,-1.0773650975301483,0.11559808343617195,0.9998479593710528,FALSE,FALSE,n.s.
Q9WUB0,Rbck1,-0.7390572337996785,0.1492626910638335,0.9998429551679517,-0.6638857720092994,0.357416630746298,0.9998479593710528,FALSE,FALSE,n.s.
Q3UHU5,Mtcl1,-0.4025483865541998,0.22688066169487345,0.9998429551679517,-0.44172308794912807,0.2808257934210746,0.9998479593710528,FALSE,FALSE,n.s.
P60122,Ruvbl1,0.6403723849241539,0.15193613121053595,0.9998429551679517,0.4512272898462068,0.3558377874951538,0.9998479593710528,FALSE,FALSE,n.s.
Q9Z0E6,Gbp2,-0.5526891765056879,0.28491007317519457,0.9998429551679517,-1.0152630511676124,0.2231904695409496,0.9998479593710528,FALSE,FALSE,n.s.
A0A668KLC6,Map2,0.35908057099470053,0.2479002295342117,0.9998429551679517,0.3216637245479081,0.26092294534554306,0.9998479593710528,FALSE,FALSE,n.s.
Q9JLN9,Mtor,0.23716333030459746,0.3363553995370927,0.9998429551679517,0.3488421405324538,0.17260452924287162,0.9998479593710528,FALSE,FALSE,n.s.
Q91XD6,Vps36,-0.4090059388791338,0.3076443944742208,0.9998429551679517,-0.627323168476113,0.20252768206044328,0.9998479593710528,FALSE,FALSE,n.s.
Q9JLV2,Trpc4ap,0.6614855915082742,0.4009301000796293,0.9998429551679517,0.8480109964094668,0.1106825312917765,0.9998479593710528,FALSE,FALSE,n.s.
Q569Z5,Ddx46,-0.6055500370721101,0.08124240501971823,0.9998429551679517,-0.23412576838735058,0.43042497583457573,0.9998479593710528,FALSE,FALSE,n.s.
Q3UUQ7,Pgap1,0.483001791672824,0.2574078845857662,0.9998429551679517,0.45677813623623864,0.2551455807043686,0.9998479593710528,FALSE,FALSE,n.s.
P23780,Glb1,0.9099366541182153,0.22230230212284635,0.9998429551679517,0.7961930286062809,0.29146220142110907,0.9998479593710528,FALSE,FALSE,n.s.
Q9ERG0,Lima1,-0.5116712739787574,0.34014755960174303,0.9998429551679517,-0.5903619083495742,0.17364485280695377,0.9998479593710528,FALSE,FALSE,n.s.
Q8K215,Lyrm4,1.3421342446848352,0.15208832365046554,0.9998429551679517,0.9439542140472155,0.3632852345791077,0.9998479593710528,FALSE,FALSE,n.s.
Q61466,Smarcd1,-0.8644804144985768,0.1371312774811495,0.9998429551679517,0.42397840045676544,0.37875830935981813,0.9998479593710528,FALSE,FALSE,n.s.
Q8K448,Abca5,0.44657919681113784,0.27300935097492585,0.9998429551679517,0.450009393928201,0.24494239239094742,0.9998479593710528,FALSE,FALSE,n.s.
Q9JK38,Gnpnat1,-1.7116986844987667,0.12840270157621794,0.9998429551679517,0.6852387278816645,0.3903969876884549,0.9998479593710528,FALSE,FALSE,n.s.
E9QB02,Mars1,-0.4479873746372607,0.25237019004159567,0.9998429551679517,-0.44795097216448887,0.2667546525983873,0.9998479593710528,FALSE,FALSE,n.s.
Q91ZZ3,Sncb,1.4556242417028278,0.4436123391644651,0.9998429551679517,2.3230092706963568,0.07567124199640037,0.9998479593710528,FALSE,FALSE,n.s.
Q6P1F6,Ppp2r2a,0.5758386467741866,0.3779932728881703,0.9998429551679517,0.854737248186659,0.1417479822502857,0.9998479593710528,FALSE,FALSE,n.s.
Q8K596,Slc8a2,0.4170206644459467,0.43221970665466536,0.9998429551679517,0.6696131301104956,0.08762442932957111,0.9998479593710528,FALSE,FALSE,n.s.
Q8R5J9,Arl6ip5,1.5943638238743203,0.20125641470084318,0.9998429551679517,1.4269528338383117,0.31868833580785055,0.9998479593710528,FALSE,FALSE,n.s.
Q9EPC1,Parva,-0.5626130280590315,0.3615621137234726,0.9998429551679517,-0.747809431271589,0.15926501778780286,0.9998479593710528,FALSE,FALSE,n.s.
Q6ZQ58,Larp1,0.3291112543723783,0.3851809015093616,0.9998429551679517,0.5111818385872892,0.1366262691608521,0.9998479593710528,FALSE,FALSE,n.s.
Q920Q6,Msi2,1.0449808641279617,0.09077761992858038,0.9998429551679517,0.4961451761459284,0.43111437348797377,0.9998479593710528,FALSE,FALSE,n.s.
Q8K0X8,Fez1,0.669671527796272,0.29995180924932985,0.9998429551679517,0.7691986789405497,0.22671658769328482,0.9998479593710528,FALSE,FALSE,n.s.
Q80T41,Gabbr2,0.616393444925811,0.22172428816163178,0.9998429551679517,-0.41879534149710795,0.30542536634114226,0.9998479593710528,FALSE,FALSE,n.s.
F8WIZ7,Osbpl6,-0.617194671774192,0.06482054821065798,0.9998429551679517,-0.2767124512201533,0.4631519278559988,0.9998479593710528,FALSE,FALSE,n.s.
Q8VD72,Ttc8,0.551128782277017,0.11756269078179808,0.9998429551679517,0.6818243059712629,0.41104825668393924,0.9998479593710528,FALSE,FALSE,n.s.
Q3B7Z2,Osbp,0.6142993981706854,0.0871589126814065,0.9998429551679517,0.31855382440505414,0.4415545125594549,0.9998479593710528,FALSE,FALSE,n.s.
Q6PHN9,Rab35,0.6268892433524449,0.44030070484569506,0.9998429551679517,1.2746598667806843,0.08915666278753005,0.9998479593710528,FALSE,FALSE,n.s.
Q8VE09,Ttc39c,-0.8478735181595687,0.10833645005976811,0.9998429551679517,-0.43552945792820247,0.42176497326965456,0.9998479593710528,FALSE,FALSE,n.s.
P97371,Psme1,0.4477558712016342,0.3892659448104486,0.9998429551679517,0.7318054755059933,0.141124015467402,0.9998479593710528,FALSE,FALSE,n.s.
Q8CI94,Pygb,0.31990692339155247,0.4488216520030224,0.9998429551679517,0.8674816522539593,0.08370893543354319,0.9998479593710528,FALSE,FALSE,n.s.
Q8CJG1,Ago1,-0.3934077570532457,0.4199442121380381,0.9998429551679517,-0.5106636561421644,0.1146694466834672,0.9998479593710528,FALSE,FALSE,n.s.
D3Z3Y1,Pigg,0.7001717881714701,0.09840333751370652,0.9998429551679517,-0.5744364149107973,0.43687524608434025,0.9998479593710528,FALSE,FALSE,n.s.
Q8BWM0,Ptges2,0.8409150512332595,0.09355881150999551,0.9998429551679517,0.4972550475768023,0.4432733790507666,0.9998479593710528,FALSE,FALSE,n.s.
O70250,Pgam2,-0.8393672598317318,0.3625025718964531,0.9998429551679517,-0.9085168867745048,0.1745481681637123,0.9998479593710528,FALSE,FALSE,n.s.
Q9DAX9,Appbp2,-0.35327113926633624,0.25023707334016004,0.9998429551679517,0.4272016408565327,0.28835593281431837,0.9998479593710528,FALSE,FALSE,n.s.
P47915,Rpl29,-1.670480255297964,0.18082850247646448,0.9998429551679517,-1.003854457468221,0.3585489423572741,0.9998479593710528,FALSE,FALSE,n.s.
Q9D662,Sec23b,-0.25262647805499794,0.45330018647670844,0.9998429551679517,-0.7199107536237995,0.08810464935834572,0.9998479593710528,FALSE,FALSE,n.s.
Q99LH9,Sh3bp5l,-0.8045789667112341,0.12524609154601316,0.9998429551679517,-0.3482094892731158,0.42057058009413983,0.9998479593710528,FALSE,FALSE,n.s.
A2ATK9,Fam171a1,-0.5884272470574977,0.038380974813527084,0.9998429551679517,0.22330032926758434,0.508600751948223,0.9998479593710528,TRUE,FALSE,Region-specific
Q9EP82,Wdr4,-0.7850381844826393,0.24623658227470047,0.9998429551679517,-0.6637227784185358,0.30088675876471394,0.9998479593710528,FALSE,FALSE,n.s.
Q9WTK7,Stk11,0.6406155647826434,0.37971928634806984,0.9998429551679517,0.8824133655241343,0.16762966977380775,0.9998479593710528,FALSE,FALSE,n.s.
P62915,Gtf2b,1.1598255861619329,0.11461256924204985,0.9998429551679517,0.7249788256338664,0.43334667697913215,0.9998479593710528,FALSE,FALSE,n.s.
Q8VDN2,Atp1a1,-0.5920446226153732,0.32998160198525084,0.9998429551679517,-0.794859322215647,0.2188396262909138,0.9998479593710528,FALSE,FALSE,n.s.
P03995,Gfap,0.6893572899877147,0.43285630127955255,0.9998429551679517,1.5247345255146498,0.11667270909625317,0.9998479593710528,FALSE,FALSE,n.s.
Q8BHF7,Pgs1,-1.8693201284778667,0.0628140973092692,0.9998429551679517,-0.7234963849455094,0.4867621756202393,0.9998479593710528,FALSE,FALSE,n.s.
Q9ERR7,Selenof,-0.48723037169261485,0.4030942516768533,0.9998429551679517,0.5149721717041648,0.14701256870404988,0.9998479593710528,FALSE,FALSE,n.s.
Q6P8I4,Pcnp,-1.1046479934880487,0.1388909880102243,0.9998429551679517,-0.666804110648446,0.41187476972289727,0.9998479593710528,FALSE,FALSE,n.s.
A0A0G2JGS4,Camk2d,0.6047015052054804,0.4336494759628451,0.9998429551679517,1.2634576985362245,0.11829253476196314,0.9998479593710528,FALSE,FALSE,n.s.
P59764,Dock4,-0.27123753148885105,0.28622220264686765,0.9998429551679517,-0.28485228805391294,0.26588598526454865,0.9998479593710528,FALSE,FALSE,n.s.
P84309,Adcy5,-0.2919251927366239,0.41248341499775365,0.9998429551679517,-0.5638785761452124,0.1397633856300432,0.9998479593710528,FALSE,FALSE,n.s.
Q9D1Q6,Erp44,-0.514071681339561,0.4153966189345335,0.9998429551679517,0.8915221288935982,0.13691919615871917,0.9998479593710528,FALSE,FALSE,n.s.
Q63912,Omg,-1.195341133050509,0.25987167735717404,0.9998429551679517,-0.9841157995433234,0.29379059700217325,0.9998479593710528,FALSE,FALSE,n.s.
O54984,Get3,1.2088070746891497,0.1749224825582504,0.9998429551679517,0.7595570979418876,0.3788208435736268,0.9998479593710528,FALSE,FALSE,n.s.
P62874,Gnb1,-0.5383142996866094,0.3566167494116753,0.9998429551679517,-1.363862373389698,0.19768455521218808,0.9998479593710528,FALSE,FALSE,n.s.
Q61609,Slc20a1,-0.7176963929945354,0.11027305801212448,0.9998429551679517,0.34385855345624144,0.44470403532138214,0.9998479593710528,FALSE,FALSE,n.s.
Q80T23,Sytl5,0.536091912240035,0.4061086910170409,0.9998429551679517,-1.4246096524066767,0.1488897945102367,0.9998479593710528,FALSE,FALSE,n.s.
Q8BH61,F13a1,0.554215050039573,0.08126231436368936,0.9998429551679517,0.3264719881907891,0.4737622435909348,0.9998479593710528,FALSE,FALSE,n.s.
Q9JMD3,Stard10,-0.6473055771234429,0.22277556759567768,0.9998429551679517,0.6564038872209021,0.3323165803646966,0.9998479593710528,FALSE,FALSE,n.s.
O89079,Cope,0.8602711458054386,0.18797323670435212,0.9998429551679517,0.7174207712413365,0.36735432053823586,0.9998479593710528,FALSE,FALSE,n.s.
Q9DBS2,Tprg1l,1.256979708043762,0.337139187124924,0.9998429551679517,1.442380662689105,0.21855449404488633,0.9998479593710528,FALSE,FALSE,n.s.
Q04519,Smpd1,-0.804713978286049,0.18331771151677484,0.9998429551679517,0.7053553321474779,0.3727186033459029,0.9998479593710528,FALSE,FALSE,n.s.
Q8R5K4,Nol6,1.0080808069403446,0.15150531431005618,0.9998429551679517,0.731036998016354,0.40474672911658555,0.9998479593710528,FALSE,FALSE,n.s.
Q91WK1,Spryd4,0.7249187277074882,0.24369275307571397,0.9998429551679517,0.9721140383984649,0.31283443132031197,0.9998479593710528,FALSE,FALSE,n.s.
A0A0N4SV80,Zfp638,-0.26997939160053325,0.31467394262068166,0.9998429551679517,-0.3161784114852092,0.242346464405691,0.9998479593710528,FALSE,FALSE,n.s.
Q60648,Gm2a,0.7137354756724634,0.2735122146227443,0.9998429551679517,0.8911890431825263,0.2844317272974201,0.9998479593710528,FALSE,FALSE,n.s.
P41233,Abca1,0.47015641458025625,0.21799766063019071,0.9998429551679517,-0.5522753608692634,0.340218952219592,0.9998479593710528,FALSE,FALSE,n.s.
Q8C4Q6,Aida,-1.3383401276224376,0.16054675832660184,0.9998429551679517,-0.7703001317319393,0.39790891648396465,0.9998479593710528,FALSE,FALSE,n.s.
Q80XK6,Atg2b,-0.3781748310270853,0.24090374513354684,0.9998429551679517,-0.2834441576922308,0.3183725546623973,0.9998479593710528,FALSE,FALSE,n.s.
P60469,Ppfia3,-0.3880606592119945,0.371597112007783,0.9998429551679517,0.5267283409511555,0.18772617007558268,0.9998479593710528,FALSE,FALSE,n.s.
Q99KF1,Tmed9,0.8201922000012333,0.05673301285338741,0.9998429551679517,0.4323032108133755,0.5026894628603893,0.9998479593710528,FALSE,FALSE,n.s.
Q6NZF1,Zc3h11a,0.4804549129300776,0.3747214676288726,0.9998429551679517,-0.6877098111821677,0.1857583829558737,0.9998479593710528,FALSE,FALSE,n.s.
Q9QYB5,Add3,-0.3122111763029428,0.4563176835079298,0.9998429551679517,-1.0145963834336267,0.1064662865318345,0.9998479593710528,FALSE,FALSE,n.s.
Q69Z26,Cntn4,-0.4222668064122481,0.4680550863536752,0.9998429551679517,-0.8320578297138002,0.09485468668481986,0.9998479593710528,FALSE,FALSE,n.s.
Q4VGL6,Rc3h1,-0.890759447468096,0.2200658673466793,0.9998429551679517,-0.3702900478076767,0.3435261779146822,0.9998479593710528,FALSE,FALSE,n.s.
Q63844,Mapk3,-1.6553080108621825,0.09597894781519922,0.9998429551679517,-0.8294930630922477,0.4696839742857166,0.9998479593710528,FALSE,FALSE,n.s.
Q9DBG6,Rpn2,1.0207799940533895,0.25248683468653743,0.9998429551679517,0.8463224073571515,0.31355944426166826,0.9998479593710528,FALSE,FALSE,n.s.
Q60597,Ogdh,0.25954223220884504,0.5024749789342868,0.9998429551679517,0.746236952494406,0.06369904168898903,0.9998479593710528,FALSE,FALSE,n.s.
A0A0R4J049,Prmt5,-0.5589082977758655,0.21749699315850668,0.9998429551679517,-0.4048390208812001,0.3492974523202955,0.9998479593710528,FALSE,FALSE,n.s.
Q3UHQ6,Dop1b,-0.6605423485130043,0.18754169458013448,0.9998429551679517,-0.6413696925051995,0.37944745155229087,0.9998479593710528,FALSE,FALSE,n.s.
Q9R0Y5,Ak1,0.6832201635869616,0.42312100150180565,0.9998429551679517,1.254240936876337,0.14431579344406012,0.9998479593710528,FALSE,FALSE,n.s.
Q8BKC8,Pi4kb,-0.3079912504822381,0.4217489564105583,0.9998429551679517,-0.6850503755414163,0.1459929840489182,0.9998479593710528,FALSE,FALSE,n.s.
Q0P5W1,Vps8,-0.31901389019134024,0.32251427599974913,0.9998429551679517,0.3954294220750446,0.24611098679062673,0.9998479593710528,FALSE,FALSE,n.s.
Q9CQF3,Nudt21,0.6091986735726184,0.3733382677401841,0.9998429551679517,0.7204802930103051,0.19604907934620067,0.9998479593710528,FALSE,FALSE,n.s.
Q80ZS3,Mrps26,-0.5588397337152522,0.4012496686240159,0.9998429551679517,-0.3701277873292104,0.16836117959277114,0.9998479593710528,FALSE,FALSE,n.s.
Q9Z1F9,Uba2,0.7487758771145812,0.20040249303003976,0.9998429551679517,0.5280538214140202,0.3708636462978896,0.9998479593710528,FALSE,FALSE,n.s.
E9Q394,Akap13,0.46623188438289764,0.4223805912208262,0.9998429551679517,0.7264145328248092,0.15105922831996935,0.9998479593710528,FALSE,FALSE,n.s.
Q69ZX8,Ablim3,0.5124178075424344,0.32186196161728153,0.9998429551679517,-0.42379733848693835,0.2521331000882795,0.9998479593710528,FALSE,FALSE,n.s.
Q8BYB9,Poglut1,-1.1602192200739447,0.2338159148862299,0.9998429551679517,0.885160152654009,0.3409733708881801,0.9998479593710528,FALSE,FALSE,n.s.
P28665,Mug1,0.3636366012918459,0.4271570761782968,0.9998429551679517,0.8238815473231944,0.14793728711992943,0.9998479593710528,FALSE,FALSE,n.s.
P80317,Cct6a,0.4172399937357788,0.5759742738047295,0.9998429551679517,-2.6826340327762526,5.327429291130873e-4,0.3230789896776923,TRUE,FALSE,Region-specific
H3BKQ3,Evi5l,0.28696609358758485,0.48880771050550764,0.9998429551679517,0.5430105673556929,0.08795255439350026,0.9998479593710528,FALSE,FALSE,n.s.
Q5U4C1,Gprasp1,-0.5540426419216685,0.2709862956133642,0.9998429551679517,0.3896364738197364,0.30586677914333493,0.9998479593710528,FALSE,FALSE,n.s.
A0A0R4J083,Acadl,-0.8060247088651801,0.20269967637286068,0.9998429551679517,0.6930800135734513,0.3745980245284758,0.9998479593710528,FALSE,FALSE,n.s.
B2RUR8,Otud7b,1.1009985039714232,0.13958112357117194,0.9998429551679517,0.3501634444237034,0.4378100618784242,0.9998479593710528,FALSE,FALSE,n.s.
Q91ZP9,Necab2,-0.45459011309085956,0.4215115121538169,0.9998429551679517,0.6693134314433719,0.15600453428834193,0.9998479593710528,FALSE,FALSE,n.s.
Q9DCZ4,Apoo,-1.4777513539673142,0.23456602374680469,0.9998429551679517,-1.426891725670413,0.3430103966135827,0.9998479593710528,FALSE,FALSE,n.s.
Q3V1L4,Nt5c2,0.7290745343387892,0.18282632966207363,0.9998429551679517,0.5793763047854108,0.3951154719944485,0.9998479593710528,FALSE,FALSE,n.s.
Q9D8S3,Arfgap3,0.6336426109063378,0.26755181223769653,0.9998429551679517,0.5745448982338167,0.31070802429212957,0.9998479593710528,FALSE,FALSE,n.s.
E9Q8Q6,Ccdc141,-0.3005700414250419,0.45012729673000385,0.9998429551679517,-0.397490137219848,0.12837987984349772,0.9998479593710528,FALSE,FALSE,n.s.
Q8K2C9,Hacd3,1.0250102813534672,0.3478862931074186,0.9998429551679517,1.0456625695850004,0.2312595794787325,0.9998479593710528,FALSE,FALSE,n.s.
E9PUQ8,Dgkd,0.5518137722301404,0.13025136823004901,0.9998429551679517,0.3253684280086607,0.4493327931510077,0.9998479593710528,FALSE,FALSE,n.s.
Q8BPN8,Dmxl2,0.18769076386581493,0.45763637687353464,0.9998429551679517,0.3847739921147848,0.1220702171182539,0.9998479593710528,FALSE,FALSE,n.s.
Q7TQF7,Amph,-2.4558769713025383,0.04249448619835776,0.9998429551679517,0.314960212332394,0.5375948379615155,0.9998479593710528,TRUE,FALSE,Region-specific
Q8VDH1,Fbxo21,1.0593402973663784,0.16161411980555243,0.9998429551679517,0.5484228142686468,0.42033658749694747,0.9998479593710528,FALSE,FALSE,n.s.
Q8BH55,Thnsl1,0.3410223570648879,0.42846112591555197,0.9998429551679517,0.6862601132535043,0.1548750396555689,0.9998479593710528,FALSE,FALSE,n.s.
Q91XU0,Wrnip1,0.7146285579475302,0.3155110817664052,0.9998429551679517,0.584576549392818,0.2681347345504782,0.9998479593710528,FALSE,FALSE,n.s.
B2RUS7,Abcc8,0.26132506898461094,0.41519665758893154,0.9998429551679517,-0.5716811701600738,0.1692543562155672,0.9998479593710528,FALSE,FALSE,n.s.
Q8C190,Vps9d1,-0.6920124504777546,0.35450079193275086,0.9998429551679517,-0.5012275528306254,0.2305140592852829,0.9998479593710528,FALSE,FALSE,n.s.
Q9CXE7,Tmed5,0.8881649932997033,0.30812466620818063,0.9998429551679517,1.4817960603424076,0.27714297052949366,0.9998479593710528,FALSE,FALSE,n.s.
Q8K4F5,Abhd11,1.100244148918091,0.12162134115076961,0.9998429551679517,-0.5503635004436827,0.46474907882202965,0.9998479593710528,FALSE,FALSE,n.s.
Q9CRA7,Dmac2l,1.2694016692805798,0.31080693021731626,0.9998429551679517,1.2225192062382029,0.2764256400835384,0.9998479593710528,FALSE,FALSE,n.s.
E9PZM4,Chd2,-0.44106411777110305,0.41400884904855195,0.9998429551679517,-0.7356780217854503,0.1733163481034132,0.9998479593710528,FALSE,FALSE,n.s.
Q64343,Abcg1,-0.6468282787824863,0.37640298142777406,0.9998429551679517,1.1311754332176487,0.2109849482827248,0.9998479593710528,FALSE,FALSE,n.s.
Q8BH64,Ehd2,0.9518727512243672,0.15043712475683543,0.9998429551679517,0.41389050187278886,0.43761791278211815,0.9998479593710528,FALSE,FALSE,n.s.
P28660,Nckap1,-0.30534384848001106,0.44032406817776015,0.9998429551679517,0.562508477667201,0.14778916000939768,0.9998479593710528,FALSE,FALSE,n.s.
Q80WG5,Lrrc8a,0.46862302764496616,0.2324171839346233,0.9998429551679517,0.4529100531020846,0.3564645887831708,0.9998479593710528,FALSE,FALSE,n.s.
Q80TQ2,Cyld,0.541418664253742,0.19246456247743438,0.9998429551679517,-0.39378065144850277,0.3967277860816645,0.9998479593710528,FALSE,FALSE,n.s.
Q1HFZ0,Nsun2,-0.4113192688056028,0.41001947465314514,0.9998429551679517,-0.5143790308626172,0.17928604335268122,0.9998479593710528,FALSE,FALSE,n.s.
Q920A5,Scpep1,0.5068051669826179,0.412607426245711,0.9998429551679517,0.7903848486236357,0.1767885462108134,0.9998479593710528,FALSE,FALSE,n.s.
Q922U1,Prpf3,-0.36572467251889557,0.225977238566718,0.9998429551679517,-0.3545943055601966,0.3648427462859847,0.9998479593710528,FALSE,FALSE,n.s.
Q64518,Atp2a3,-1.2288687136738652,0.08946362464856217,0.9998429551679517,-0.4250216199164975,0.5023026405101167,0.9998479593710528,FALSE,FALSE,n.s.
Q8BYK6,Ythdf3,-0.7472790657164112,0.14007765852938772,0.9998429551679517,0.3232982724676927,0.45179338314027007,0.9998479593710528,FALSE,FALSE,n.s.
Q8C0Z1,Fam234a,-0.40092377726265815,0.44023178600524593,0.9998429551679517,0.730579040226779,0.1522151439435994,0.9998479593710528,FALSE,FALSE,n.s.
Q8BUV3,Gphn,-3.1111639592902933,3.461152388244326e-4,0.13528445583738188,0.23782968617951197,0.593004638785339,0.9998479593710528,TRUE,FALSE,Region-specific
Q921E2,Rab31,-0.890849219163275,0.23348147823266763,0.9998429551679517,0.6394749675457916,0.3606502899010644,0.9998479593710528,FALSE,FALSE,n.s.
A0A0J9YUN4,Dnm1,-1.8376355976153715,5.137014572878329e-4,0.16587792583871924,0.37140589625112064,0.5937017153000925,0.9998479593710528,TRUE,FALSE,Region-specific
Q8CGU1,Calcoco1,-0.27602809860212524,0.4710054709733963,0.9998429551679517,-0.8360513764904133,0.12325709378956551,0.9998479593710528,FALSE,FALSE,n.s.
O35711,Ppfibp2,0.7311827273656939,0.014480364847379744,0.9998429551679517,-0.16228556583765472,0.580223011358271,0.9998479593710528,TRUE,FALSE,Region-specific
Q8VCD6,Reep2,-0.835891617940391,0.1414220881083905,0.9998429551679517,0.42223036534531605,0.4532856367297704,0.9998479593710528,FALSE,FALSE,n.s.
Q8BX57,Pxk,0.37695331403381965,0.5036696332285361,0.9998429551679517,0.7563098421469334,0.09220721063434599,0.9998479593710528,FALSE,FALSE,n.s.
Q9CX86,Hnrnpa0,1.2998774063344032,0.2713759852632405,0.9998429551679517,0.8796243089246647,0.3246519813175923,0.9998479593710528,FALSE,FALSE,n.s.
Q8R3P7,Cluap1,-0.4414604358063184,0.31707990292795,0.9998429551679517,0.48442332899657753,0.27961416247269905,0.9998479593710528,FALSE,FALSE,n.s.
Q9D0L4,Adck1,0.5744663340797319,0.4591073352495558,0.9998429551679517,1.0719321136980584,0.1381558348375634,0.9998479593710528,FALSE,FALSE,n.s.
A4FUP9,Glt1d1,-1.004581141759379,0.04322294578636185,0.9998429551679517,0.15073679949210642,0.5541254339855315,0.9998479593710528,TRUE,FALSE,Region-specific
Q9QYX7,Pclo,-0.31375815414602615,0.0817540178090971,0.9998429551679517,0.10303045901600978,0.5156213475041437,0.9998479593710528,FALSE,FALSE,n.s.
Q921Q3,Alg1,-0.44375403763135723,0.41492628968749834,0.9998429551679517,-0.6934429311026504,0.18365286400740202,0.9998479593710528,FALSE,FALSE,n.s.
Q8BQX0,Rab37,0.7623376641375866,0.258650022424705,0.9998429551679517,0.5530681342385075,0.34144634653848877,0.9998479593710528,FALSE,FALSE,n.s.
Q99LR1,Abhd12,0.6286424617133584,0.3436687738352817,0.9998429551679517,0.8167610879858265,0.25647060880712097,0.9998479593710528,FALSE,FALSE,n.s.
Q8BKG3,Ptk7,-0.3470904300359303,0.1484799052192764,0.9998429551679517,-0.2652929170296163,0.4517223144417838,0.9998479593710528,FALSE,FALSE,n.s.
P31786,Dbi,-1.1972324934833878,0.23955992055295822,0.9998429551679517,-0.9004143991349107,0.3615409686755857,0.9998479593710528,FALSE,FALSE,n.s.
Q8R105,Vps37c,-1.4192380405396943,0.08237928662934339,0.9998429551679517,-0.26720369452425724,0.5201420510637458,0.9998479593710528,FALSE,FALSE,n.s.
Q61739,Itga6,-0.5813894361565286,0.0894474882135826,0.9998429551679517,-0.22212371730480523,0.5137233368388523,0.9998479593710528,FALSE,FALSE,n.s.
P49442,Inpp1,0.7703415050069159,0.3322392949588071,0.9998429551679517,0.7127685356348208,0.2712736641309008,0.9998479593710528,FALSE,FALSE,n.s.
Q8VIJ6,Sfpq,1.0054417719995965,0.12681443710964738,0.9998429551679517,0.46657923209230007,0.4771794354447484,0.9998479593710528,FALSE,FALSE,n.s.
Q06138,Cab39,0.4676640092570462,0.5167627618392233,0.9998429551679517,1.140324379934967,0.08723404338438516,0.9998479593710528,FALSE,FALSE,n.s.
Q99N95,Mrpl3,0.5602154406301125,0.2662276883404109,0.9998429551679517,0.526482150394771,0.3383936081998852,0.9998479593710528,FALSE,FALSE,n.s.
Q9JLV5,Cul3,0.4385676713993245,0.25955615547669075,0.9998429551679517,0.3666027272634319,0.3458370277655065,0.9998479593710528,FALSE,FALSE,n.s.
Q9Z2U1,Psma5,0.4841157476193022,0.48997077625816743,0.9998429551679517,1.2362799529464907,0.1172118321195259,0.9998479593710528,FALSE,FALSE,n.s.
Q9Z103,Adnp,-0.21030119527460078,0.5275104785320651,0.9998429551679517,0.8811026550740716,0.08013590487039628,0.9998479593710528,FALSE,FALSE,n.s.
A0A076FSX1,Slc12a5,-1.0339225029334786,0.17299564990663635,0.9998429551679517,-0.5467516598143913,0.43579860127909675,0.9998479593710528,FALSE,FALSE,n.s.
A0A3B2WBE1,Epb41l3,1.0164256894176291,0.2702083459754084,0.9998429551679517,1.089346564376511,0.33894730712451343,0.9998479593710528,FALSE,FALSE,n.s.
Q8BW96,Camk1d,-0.7609859877372487,0.3215257496945233,0.9998429551679517,-0.6694898450117901,0.2880726160348965,0.9998479593710528,FALSE,FALSE,n.s.
Q91VA7,Idh3b,0.660413428969005,0.4610092796387296,0.9998429551679517,1.1357455944919297,0.14890457508576763,0.9998479593710528,FALSE,FALSE,n.s.
O88746,Tom1,-1.5386158918476256,0.06040357850508314,0.9998429551679517,-0.5726738995823301,0.5496100246242395,0.9998479593710528,FALSE,FALSE,n.s.
P58389,Ptpa,-1.8937545190393028,0.041945988517244105,0.9998429551679517,0.5365020652804113,0.5699413020741617,0.9998479593710528,TRUE,FALSE,Region-specific
Q9CPR5,Mrpl15,-0.7408029284527529,0.33381987789806544,0.9998429551679517,-0.8123344756515705,0.2782959303685461,0.9998479593710528,FALSE,FALSE,n.s.
Q6A065,Cep170,0.24205490967105017,0.3724558914270323,0.9998429551679517,0.3329261239972885,0.2407042356376709,0.9998479593710528,FALSE,FALSE,n.s.
Q2M3X8,Phactr1,-0.5692361574245787,0.4090597950840835,0.9998429551679517,0.8248994187859506,0.20422018830598976,0.9998479593710528,FALSE,FALSE,n.s.
Q9D7H3,RtcA,1.4862750453407498,0.16651148650699094,0.9998429551679517,0.7306708748804664,0.4470693947382741,0.9998479593710528,FALSE,FALSE,n.s.
Q8R480,Nup85,-1.2458406546687095,0.20891236894246853,0.9998429551679517,0.626919537482532,0.4051544313178276,0.9998479593710528,FALSE,FALSE,n.s.
Q8K1X4,Nckap1l,-0.7210963871071285,0.059715905435418305,0.9998429551679517,-0.37908554980651665,0.5545773763046761,0.9998479593710528,FALSE,FALSE,n.s.
Q6VNB8,Wdfy3,0.3669927376675345,0.17547307004791401,0.9998429551679517,0.19563610133406778,0.43933238657154783,0.9998479593710528,FALSE,FALSE,n.s.
Q3UHL1,Camkv,-0.4496363863962807,0.560939007226612,0.9998429551679517,0.9598334096515884,0.05422636589298956,0.9998479593710528,FALSE,FALSE,n.s.
Q61035,Hars1,0.32214886857012187,0.5454922171973058,0.9998429551679517,1.2866543900644973,0.0704697278978073,0.9998479593710528,FALSE,FALSE,n.s.
Q91X20,Ash2l,-0.2816392210484836,0.5215081676744564,0.9998429551679517,0.6425317849026233,0.09470982263165494,0.9998479593710528,FALSE,FALSE,n.s.
B2KF50,Bltp3a,-0.64108556493802,0.12935028694691153,0.9998429551679517,-0.2654996121584954,0.487211575967498,0.9998479593710528,FALSE,FALSE,n.s.
P28663,Napb,0.6589468998529914,0.33674665899326683,0.9998429551679517,0.68672397629334,0.2824655225891437,0.9998479593710528,FALSE,FALSE,n.s.
Q9JMF3,Gng13,-0.47325897906210956,0.5043754056902527,0.9998429551679517,0.4494885091613495,0.11640792735743917,0.9998479593710528,FALSE,FALSE,n.s.
E9Q6H8,Plekha5,-0.34860495081261267,0.27047483345612083,0.9998429551679517,-0.346140114736417,0.3516866593621618,0.9998479593710528,FALSE,FALSE,n.s.
Q91WE2,Psme3ip1,-0.8076431738883657,0.12104948778510076,0.9998429551679517,-0.37602402333514773,0.5017158277168362,0.9998479593710528,FALSE,FALSE,n.s.
Q9JJG9,Noa1,-0.47726787893757366,0.19703004592094495,0.9998429551679517,-0.33752565591053846,0.42636884025339916,0.9998479593710528,FALSE,FALSE,n.s.
Q9R257,Hebp1,0.5807134755096477,0.5124717508229288,0.9998429551679517,1.4167589174905717,0.11104551707349426,0.9998479593710528,FALSE,FALSE,n.s.
Q9D8B4,Ndufa11,1.2247711933870382,0.4368126693428998,0.9998429551679517,2.392357975491857,0.18675801612649617,0.9998479593710528,FALSE,FALSE,n.s.
Q8BZF8,Pgm5,0.37214543209307727,0.36885476402371375,0.9998429551679517,0.7039997651902146,0.2547377516262911,0.9998479593710528,FALSE,FALSE,n.s.
A0A3B2WBL1,Rpl10a,-1.0640279199655567,0.2160747120705598,0.9998429551679517,-0.5680865846090687,0.40801283547051514,0.9998479593710528,FALSE,FALSE,n.s.
A2AH25,Arhgap1,0.42218081752327813,0.50590595622264,0.9998429551679517,0.9284080565219316,0.11828783453989986,0.9998479593710528,FALSE,FALSE,n.s.
Q7TMF3,Ndufa12,-0.7603384010304999,0.47131452576186306,0.9998429551679517,1.2309092641684631,0.15319620384437352,0.9998479593710528,FALSE,FALSE,n.s.
Q61627,Grid1,0.471788707450073,0.31630425225115305,0.9998429551679517,0.4588922255564889,0.308283005032582,0.9998479593710528,FALSE,FALSE,n.s.
Q9R0X4,Acot9,0.3104985063765799,0.567891556206113,0.9998429551679517,1.3175863230888267,0.05790274781743515,0.9998479593710528,FALSE,FALSE,n.s.
P13439,Umps,-0.4208062798706111,0.46540526753297284,0.9998429551679517,0.695032472895017,0.16048576407948262,0.9998479593710528,FALSE,FALSE,n.s.
Q9JHS3,Lamtor2,-0.7240045520025106,0.4597894935524946,0.9998429551679517,-0.7184241576037369,0.16630830506846542,0.9998479593710528,FALSE,FALSE,n.s.
Q9D023,Mpc2,-1.2650483369729553,0.28810101413514416,0.9998429551679517,1.2158400178703372,0.33845856653970685,0.9998479593710528,FALSE,FALSE,n.s.
Q8K284,Gtf3c1,0.3184299112394453,0.47035828190381335,0.9998429551679517,-0.6145004010713727,0.1568137939231389,0.9998479593710528,FALSE,FALSE,n.s.
D3Z6H8,Amd2,-0.30523415090174677,0.3776612380750158,0.9998429551679517,-0.5174751784425087,0.25024702981406133,0.9998479593710528,FALSE,FALSE,n.s.
Q924M7,Mpi,0.6293725739669218,0.4003481283994117,0.9998429551679517,0.804120543233084,0.22847967403916403,0.9998479593710528,FALSE,FALSE,n.s.
Q9Z1D1,Eif3g,-0.7997794168032023,0.1670889723797914,0.9998429551679517,-0.4453474790150789,0.4617930990669674,0.9998479593710528,FALSE,FALSE,n.s.
F6QB26,Gas7,-0.5516667449900887,0.3602509821270512,0.9998429551679517,-0.5689662120652852,0.26871668392793574,0.9998479593710528,FALSE,FALSE,n.s.
Q8C0T5,Sipa1l1,-0.24459694249743988,0.4322951828667041,0.9998429551679517,0.483898059838219,0.19759294067359695,0.9998479593710528,FALSE,FALSE,n.s.
Q7TSY6,Celf4,0.6873484123699265,0.3387471820510076,0.9998429551679517,0.4431093189639996,0.29137715428920014,0.9998479593710528,FALSE,FALSE,n.s.
Q99LJ7,Rcbtb2,-0.7746771376132046,0.07501521292282094,0.9998429551679517,0.42715044961210985,0.5563538019242973,0.9998479593710528,FALSE,FALSE,n.s.
Q80X98,Dhx38,0.3769668934296425,0.4748276051651025,0.9998429551679517,0.8425471571001123,0.15663803526853262,0.9998479593710528,FALSE,FALSE,n.s.
O08539,Bin1,0.5437033103627787,0.37103207374834446,0.9998429551679517,0.7147358784329993,0.2612592098818064,0.9998479593710528,FALSE,FALSE,n.s.
O55126,Nipsnap2,-0.3245221906479399,0.599082466689597,0.9998429551679517,1.9120848094388552,0.03378834784214164,0.9998479593710528,TRUE,FALSE,Region-specific
Q3UG14,Gnb5,1.1000439888782008,0.32168179915380235,0.9998429551679517,1.2215223294219621,0.312104363440418,0.9998479593710528,FALSE,FALSE,n.s.
Q8K1N1,Pnpla8,-0.6075703993277458,0.06148518755395986,0.9998429551679517,0.17931573130244433,0.5730486713857025,0.9998479593710528,FALSE,FALSE,n.s.
Q9WU79,Prodh,1.0042521141917924,0.17029141693871275,0.9998429551679517,0.4611925894205854,0.46462467715437206,0.9998479593710528,FALSE,FALSE,n.s.
Q3TW96,Uap1l1,-0.7154155216782508,0.26765347772356524,0.9998429551679517,-0.9389843353773205,0.3685411129650708,0.9998479593710528,FALSE,FALSE,n.s.
Q8C0C7,Farsa,-0.36791426486137585,0.5401574566411607,0.9998429551679517,0.9585927041479085,0.09616533667699032,0.9998479593710528,FALSE,FALSE,n.s.
Q9JJ59,Abcb9,-0.6684949069115234,0.18670070379563466,0.9998429551679517,-0.681263297528083,0.4498208884996082,0.9998479593710528,FALSE,FALSE,n.s.
Q8R1U1,Cog4,-0.24462510580273011,0.5421068342285509,0.9998429551679517,-0.6469594648334243,0.0954178950606973,0.9998479593710528,FALSE,FALSE,n.s.
Q8BWZ3,Naa25,0.5796020268514308,0.3122455495888421,0.9998429551679517,0.47948763225226365,0.32660872076117575,0.9998479593710528,FALSE,FALSE,n.s.
Q6P9R4,Arhgef18,-0.24648678678135097,0.5831332473714803,0.9998429551679517,1.4190908753833498,0.056517162237886186,0.9998479593710528,FALSE,FALSE,n.s.
Q8VCM8,Ncln,1.0525147183638532,0.21310666247414792,0.9998429551679517,0.6733933221604917,0.4273211433830467,0.9998479593710528,FALSE,FALSE,n.s.
P60824,Cirbp,1.2109617518110793,0.28364053712533505,0.9998429551679517,1.2197233594292247,0.35713663329078016,0.9998479593710528,FALSE,FALSE,n.s.
Q9CZW4,Acsl3,-0.5376116971042063,0.261366061608644,0.9998429551679517,0.3922671370619281,0.37988141194139036,0.9998479593710528,FALSE,FALSE,n.s.
P28656,Nap1l1,-0.8234098975449039,0.27887949072727847,0.9998429551679517,-0.7825672909173869,0.3631034195300069,0.9998479593710528,FALSE,FALSE,n.s.
P31650,Slc6a11,1.6252077220827357,0.2232746552095583,0.9998429551679517,1.062490377073729,0.4187809927182309,0.9998479593710528,FALSE,FALSE,n.s.
Q8C1B1,Camsap2,-0.1956739252207744,0.4601913505658489,0.9998429551679517,0.3836198287254693,0.18187946058019724,0.9998479593710528,FALSE,FALSE,n.s.
P10605,Ctsb,0.8595032016914872,0.2820842021922254,0.9998429551679517,0.7448410217419563,0.36023649937751956,0.9998479593710528,FALSE,FALSE,n.s.
O54818,Tpd52l1,0.6039195807707638,0.3904698759697838,0.9998429551679517,-0.9772708371436809,0.2518708939091129,0.9998479593710528,FALSE,FALSE,n.s.
Q6ZWQ0,Syne2,-0.23073538553306408,0.5025540739380479,0.9998429551679517,-1.429903296368612,0.14094141629988913,0.9998479593710528,FALSE,FALSE,n.s.
A3KGU9,Sptan1,-1.0645533468028816,0.4839194261333888,0.9998429551679517,0.36884263627112324,0.1605027646025622,0.9998479593710528,FALSE,FALSE,n.s.
Q9DB60,Prxl2b,1.1443164929381333,0.1907009445657572,0.9998429551679517,0.8146881764912665,0.45415142654881246,0.9998479593710528,FALSE,FALSE,n.s.
Q9JKF1,Iqgap1,0.5054660264449266,0.11988389740861598,0.9998429551679517,-0.15880254219158474,0.525287092118019,0.9998479593710528,FALSE,FALSE,n.s.
P50544,Acadvl,0.5190440882926793,0.13027252931214273,0.9998429551679517,0.24792141547828353,0.5150914807408129,0.9998479593710528,FALSE,FALSE,n.s.
Q9CRA9,Fgfr1op2,0.42471363923319694,0.5101293290242885,0.9998429551679517,1.1784630337744522,0.13622566876075926,0.9998479593710528,FALSE,FALSE,n.s.
Q3V1V3,Esf1,-0.95100261714388,0.07651346099749597,0.9998429551679517,0.4196729162112904,0.5699322931328188,0.9998479593710528,FALSE,FALSE,n.s.
Q8BQV2,Chat,-0.4209584090509303,0.3628797874404991,0.9998429551679517,0.48408035789201015,0.2838091283761124,0.9998479593710528,FALSE,FALSE,n.s.
Q8K1N4,Spats2,0.7181739356607686,0.09591375735634342,0.9998429551679517,-0.27993967603270836,0.5516803817135324,0.9998479593710528,FALSE,FALSE,n.s.
Q64010,Crk,0.7102437313651981,0.3316816501400899,0.9998429551679517,0.6952033736781872,0.3161190188507643,0.9998479593710528,FALSE,FALSE,n.s.
Q4QQM5,Miga1,0.6805518962964967,0.34858685740579776,0.9998429551679517,0.6973918711275725,0.2997053459011066,0.9998479593710528,FALSE,FALSE,n.s.
Q6P549,Inppl1,0.5208869274153292,0.16880013667447757,0.9998429551679517,0.3288274971553326,0.4796316635627751,0.9998479593710528,FALSE,FALSE,n.s.
Q99LD8,Ddah2,0.6351090401915058,0.5787863367221384,0.9998429551679517,-1.6583316302155946,0.0702777979050303,0.9998479593710528,FALSE,FALSE,n.s.
Q8BFY9,Tnpo1,0.37164160416702174,0.4218417644749449,0.9998429551679517,0.7391000983718543,0.22729656494653092,0.9998479593710528,FALSE,FALSE,n.s.
Q9Z0W3,Nup160,-0.2547857020089234,0.3998490497817091,0.9998429551679517,-0.3189953306586674,0.24938216326913287,0.9998479593710528,FALSE,FALSE,n.s.
Q8BSI6,R3hcc1,-0.49673060017528575,0.4379098320427435,0.9998429551679517,0.8382815863913329,0.21175944832428026,0.9998479593710528,FALSE,FALSE,n.s.
Q0HA38,Ttc21b,-0.6102528780891611,0.38782496048592124,0.9998429551679517,-0.49225530740235335,0.26246067043830623,0.9998479593710528,FALSE,FALSE,n.s.
Q8CGK3,Lonp1,0.7642298184369292,0.06737957041873821,0.9998429551679517,0.24260023924633853,0.5831821239352984,0.9998479593710528,FALSE,FALSE,n.s.
Q9CSH3,Dis3,-0.21999015564227278,0.5661971652396092,0.9998429551679517,0.8072425692980307,0.08462278152165753,0.9998479593710528,FALSE,FALSE,n.s.
Q9JLC8,Sacs,-0.11053278740712859,0.4738365339263637,0.9998429551679517,0.21158075986169292,0.1789666036970465,0.9998479593710528,FALSE,FALSE,n.s.
Q922Q1,Mtarc2,1.0720618474395287,0.19422619800660812,0.9998429551679517,0.6330417519500791,0.45858843382039804,0.9998479593710528,FALSE,FALSE,n.s.
Q9Z1S8,Gab2,-0.2989830428167847,0.585176067585631,0.9998429551679517,-0.71981210229265,0.06875460711555455,0.9998479593710528,FALSE,FALSE,n.s.
Q9CQ69,Uqcrq,-3.0303130934916904,0.21264466862070078,0.9998429551679517,-2.088780413932366,0.4413962564976573,0.9998479593710528,FALSE,FALSE,n.s.
E9QM38,Slc12a2,0.5086384909227707,0.32587708624385947,0.9998429551679517,0.5396332699182371,0.3281952509204429,0.9998479593710528,FALSE,FALSE,n.s.
Q8BGG7,Ubash3b,-0.8107797105174692,0.19629960838629962,0.9998429551679517,-0.5011849024264642,0.4585730170515181,0.9998479593710528,FALSE,FALSE,n.s.
P83887,Tubg1,-0.3446381635303122,0.3455509290007519,0.9998429551679517,-0.4048377315985403,0.3094317326707705,0.9998479593710528,FALSE,FALSE,n.s.
Q8CFJ9,Wdr24,-0.4448011583870429,0.35935894673191116,0.9998429551679517,-0.4461420743816543,0.29770373552167756,0.9998479593710528,FALSE,FALSE,n.s.
Q9DBF1,Aldh7a1,0.6031046141635468,0.3394451506787177,0.9998429551679517,0.6230131710892036,0.3176988115367648,0.9998479593710528,FALSE,FALSE,n.s.
Q99L27,Gmpr2,-1.1134193416822595,0.1012291155390785,0.9998429551679517,-0.36638548608761806,0.557128179853615,0.9998479593710528,FALSE,FALSE,n.s.
P23927,Cryab,1.2079577148371434,0.3714199844565283,0.9998429551679517,1.4094825716839066,0.2875596047331482,0.9998479593710528,FALSE,FALSE,n.s.
Q9ESX5,Dkc1,-0.5082642654187485,0.4081900718218441,0.9998429551679517,0.8341573931574502,0.25111487453278397,0.9998479593710528,FALSE,FALSE,n.s.
P56380,Nudt2,1.1749374361203417,0.47484425314450046,0.9998429551679517,2.197859035443306,0.18562939439036716,0.9998479593710528,FALSE,FALSE,n.s.
Q9ER72,Cars1,0.2831843114013955,0.49367095629225366,0.9998429551679517,0.5892755170315649,0.16719358165891857,0.9998479593710528,FALSE,FALSE,n.s.
P97825,Jpt1,-0.8584212026967873,0.397719141727143,0.9998429551679517,-0.399748306560432,0.26363569942256626,0.9998479593710528,FALSE,FALSE,n.s.
Q60936,Coq8a,-0.5388358573971676,0.3304645413821471,0.9998429551679517,-0.6152970026821523,0.3315570684092559,0.9998479593710528,FALSE,FALSE,n.s.
Q6IMP4,Panx2,-0.7651303773786945,0.22168224146469334,0.9998429551679517,0.5107739199333768,0.4405148525155971,0.9998479593710528,FALSE,FALSE,n.s.
Q9EST3,Eif4enif1,-0.5089448225489535,0.4053067712001156,0.9998429551679517,-0.6032935677477126,0.2589518618973368,0.9998479593710528,FALSE,FALSE,n.s.
Q3TRR0,Map9,0.4828763367999194,0.1470025225382438,0.9998429551679517,-0.20157210464329536,0.5173279828440136,0.9998479593710528,FALSE,FALSE,n.s.
A0A0A6YWG7,Rapgef2,-0.24569833340547295,0.3995089894937285,0.9998429551679517,0.30094061218329415,0.26495303308148127,0.9998479593710528,FALSE,FALSE,n.s.
E9Q3Y4,Lrba,0.3436849476239732,0.2172047120067506,0.9998429551679517,-0.2826416246659462,0.44741635290089665,0.9998479593710528,FALSE,FALSE,n.s.
B9EJA2,Cttnbp2,-0.3929002100722653,0.34472222746034853,0.9998429551679517,-0.47085396787450795,0.3205239400433628,0.9998479593710528,FALSE,FALSE,n.s.
Q8R104,Sirt3,-1.0949492453607812,0.07571930565222566,0.9998429551679517,-0.5711791831387634,0.5900864103699146,0.9998479593710528,FALSE,FALSE,n.s.
Q61625,Grid2,-1.5275227490642933,0.047850118659648694,0.9998429551679517,0.4890172297527736,0.6182796085878686,0.9998479593710528,TRUE,FALSE,Region-specific
Q811J3,Ireb2,-0.24361405571320693,0.5954899595513353,0.9998429551679517,1.054947422239693,0.07069283508220904,0.9998479593710528,FALSE,FALSE,n.s.
A0A0N4SW73,Rab11fip5,-0.2959430758751493,0.3619722205952033,0.9998429551679517,0.3310980646512873,0.30628769045342913,0.9998479593710528,FALSE,FALSE,n.s.
Q80SY4,Mib1,0.607102136706991,0.19714108624777035,0.9998429551679517,0.28832946685606137,0.47169617710786793,0.9998479593710528,FALSE,FALSE,n.s.
P50096,Impdh1,0.569547541116979,0.2042173402690223,0.9998429551679517,1.5558287805236766,0.46490729998279334,0.9998479593710528,FALSE,FALSE,n.s.
Q9WTK3,Gpaa1,-0.5981351724049683,0.39363957722984516,0.9998429551679517,-0.6238773304974,0.27641952809546116,0.9998479593710528,FALSE,FALSE,n.s.
Q6P9J5,Kank4,0.6411591241137866,0.12370928501824521,0.9998429551679517,0.20058042411988056,0.5465360131679315,0.9998479593710528,FALSE,FALSE,n.s.
G5E870,Trip12,-0.4307781034279715,0.18876956169297548,0.9998429551679517,-0.2882854078982509,0.48153305728673634,0.9998479593710528,FALSE,FALSE,n.s.
Q8R0P4,Aamdc,-1.7989750213218803,0.01786925109482502,0.9998429551679517,0.3946382282204648,0.6543992660296898,0.9998479593710528,TRUE,FALSE,Region-specific
P21550,Eno3,-0.46265910394486565,0.5220531845928769,0.9998429551679517,1.0046311022186278,0.15027131957522735,0.9998479593710528,FALSE,FALSE,n.s.
Q9CQW1,Ykt6,0.8297565034685557,0.3196138347830717,0.9998429551679517,0.611167124931761,0.352865985094168,0.9998479593710528,FALSE,FALSE,n.s.
Q9CR89,Ergic2,1.090771129815624,0.08360723232625139,0.9998429551679517,0.5195964701308747,0.5890595328812724,0.9998479593710528,FALSE,FALSE,n.s.
Q9CWP6,Mospd2,0.36907958162673293,0.48982653834931267,0.9998429551679517,0.5761634154604738,0.18349512499028645,0.9998479593710528,FALSE,FALSE,n.s.
Q924D0,Rtn4ip1,0.7249109866933873,0.22721535126985623,0.9998429551679517,0.3250422993247013,0.44631125261409543,0.9998479593710528,FALSE,FALSE,n.s.
Q8JZX4,Rbm17,-0.7836316282795984,0.03501337839885272,0.9998429551679517,0.16345295796510623,0.6391681863466678,0.9998479593710528,TRUE,FALSE,Region-specific
Q7M753,Pank2,-0.6690323858909328,0.3918513435980715,0.9998429551679517,-0.7957022969888092,0.2825791794846071,0.9998479593710528,FALSE,FALSE,n.s.
Q9Z1P7,Kank3,-0.2215716086398115,0.5029543843878166,0.9998429551679517,-0.42855901734574686,0.17148056798220343,0.9998479593710528,FALSE,FALSE,n.s.
A0A1B0GSX7,Nup98,0.2632174091472237,0.32361587978737305,0.9998429551679517,-0.3288017736804687,0.3514064131825657,0.9998479593710528,FALSE,FALSE,n.s.
Q3U0M1,Trappc9,0.33258496550550004,0.3822515268185035,0.9998429551679517,0.4562864176207458,0.2930145031805612,0.9998479593710528,FALSE,FALSE,n.s.
Q8C0E2,Vps26b,0.9396063696275657,0.2345659117478354,0.9998429551679517,0.645226543106279,0.4408434688177204,0.9998479593710528,FALSE,FALSE,n.s.
A0A0A6YWM5,Rab3gap2,0.3380302066731628,0.3879109344784708,0.9998429551679517,0.37717634230180525,0.28835700777329937,0.9998479593710528,FALSE,FALSE,n.s.
A0A6I8MWZ8,Mtx1,0.7167112925303865,0.27552518469371284,0.9998429551679517,0.6147273210830876,0.40179526812718525,0.9998479593710528,FALSE,FALSE,n.s.
O08989,Mras,0.6596320269421836,0.5402809137857663,0.9998429551679517,1.0693461853106723,0.1373178964260991,0.9998479593710528,FALSE,FALSE,n.s.
A2AJ15,Man1b1,-0.6979450300791676,0.08963026489511082,0.9998429551679517,-0.23998046382162605,0.5893961895407775,0.9998479593710528,FALSE,FALSE,n.s.
P05214,Tuba3a,2.083016064118414,0.25039391273943384,0.9998429551679517,-1.341013436215789,0.42953824337761737,0.9998479593710528,FALSE,FALSE,n.s.
Q8C7D2,Crbn,0.6003900718018741,0.18532211937233153,0.9998429551679517,0.5548470193629812,0.4949121608557828,0.9998479593710528,FALSE,FALSE,n.s.
Q63918,Cavin2,0.46134020894693445,0.2725511520815141,0.9998429551679517,0.4579865046441271,0.4079855323911854,0.9998479593710528,FALSE,FALSE,n.s.
A2AAE1,Bltp1,-0.33202277356778365,0.11435195402839304,0.9998429551679517,0.1201303079407737,0.5670676428679735,0.9998479593710528,FALSE,FALSE,n.s.
Q8VDQ8,Sirt2,0.4110011085013505,0.5205692887745905,0.9998429551679517,0.98941197605468,0.16086154504013248,0.9998479593710528,FALSE,FALSE,n.s.
Q60676,Ppp5c,0.39196896556617467,0.45131910054455715,0.9998429551679517,0.5786356625202435,0.2302996099323007,0.9998479593710528,FALSE,FALSE,n.s.
Q80X82,Sympk,0.4366318724150345,0.13625956692998312,0.9998429551679517,0.1672348031079073,0.5462957446848709,0.9998479593710528,FALSE,FALSE,n.s.
Q4U2R1,Herc2,0.1101296358295764,0.6613919770282974,0.9998429551679517,-0.5561275475593996,0.021533923967735933,0.9998479593710528,TRUE,FALSE,Region-specific
S4R1M9,Osbpl10,-0.3984248268710341,0.4845015964390105,0.9998429551679517,0.6310075723070921,0.19846701989698187,0.9998479593710528,FALSE,FALSE,n.s.
Q62077,Plcg1,-0.41932068442920817,0.2590056015749411,0.9998429551679517,-0.2921583218579218,0.4243530708231201,0.9998479593710528,FALSE,FALSE,n.s.
P19973,Lsp1,-0.11097129316185433,0.563361559545802,0.9998429551679517,-0.25409385264068357,0.12069968182707237,0.9998479593710528,FALSE,FALSE,n.s.
Q9CU65,Zmym2,0.2925706898407091,0.4017512789608977,0.9998429551679517,-0.7983465249099259,0.28299130378340925,0.9998479593710528,FALSE,FALSE,n.s.
P41242,Matk,-0.8769779007113785,0.2054264641054608,0.9998429551679517,-0.17346152552220442,0.4797221963755689,0.9998479593710528,FALSE,FALSE,n.s.
O35551,Rabep1,-0.39980362485004683,0.24207671877222853,0.9998429551679517,-0.23596485032829237,0.44324329170376364,0.9998479593710528,FALSE,FALSE,n.s.
Q8CGB6,Tns2,0.5681961480677044,0.08642890989294169,0.9998429551679517,-0.2082186628128932,0.599587026266146,0.9998479593710528,FALSE,FALSE,n.s.
Q9WVK4,Ehd1,-0.47189604910900135,0.39184734786157815,0.9998429551679517,-0.6572757528313994,0.29436723420347044,0.9998479593710528,FALSE,FALSE,n.s.
P70207,Plxna2,0.24149476828866925,0.5231877761386945,0.9998429551679517,-0.4928157384994073,0.16361349516889248,0.9998479593710528,FALSE,FALSE,n.s.
Q3TPE9,Ankmy2,0.546432879325311,0.3111739900892496,0.9998429551679517,0.42076671264669474,0.3757036554543203,0.9998479593710528,FALSE,FALSE,n.s.
P70122,Sbds,-0.6909786520905868,0.18663221358210755,0.9998429551679517,-0.3423160039646206,0.5004023271577698,0.9998479593710528,FALSE,FALSE,n.s.
Q9WTU0,Phf2,0.28869898459661436,0.5508364435529218,0.9998429551679517,-0.5818823987272682,0.13621068484861001,0.9998479593710528,FALSE,FALSE,n.s.
Q8BU30,Iars1,0.31717434873883105,0.4195916249497339,0.9998429551679517,0.3966600575778093,0.2676616565360203,0.9998479593710528,FALSE,FALSE,n.s.
Q6P542,Abcf1,-0.72569880617692,0.12959430232833982,0.9998429551679517,0.2238289785224881,0.5589852903543768,0.9998479593710528,FALSE,FALSE,n.s.
A0A0R4IZY9,Dus3l,0.8763850443105953,0.09521926228285468,0.9998429551679517,0.25107266078066237,0.5936028522921979,0.9998479593710528,FALSE,FALSE,n.s.
Q3TJE3,Hk1,0.63536362190049,0.33530421793355647,0.9998429551679517,0.601335367909432,0.35354251427686234,0.9998479593710528,FALSE,FALSE,n.s.
Q3UGY8,Arfgef3,-0.4092687994937347,0.16125894059270315,0.9998429551679517,-0.17797886318399242,0.5283974358381472,0.9998479593710528,FALSE,FALSE,n.s.
P21447,Abcb1a,-0.1685341011568666,0.5715624997304418,0.9998429551679517,-0.5899699640762294,0.11866135212745835,0.9998479593710528,FALSE,FALSE,n.s.
Q542T4,Mbp,-1.7720141961972702,0.13789998569373146,0.9998429551679517,-0.8077948961356255,0.5526534040425541,0.9998479593710528,FALSE,FALSE,n.s.
Q4ACU6,Shank3,-0.45137970543554834,0.19570441468411365,0.9998429551679517,0.3518702385429429,0.4954248256714021,0.9998479593710528,FALSE,FALSE,n.s.
P84089,Erh,-1.4205838544595566,0.2500555314599475,0.9998429551679517,0.9452996302274308,0.44163636988490784,0.9998479593710528,FALSE,FALSE,n.s.
Q8VDS8,Stx18,0.48414225555924806,0.3789807674099478,0.9998429551679517,0.5918881164502227,0.3137299732070918,0.9998479593710528,FALSE,FALSE,n.s.
Q9D338,Mrpl19,0.6703774746613127,0.25911686179999843,0.9998429551679517,0.40400448237764425,0.4336450332317614,0.9998479593710528,FALSE,FALSE,n.s.
Q6PDI6,Mindy2,-1.509928395102558,0.17708762201725367,0.9998429551679517,-0.5671073049858479,0.5168883361534826,0.9998479593710528,FALSE,FALSE,n.s.
Q920I9,Wdr7,-0.282123081037962,0.5378862527900765,0.9998429551679517,0.5793871332049579,0.15731682376196296,0.9998479593710528,FALSE,FALSE,n.s.
P40124,Cap1,0.6766450504521144,0.2053007856951243,0.9998429551679517,0.39825952871533893,0.4905506747062798,0.9998479593710528,FALSE,FALSE,n.s.
P98156,Vldlr,-0.5012504079167632,0.250638210802721,0.9998429551679517,-0.36968385813496224,0.44540620362588823,0.9998479593710528,FALSE,FALSE,n.s.
Q8BG81,Poldip3,-0.7673145222244442,0.2832843049776394,0.9998429551679517,0.4952163320036042,0.4140187029868576,0.9998479593710528,FALSE,FALSE,n.s.
Q9D880,Timm50,0.8669162878133009,0.5123293636193402,0.9998429551679517,1.5395970964119026,0.18568300780551217,0.9998479593710528,FALSE,FALSE,n.s.
Q99M01,Fars2,-0.513633789214772,0.4202224986770141,0.9998429551679517,-0.437801860812123,0.2782699965280235,0.9998479593710528,FALSE,FALSE,n.s.
Q8C3F2,Fam120c,-0.8504091539432567,0.10456438864083582,0.9998429551679517,-0.2160458805535304,0.5949128181595531,0.9998479593710528,FALSE,FALSE,n.s.
Q91WL8,Wwox,-0.6136651851646449,0.39827906613750585,0.9998429551679517,-0.6987974851320699,0.30208608948542803,0.9998479593710528,FALSE,FALSE,n.s.
Q8VE37,Rcc1,-0.4668295364971938,0.30913986371883195,0.9998429551679517,-0.45341254408590176,0.3914938650857953,0.9998479593710528,FALSE,FALSE,n.s.
O35737,Hnrnph1,1.2787250594547321,0.23683462283295728,0.9998429551679517,0.7179919869855905,0.46399434596559774,0.9998479593710528,FALSE,FALSE,n.s.
O88522,Ikbkg,-0.9034743550077047,0.3868899077581392,0.9998429551679517,-0.961431680144028,0.3140391637940944,0.9998479593710528,FALSE,FALSE,n.s.
S4R2R5,Ank2,0.12957195652872286,0.5853375508522471,0.9998429551679517,0.36037801530601254,0.1157008384879919,0.9998479593710528,FALSE,FALSE,n.s.
P35279,Rab6a,1.0848290964022147,0.2250011648958977,0.9998429551679517,0.7087138252776729,0.47619316006393086,0.9998479593710528,FALSE,FALSE,n.s.
P47708,Rph3a,-0.434087598428058,0.31450095494018465,0.9998429551679517,-0.39115901251725127,0.38714597320324984,0.9998479593710528,FALSE,FALSE,n.s.
Q9CPQ8,Atp5mg,-1.585481861152409,0.35994470285850144,0.9998429551679517,-1.6383300244843573,0.34207997040820454,0.9998479593710528,FALSE,FALSE,n.s.
O35350,Capn1,-0.3669896282856512,0.286388460857615,0.9998429551679517,-0.2662996619775695,0.415717970216525,0.9998479593710528,FALSE,FALSE,n.s.
Q80VP9,Asphd2,-0.5239254285460251,0.1253027679324312,0.9998429551679517,1.4914431478567425,0.5771903618603166,0.9998479593710528,FALSE,FALSE,n.s.
Q3ULF4,Spg7,-0.7442272728398124,0.07877816229319251,0.9998429551679517,-0.20524667936754026,0.6237161246818625,0.9998479593710528,FALSE,FALSE,n.s.
P70232,Chl1,-0.45964792569727503,0.1893786960957466,0.9998429551679517,-0.21844886478110356,0.5137552332882842,0.9998479593710528,FALSE,FALSE,n.s.
Q3UEB3,Puf60,-0.6627549538804305,0.28226127143087615,0.9998429551679517,0.4187925166119947,0.42107196973747796,0.9998479593710528,FALSE,FALSE,n.s.
O35226,Psmd4,1.338565565058306,0.08889653183955239,0.9998429551679517,-0.3465162143626445,0.6144758277361657,0.9998479593710528,FALSE,FALSE,n.s.
Q9WVM3,Anapc7,0.6339607958342728,0.2596193769628063,0.9998429551679517,0.3612457650357942,0.4441613292483618,0.9998479593710528,FALSE,FALSE,n.s.
Q5NCK8,Mapk9,-1.0294395776454233,0.2764942210064478,0.9998429551679517,-0.6659294795664699,0.42763908178017884,0.9998479593710528,FALSE,FALSE,n.s.
Q9EPQ7,Stard5,-0.3530840236249615,0.3870318376561821,0.9998429551679517,0.45118089308406484,0.31742308922848844,0.9998479593710528,FALSE,FALSE,n.s.
P59672,Anks1a,0.19601777919703572,0.6617481611661353,0.9998429551679517,-0.8090128006783888,0.04362783169419852,0.9998479593710528,TRUE,FALSE,Region-specific
Q9JJI8,Rpl38,-1.2063613689912622,0.2684581967278597,0.9998429551679517,-0.8879604791238596,0.43697192233204896,0.9998479593710528,FALSE,FALSE,n.s.
O54962,Banf1,1.1848672289780156,0.3240290228610216,0.9998429551679517,1.0194262998153056,0.38242577961300517,0.9998479593710528,FALSE,FALSE,n.s.
Q99KI0,Aco2,0.42566986180522837,0.5376093282854144,0.9998429551679517,0.9267326556763287,0.16901706120011564,0.9998479593710528,FALSE,FALSE,n.s.
Q8CGF6,Wdr47,0.6335237926040057,0.23688837983099353,0.9998429551679517,0.36300309429773786,0.47050973702088117,0.9998479593710528,FALSE,FALSE,n.s.
Q8R086,Suox,0.3727046499995703,0.5394150051192743,0.9998429551679517,1.1854810661694564,0.16838491292912855,0.9998479593710528,FALSE,FALSE,n.s.
Q80ZD8,Amigo1,0.3624439413620327,0.5191383072373946,0.9998429551679517,-0.4832544698051182,0.18897194856995198,0.9998479593710528,FALSE,FALSE,n.s.
Q8K2I1,Fntb,-0.7261516292683403,0.3143257383308513,0.9998429551679517,-0.6046856041648007,0.39384603692424935,0.9998479593710528,FALSE,FALSE,n.s.
Q9CWU6,Uqcc1,0.6855648712952002,0.5049472387569538,0.9998429551679517,1.4659565314909733,0.2035303716737149,0.9998479593710528,FALSE,FALSE,n.s.
A0A286YCV9,Kif13b,-0.4568416874771128,0.3006125909304266,0.9998429551679517,-0.2269711140196611,0.4082492161475758,0.9998479593710528,FALSE,FALSE,n.s.
Q8C650,Septin10,0.7084293844346327,0.48534019152163077,0.9998429551679517,0.7529460039124944,0.22413478783006252,0.9998479593710528,FALSE,FALSE,n.s.
P35505,Fah,0.8811586509773506,0.2959936193718033,0.9998429551679517,1.1788038715528184,0.4138416851752137,0.9998479593710528,FALSE,FALSE,n.s.
P28740,Kif2a,-0.5130437764807109,0.44283794987702507,0.9998429551679517,-0.7575480145125122,0.26745220905684597,0.9998479593710528,FALSE,FALSE,n.s.
Q8BSZ2,Ap3s2,0.7534976289434483,0.4984440704185924,0.9998429551679517,1.355336613816843,0.21188536230101562,0.9998479593710528,FALSE,FALSE,n.s.
Q9WVK8,Cyp46a1,0.37870715623852985,0.5487689353846299,0.9998429551679517,0.9527045052014455,0.16199866096722265,0.9998479593710528,FALSE,FALSE,n.s.
Q3TD49,Sppl2b,-0.48115608390979414,0.42957491937359205,0.9998429551679517,0.4650870767617318,0.28149397792302994,0.9998479593710528,FALSE,FALSE,n.s.
P63158,Hmgb1,1.8048929619246787,0.030871118940665448,0.9998429551679517,-0.20894530483684837,0.6802080896814431,0.9998479593710528,TRUE,FALSE,Region-specific
Q80XE1,Ric8b,0.6245295211513286,0.43319358996117935,0.9998429551679517,-1.013204348774933,0.27903310545844345,0.9998479593710528,FALSE,FALSE,n.s.
A0A2I3BQ48,Dgkh,0.5038169446213389,0.2163003939212397,0.9998429551679517,0.18380375604305035,0.49602459752694983,0.9998479593710528,FALSE,FALSE,n.s.
P25799,Nfkb1,0.36755845692735123,0.49632190083473726,0.9998429551679517,-0.5207826258772725,0.21601775750681848,0.9998479593710528,FALSE,FALSE,n.s.
Q61166,Mapre1,0.4075309390250239,0.5491091918188693,0.9998429551679517,1.0060403014921986,0.1635800726357723,0.9998479593710528,FALSE,FALSE,n.s.
Q9D964,Gatm,-0.9739303202553182,0.0872303185693966,0.9998429551679517,0.3296113487605474,0.6263991667023326,0.9998479593710528,FALSE,FALSE,n.s.
Q80TA6,Mtmr12,-0.2336933831637771,0.6144601036591071,0.9998429551679517,0.6338809778595045,0.10050002876937725,0.9998479593710528,FALSE,FALSE,n.s.
Q99JX4,Eif3m,0.5024073802201134,0.4763881444640745,0.9998429551679517,0.7399072917050363,0.2386164430075802,0.9998479593710528,FALSE,FALSE,n.s.
Q8BHC4,Dcakd,1.1339563122573078,0.12029670449979425,0.9998429551679517,0.1899821068754348,0.5947608851341337,0.9998479593710528,FALSE,FALSE,n.s.
A0ZVB6,Btaf1,-0.20666726119445353,0.590743954280695,0.9998429551679517,-0.6206168917710024,0.12457105921830092,0.9998479593710528,FALSE,FALSE,n.s.
Q9WUU9,Mcm3ap,0.3835982886634487,0.4699156840837607,0.9998429551679517,-1.0118196315197516,0.24551155308233258,0.9998479593710528,FALSE,FALSE,n.s.
Q64378,Fkbp5,-0.3036314231627505,0.5770214991163851,0.9998429551679517,0.8217585764227382,0.13887158168347186,0.9998479593710528,FALSE,FALSE,n.s.
Q62018,Ctr9,0.487029453760491,0.2566527083769444,0.9998429551679517,-0.26872749522587674,0.4602350970173772,0.9998479593710528,FALSE,FALSE,n.s.
Q8CII2,Cdc123,0.4182324165176959,0.4625807809364978,0.9998429551679517,-0.8043561060533705,0.25549668928585806,0.9998479593710528,FALSE,FALSE,n.s.
S4R2T7,Ank2,1.2971007717040461,0.34152362087882654,0.9998429551679517,1.263920995482479,0.3766920742914363,0.9998479593710528,FALSE,FALSE,n.s.
D3YUS5,Rasal2,-0.38769148336423553,0.27878547077769633,0.9998429551679517,-0.25650289626865413,0.4397105804938243,0.9998479593710528,FALSE,FALSE,n.s.
Q01853,Vcp,0.7493719688332812,0.20052578302170473,0.9998429551679517,0.35039966869671596,0.5181274249928833,0.9998479593710528,FALSE,FALSE,n.s.
Q9R0X5,Rpgr,-0.32297550038112416,0.4994102053679589,0.9998429551679517,0.6816994604517554,0.2200131482105435,0.9998479593710528,FALSE,FALSE,n.s.
P23818,Gria1,0.509933466441923,0.381437819628374,0.9998429551679517,-0.3616650372690297,0.33804133231295574,0.9998479593710528,FALSE,FALSE,n.s.
P01029,C4b,0.3796249891176841,0.5720269762230438,0.9998429551679517,-0.4352372316727082,0.14781974425724131,0.9998479593710528,FALSE,FALSE,n.s.
Q9DC71,Mrps15,-0.7308379428602844,0.37347493240374247,0.9998429551679517,0.6074439773809522,0.34651824427163214,0.9998479593710528,FALSE,FALSE,n.s.
Q9Z0F8,Adam17,-1.3658896661972995,0.3702474902107681,0.9998429551679517,-0.7706680430651169,0.34990965173926925,0.9998479593710528,FALSE,FALSE,n.s.
Q8BHS6,Armcx3,-1.0300451329865419,0.2588446166121269,0.9998429551679517,0.6152758297178677,0.4615271565086856,0.9998479593710528,FALSE,FALSE,n.s.
Q99LY9,Ndufs5,1.2280350919174938,0.30364841902107004,0.9998429551679517,1.112816090134349,0.4172418615932161,0.9998479593710528,FALSE,FALSE,n.s.
Q61033,Tmpo,2.1548418964912215,0.23779769658212982,0.9998429551679517,1.0773117430306642,0.4834682255327003,0.9998479593710528,FALSE,FALSE,n.s.
Q6P3A8,Bckdhb,0.4390480945203278,0.5933732615959069,0.9998429551679517,1.0639815847494327,0.12795830100796143,0.9998479593710528,FALSE,FALSE,n.s.
Q6A009,Ltn1,0.12142030872391665,0.6086663265770011,0.9998429551679517,-0.5168127812822314,0.11297588015369524,0.9998479593710528,FALSE,FALSE,n.s.
A0A0R4J1N7,Ank1,0.41034127025649175,0.30611056414739896,0.9998429551679517,-0.33609918101662173,0.41574532943546816,0.9998479593710528,FALSE,FALSE,n.s.
Q6P8X1,Snx6,0.3074459483395811,0.4959895201411868,0.9998429551679517,0.5798488637931959,0.226039503250304,0.9998479593710528,FALSE,FALSE,n.s.
E9Q7S0,Synj1,-0.36920381274010433,0.09495460470653343,0.9998429551679517,0.18623638177628296,0.6284712258029753,0.9998479593710528,FALSE,FALSE,n.s.
O08908,Pik3r2,0.23835066938353344,0.6591752697946983,0.9998429551679517,1.2357814134818943,0.0644662844653309,0.9998479593710528,FALSE,FALSE,n.s.
H9KV00,Son,-0.22034443051121716,0.39067956336095044,0.9998429551679517,-0.26976713916866835,0.3336000955898536,0.9998479593710528,FALSE,FALSE,n.s.
Q9D4H2,Gcc1,-1.1619752085241477,0.16034736207393654,0.9998429551679517,-0.5271603133111082,0.5643187269879198,0.9998479593710528,FALSE,FALSE,n.s.
A2BDX3,Mocs3,-0.6932570608094958,0.5566957938380446,0.9998429551679517,-1.385205653722088,0.16816763566986423,0.9998479593710528,FALSE,FALSE,n.s.
B2RY04,Dock5,0.36188495099140544,0.420411658196705,0.9998429551679517,0.3061430206360327,0.3051284099768375,0.9998479593710528,FALSE,FALSE,n.s.
Q80VP0,Tecpr1,-0.6951301825271868,0.08549101328149043,0.9998429551679517,-0.20046210835639386,0.6400802213526906,0.9998479593710528,FALSE,FALSE,n.s.
Q91W18,Tdrd3,-0.44356741328207483,0.179909253293103,0.9998429551679517,-0.22440264093849388,0.5457392161027345,0.9998479593710528,FALSE,FALSE,n.s.
Q6PE01,Snrnp40,-0.8883299420648979,0.12558723966964921,0.9998429551679517,-0.2972011217283906,0.6001161913899035,0.9998479593710528,FALSE,FALSE,n.s.
Q3UHK6,Tenm4,0.3879549412921094,0.2727984345887397,0.9998429551679517,0.26550239696398964,0.45330874613006367,0.9998479593710528,FALSE,FALSE,n.s.
Q6PDL0,Dync1li2,-0.3333818600102466,0.5692346677389994,0.9998429551679517,0.8423703915846835,0.1576544049838857,0.9998479593710528,FALSE,FALSE,n.s.
A0A338P6N4,Crybg3,-1.8549579495631237,0.25147574230466824,0.9998429551679517,0.2682084139395785,0.4761044039809892,0.9998479593710528,FALSE,FALSE,n.s.
Q8CJH3,Plxnb1,0.32595922529868104,0.3986633806570504,0.9998429551679517,-0.4717049995719131,0.3295123884660015,0.9998479593710528,FALSE,FALSE,n.s.
A2AT37,Upf2,-0.22319275245438017,0.6109939045600536,0.9998429551679517,0.6063492864723163,0.11749180219393748,0.9998479593710528,FALSE,FALSE,n.s.
O35459,Ech1,-0.8669500360438112,0.3102968017060352,0.9998429551679517,-0.6072876350162539,0.4182457886042883,0.9998479593710528,FALSE,FALSE,n.s.
Q9D6F9,Tubb4a,-1.1974056479587751,0.20200197523551247,0.9998429551679517,-0.6048454326267101,0.5270581229572735,0.9998479593710528,FALSE,FALSE,n.s.
Q9DCJ1,Mlst8,-1.192496122616875,0.14305709514295709,0.9998429551679517,0.19637474004254754,0.586132373492354,0.9998479593710528,FALSE,FALSE,n.s.
Q8BTI9,Pik3cb,0.2892295834962499,0.4555233491137265,0.9998429551679517,0.4569429178224479,0.27397209354292695,0.9998479593710528,FALSE,FALSE,n.s.
Q8JZL3,Thtpa,0.8196028609278566,0.04384205694766694,0.9998429551679517,-0.35159633576307425,0.686717807150975,0.9998479593710528,TRUE,FALSE,Region-specific
P17439,Gba1,0.5601573534975404,0.4137052398450458,0.9998429551679517,0.733285858892594,0.31716195835937433,0.9998479593710528,FALSE,FALSE,n.s.
Q91VU0,Fam3c,-0.5110907916336973,0.3105601953582858,0.9998429551679517,-0.476498370958663,0.42073473681931683,0.9998479593710528,FALSE,FALSE,n.s.
Q7TPV1,Stk25,-0.5928290182636932,0.29419915089025817,0.9998429551679517,0.4591898959575256,0.43750480146753223,0.9998479593710528,FALSE,FALSE,n.s.
P62869,Elob,0.7528056546529664,0.45717458824613044,0.9998429551679517,1.051064524412806,0.27466975649800374,0.9998479593710528,FALSE,FALSE,n.s.
Q99J95,Cdk9,0.45346501598604355,0.5411507985745065,0.9998429551679517,0.6438861400627596,0.19073472496214974,0.9998479593710528,FALSE,FALSE,n.s.
Q62384,Zpr1,-0.5305380929988507,0.25270202980428524,0.9998429551679517,-0.40797248787702084,0.47919774772711266,0.9998479593710528,FALSE,FALSE,n.s.
Q8VHY0,Cspg4,0.8950351523737569,0.14171841498424614,0.9998429551679517,0.34397688465445064,0.5903036240174583,0.9998479593710528,FALSE,FALSE,n.s.
P19096,Fasn,0.2856499806029814,0.3137878131379514,0.9998429551679517,0.2530669098141568,0.41835191918987313,0.9998479593710528,FALSE,FALSE,n.s.
Q8CCS6,Pabpn1,0.6064559709940692,0.3217622517784383,0.9998429551679517,-0.48631737440938927,0.4104596092775059,0.9998479593710528,FALSE,FALSE,n.s.
Q80UW2,Fbxo2,0.4379661352189338,0.6343173948904604,0.9998429551679517,1.7538502749382898,0.09822359654221983,0.9998479593710528,FALSE,FALSE,n.s.
Q8K4I3,Arhgef6,-0.4210821285691933,0.3102966181942943,0.9998429551679517,-0.39054050744909125,0.42279980249254423,0.9998479593710528,FALSE,FALSE,n.s.
Q9Z2Q6,Septin5,0.597873729812259,0.36713911606483984,0.9998429551679517,0.5765611546032535,0.36600754984560613,0.9998479593710528,FALSE,FALSE,n.s.
Q08509,Eps8,-0.3316981846208172,0.5451561475124617,0.9998429551679517,0.7749926805172073,0.18840832632557597,0.9998479593710528,FALSE,FALSE,n.s.
O08795,Prkcsh,-0.37671330476725035,0.5020604439509857,0.9998429551679517,-0.620188775298231,0.2316550585643611,0.9998479593710528,FALSE,FALSE,n.s.
Q99J36,Thumpd1,-0.20666234569906644,0.5779686562816937,0.9998429551679517,-0.4985606255060736,0.15633601181261958,0.9998479593710528,FALSE,FALSE,n.s.
Q6PAR5,Gapvd1,-0.3047106449790846,0.39548996883944576,0.9998429551679517,0.2520325167657384,0.33967790607607584,0.9998479593710528,FALSE,FALSE,n.s.
Q91V77,S100a1,1.1225165671294575,0.31388537482644374,0.9998429551679517,1.0027823737773218,0.42164123333720605,0.9998479593710528,FALSE,FALSE,n.s.
Q8K0Z7,Taco1,0.3878395191268964,0.4812836771963136,0.9998429551679517,0.6226939842570359,0.2542927906642902,0.9998479593710528,FALSE,FALSE,n.s.
Q9QZN4,Fbxo6,0.35134044953293136,0.5522743961366761,0.9998429551679517,0.8801670651563898,0.18335421380740607,0.9998479593710528,FALSE,FALSE,n.s.
Q9DBG5,Plin3,-0.6821896640626184,0.44137331360398724,0.9998429551679517,0.9437805320744608,0.2951814368550031,0.9998479593710528,FALSE,FALSE,n.s.
Q8BQ47,Cnpy4,-1.3209032094557258,0.18316995787539245,0.9998429551679517,-0.40478509478724367,0.5539535591582492,0.9998479593710528,FALSE,FALSE,n.s.
B2RSH2,Gnai1,-2.139445911061999,0.25109716100884366,0.9998429551679517,1.3109294031433991,0.48670860850297687,0.9998479593710528,FALSE,FALSE,n.s.
Q8BG40,Katnb1,0.610675565535752,0.11295464834129908,0.9998429551679517,0.20688246885803246,0.6253407139500939,0.9998479593710528,FALSE,FALSE,n.s.
O54991,Cntnap1,0.5101911692244263,0.46248358878754825,0.9998429551679517,0.8584404653679379,0.27619928925702,0.9998479593710528,FALSE,FALSE,n.s.
E9PYH0,Vcan,0.4291188406420474,0.6175368078211314,0.9998429551679517,1.1299853424136974,0.12154200639760843,0.9998479593710528,FALSE,FALSE,n.s.
G3X9J0,Sipa1l3,-0.16451173720090445,0.6750865007271061,0.9998429551679517,-1.274214105162817,0.06426646014812261,0.9998479593710528,FALSE,FALSE,n.s.
Q62172,Ralbp1,0.272326525629114,0.6263836839786906,0.9998429551679517,0.8518300428172897,0.11306123942472025,0.9998479593710528,FALSE,FALSE,n.s.
Q80W54,Zmpste24,0.46388017713208,0.35762094446259707,0.9998429551679517,-0.3951121354567657,0.3819493178921869,0.9998479593710528,FALSE,FALSE,n.s.
Q8CE33,Klhl11,0.5496640280409305,0.19148424798808608,0.9998429551679517,-0.6479255009657864,0.5486921468559665,0.9998479593710528,FALSE,FALSE,n.s.
Q8BZH4,Pogz,-0.1853534844424786,0.6198192693729051,0.9998429551679517,-0.5919389107944648,0.1204142710077173,0.9998479593710528,FALSE,FALSE,n.s.
Q03958,Pfdn6,0.7901539101916091,0.4177469025291831,0.9998429551679517,1.0585904644040636,0.3228625544871525,0.9998479593710528,FALSE,FALSE,n.s.
Q63810,Ppp3r1,-0.37666184473549186,0.7166305504465305,0.9998429551679517,1.9675571858944225,0.024311055985623168,0.9998479593710528,TRUE,FALSE,Region-specific
Q9D799,Mtfmt,-0.17864759362678279,0.6421851789267443,0.9998429551679517,0.6721085561703657,0.09937593147257262,0.9998479593710528,FALSE,FALSE,n.s.
Q8BUR4,Dock1,0.1844015494688453,0.5413857092150449,0.9998429551679517,0.37182489946504904,0.20045506570430022,0.9998479593710528,FALSE,FALSE,n.s.
G3X9B1,Heatr1,0.5813311770133962,0.41825775901574647,0.9998429551679517,-0.5850887891749854,0.3258652019753639,0.9998479593710528,FALSE,FALSE,n.s.
Q8VHI6,Wasf3,0.4074602114781242,0.572438866248391,0.9998429551679517,1.2062867816685716,0.17188984814528913,0.9998479593710528,FALSE,FALSE,n.s.
E9QKK4,Glcci1,0.36350613448782915,0.491822543338176,0.9998429551679517,0.5635131867250778,0.25276892429561604,0.9998479593710528,FALSE,FALSE,n.s.
Q8BLY2,Tars3,-0.6445585476958128,0.1852910052635132,0.9998429551679517,-0.278552398598988,0.5601406817444319,0.9998479593710528,FALSE,FALSE,n.s.
P16406,Enpep,0.3744532026207126,0.4198638535559134,0.9998429551679517,-0.4433954504140021,0.32561704966751204,0.9998479593710528,FALSE,FALSE,n.s.
Q9JMG7,Hdgfl3,0.5781065433038277,0.5241761241842797,0.9998429551679517,1.2394351566858357,0.22146148696527462,0.9998479593710528,FALSE,FALSE,n.s.
D3YWQ0,Dgki,0.4047748312088645,0.47523051986600706,0.9998429551679517,0.5010461160336351,0.2720103620438636,0.9998479593710528,FALSE,FALSE,n.s.
P00920,Ca2,0.6500729220398549,0.4313409502585913,0.9998429551679517,0.8538356181036248,0.31594506260720123,0.9998479593710528,FALSE,FALSE,n.s.
Q99LP6,Grpel1,-0.7642352197639746,0.3152696260656587,0.9998429551679517,-0.5354872034493967,0.43227297803039255,0.9998479593710528,FALSE,FALSE,n.s.
Q8C170,Myo9a,-0.21846723785288663,0.3378479327942643,0.9998429551679517,0.1925077864645055,0.4097725739326511,0.9998479593710528,FALSE,FALSE,n.s.
Q9CQR6,Ppp6c,-0.9628521352649515,0.12143841215504457,0.9998429551679517,-0.3607494174749511,0.6263020083737523,0.9998479593710528,FALSE,FALSE,n.s.
Q91WM1,Strbp,-0.3556349027136136,0.42551445113221387,0.9998429551679517,-0.3808926760926925,0.3229331205419663,0.9998479593710528,FALSE,FALSE,n.s.
Q6NZB0,Dnajc8,-0.8412713840621616,0.16599655810808833,0.9998429551679517,-0.3711845710684954,0.5825008124637862,0.9998479593710528,FALSE,FALSE,n.s.
Q921L5,Cog2,-0.23919962892662494,0.5864981678102602,0.9998429551679517,0.5588525111331492,0.16208444543719377,0.9998479593710528,FALSE,FALSE,n.s.
Q8JZZ5,Pitpnb,-0.8030467406070483,0.11633932370418755,0.9998429551679517,0.3056879330654781,0.6322665631511849,0.9998479593710528,FALSE,FALSE,n.s.
Q9D0B6,Pbdc1,-1.2290404789058882,0.17697716217768975,0.9998429551679517,0.48491273379165456,0.5717365236109813,0.9998479593710528,FALSE,FALSE,n.s.
Q9CR61,Ndufb7,0.6342458054770931,0.5118091507235621,0.9998429551679517,1.1673936512115395,0.2371789671094513,0.9998479593710528,FALSE,FALSE,n.s.
Q9CQP0,Mrpl33,-2.7278901544056158,0.1596416869196738,0.9998429551679517,-0.7283404040554169,0.5897146019947931,0.9998479593710528,FALSE,FALSE,n.s.
P52480,Pkm,0.707171510239315,0.3194867456798194,0.9998429551679517,0.575808351736619,0.4305288140688657,0.9998479593710528,FALSE,FALSE,n.s.
Q9JKX6,Nudt5,-0.5331474208532491,0.41471625831257164,0.9998429551679517,-0.49302645966017483,0.3366978054173084,0.9998479593710528,FALSE,FALSE,n.s.
B2RY56,Rbm25,-0.4371431169971658,0.2055645792544583,0.9998429551679517,0.250557083703349,0.5466725523225832,0.9998479593710528,FALSE,FALSE,n.s.
Q8BJ42,Dlgap2,-0.6375153500011302,0.20261028447035878,0.9998429551679517,0.31033619525786926,0.5500560338541205,0.9998479593710528,FALSE,FALSE,n.s.
Q8K3W0,Babam2,1.287366081905075,0.21015245019945472,0.9998429551679517,0.5700935781573482,0.5436160735876159,0.9998479593710528,FALSE,FALSE,n.s.
Q9DC11,Plxdc2,0.41118210119529863,0.2512811448895563,0.9998429551679517,-0.2696722903420697,0.5030767797695379,0.9998479593710528,FALSE,FALSE,n.s.
Q9ER35,Fn3k,-0.6375681851671479,0.29267977208376605,0.9998429551679517,0.36076229122099035,0.4616794717798621,0.9998479593710528,FALSE,FALSE,n.s.
D0VYV6,Epb41l3,0.21995577387036314,0.5473508955820271,0.9998429551679517,-0.45824777445639947,0.20748017925045234,0.9998479593710528,FALSE,FALSE,n.s.
O70172,Pip4k2a,1.920288558921994,0.021860125897555194,0.9998429551679517,-0.24897118347921812,0.7333788564434395,0.9998479593710528,TRUE,FALSE,Region-specific
Q921W0,Chmp1a,-1.0533977850754415,0.05285245847409819,0.9998429551679517,-0.2581511437767845,0.703279642027506,0.9998479593710528,FALSE,FALSE,n.s.
Q9WV91,Ptgfrn,-0.28614041273470214,0.5697800079030697,0.9998429551679517,-0.7240387003436408,0.1868461928155074,0.9998479593710528,FALSE,FALSE,n.s.
O88444,Adcy1,-0.47386910134375715,0.3517301173526627,0.9998429551679517,-0.44500557061386986,0.4049216693856067,0.9998479593710528,FALSE,FALSE,n.s.
Q5SWU9,Acaca,-0.2562082235798027,0.3352595540844463,0.9998429551679517,0.21682592864844583,0.4214543905867021,0.9998479593710528,FALSE,FALSE,n.s.
Q5XJV6,Lmtk3,0.31472093244221694,0.5018853473084064,0.9998429551679517,0.6078882955095096,0.25540302427780404,0.9998479593710528,FALSE,FALSE,n.s.
G5E8S8,Mpp7,0.3142945595645643,0.5669947609912683,0.9998429551679517,-0.4585575812001961,0.19139536761309947,0.9998479593710528,FALSE,FALSE,n.s.
Q921W2,Tial1,1.6094781206697188,0.15600859658879396,0.9998429551679517,0.5377960643232365,0.6029916503706522,0.9998479593710528,FALSE,FALSE,n.s.
Q9D5V5,Cul5,0.28370923504305745,0.44666184159908995,0.9998429551679517,0.3696047310227139,0.31261012727980636,0.9998479593710528,FALSE,FALSE,n.s.
O70152,Dpm1,-1.2915752601431452,0.10872701733879958,0.9998429551679517,0.5083607215892827,0.6505736914617817,0.9998479593710528,FALSE,FALSE,n.s.
Q8K057,Ift80,-0.1988922076148305,0.6715449807500495,0.9998429551679517,0.4606470100611029,0.08797190978089915,0.9998479593710528,FALSE,FALSE,n.s.
O08800,Serpinb8,0.3269400180207881,0.6246033876729704,0.9998429551679517,0.47471399488060195,0.13515709817943092,0.9998479593710528,FALSE,FALSE,n.s.
Q91Z67,Srgap2,-0.30026170337073793,0.4175873270899313,0.9998429551679517,0.27759900677310045,0.34234485035471485,0.9998479593710528,FALSE,FALSE,n.s.
Q08943,Ssrp1,-0.577293121077662,0.2852915764815589,0.9998429551679517,0.34443189298377785,0.474726130206345,0.9998479593710528,FALSE,FALSE,n.s.
E9Q6J5,Bod1l,-0.1907931870719497,0.6930534315074874,0.9998429551679517,-0.8153781039403459,0.067522620979655,0.9998479593710528,FALSE,FALSE,n.s.
P70227,Itpr3,0.7333031404594926,0.15892805326126763,0.9998429551679517,0.27973541836578175,0.6025343586831318,0.9998479593710528,FALSE,FALSE,n.s.
P42232,Stat5b,0.3547466819012716,0.3177243289965582,0.9998429551679517,-0.29090730631742723,0.44466574514396784,0.9998479593710528,FALSE,FALSE,n.s.
Q80SZ7,Gng5,1.3153340585799476,0.22281461014846177,0.9998429551679517,0.8066934506896069,0.5399968452891825,0.9998479593710528,FALSE,FALSE,n.s.
Q99ME9,Gtpbp4,-0.3918125804471932,0.32793262884236507,0.9998429551679517,-0.46734115959617734,0.43570653437053064,0.9998479593710528,FALSE,FALSE,n.s.
Q8BVU5,Nudt9,0.6659281974565022,0.3891955372512368,0.9998429551679517,0.6278644765527663,0.3767772149229489,0.9998479593710528,FALSE,FALSE,n.s.
Q78PG9,Ccdc25,0.49120486228186017,0.5462183195467116,0.9998429551679517,0.634420332127444,0.21980060600661266,0.9998479593710528,FALSE,FALSE,n.s.
Q9QZ05,Eif2ak4,0.23415888086376033,0.6787951650281727,0.9998429551679517,-0.6119197163281442,0.08817641338938297,0.9998479593710528,FALSE,FALSE,n.s.
Q9Z1W9,Stk39,-0.7594209522881489,0.23743762878362543,0.9998429551679517,0.46334359160502947,0.5303128975724397,0.9998479593710528,FALSE,FALSE,n.s.
D3Z7P3,Gls,-0.2829412351738797,0.5686872854880509,0.9998429551679517,0.6120822381801065,0.19979756447838148,0.9998479593710528,FALSE,FALSE,n.s.
Q91VE0,Slc27a4,-0.4738824463258562,0.29752975150496086,0.9998429551679517,-0.35472088746381586,0.471528010559379,0.9998479593710528,FALSE,FALSE,n.s.
Q61239,Fnta,1.073827281646944,0.36711838139661146,0.9998429551679517,0.8534936946833283,0.40224325260281757,0.9998479593710528,FALSE,FALSE,n.s.
A0A140LJ04,Zzef1,-0.13978097734215816,0.5470084366070924,0.9998429551679517,-0.26602588009591005,0.2225514846710396,0.9998479593710528,FALSE,FALSE,n.s.
Q9DC23,Dnajc10,0.4154518290276276,0.35368476529682213,0.9998429551679517,-0.2771968775937039,0.4162095098160076,0.9998479593710528,FALSE,FALSE,n.s.
Q9ES28,Arhgef7,0.17394970377466626,0.659624012618304,0.9998429551679517,-0.4811690860706645,0.11110038746626426,0.9998479593710528,FALSE,FALSE,n.s.
A4PI81,Cadps2,-0.22258132946796474,0.49627971291320483,0.9998429551679517,0.34554248639347623,0.27445565584287057,0.9998479593710528,FALSE,FALSE,n.s.
Q60770,Stxbp3,0.2186013295036717,0.6562933201340106,0.9998429551679517,0.6444855186981412,0.11459059564369191,0.9998479593710528,FALSE,FALSE,n.s.
O35099,Map3k5,-0.16266013313264158,0.6406066066514777,0.9998429551679517,0.7837871391640413,0.13056020647070116,0.9998479593710528,FALSE,FALSE,n.s.
Q91ZS8,Adarb1,0.32226226168215816,0.5743514478949769,0.9998429551679517,-0.4914032275483405,0.1968431191973429,0.9998479593710528,FALSE,FALSE,n.s.
Q6DIB5,Megf10,1.204734422100939,0.2584175466339802,0.9998429551679517,-0.35365578104909273,0.5129328538602221,0.9998479593710528,FALSE,FALSE,n.s.
Q8BVI4,Qdpr,-0.2632306808924712,0.7681718916468299,0.9998429551679517,2.944648412929005,0.003256477609659771,0.9998479593710528,TRUE,FALSE,Region-specific
Q8VCE6,Nt5m,0.5518964088443983,0.3957676455401813,0.9998429551679517,0.7022088745594267,0.3766464870785541,0.9998479593710528,FALSE,FALSE,n.s.
Q71M36,Cspg5,1.6877561557278946,0.02439846983467697,0.9998429551679517,-0.10429936158213629,0.7480358838941992,0.9998479593710528,TRUE,FALSE,Region-specific
Q99PV0,Prpf8,-0.2760839610080817,0.3017020276733091,0.9998429551679517,-0.19110284569993857,0.47089955881680867,0.9998479593710528,FALSE,FALSE,n.s.
P62918,Rpl8,-0.7067540443621971,0.40245734063041394,0.9998429551679517,-0.7779094309943904,0.37069526500020944,0.9998479593710528,FALSE,FALSE,n.s.
Q8R570,Snap47,-0.49240613674899414,0.5030854559545332,0.9998429551679517,0.8043756531525806,0.2700801124837307,0.9998479593710528,FALSE,FALSE,n.s.
O35495,Cdk14,-0.23518493151015682,0.5619725344963027,0.9998429551679517,-0.5463439736795384,0.21132351783722975,0.9998479593710528,FALSE,FALSE,n.s.
O88342,Wdr1,-0.6166029723992601,0.2645728245630345,0.9998429551679517,-0.34715855585594535,0.5088097564748921,0.9998479593710528,FALSE,FALSE,n.s.
A0A338P6F2,Osbpl11,-0.46811736840151524,0.5010046491580911,0.9998429551679517,-0.8238863327097292,0.2724613935941017,0.9998479593710528,FALSE,FALSE,n.s.
Q3UGX3,Nat8l,-0.9064475403943252,0.3201845280589347,0.9998429551679517,0.7881037192317725,0.45415380139310085,0.9998479593710528,FALSE,FALSE,n.s.
Q8VEB4,Pla2g15,-0.7122932228905411,0.2446844404821456,0.9998429551679517,0.4743288938389588,0.5301312322580874,0.9998479593710528,FALSE,FALSE,n.s.
Q6KAR6,Exoc3,-0.25356033125069255,0.6178806222771775,0.9998429551679517,0.5115788327966574,0.1570769091928561,0.9998479593710528,FALSE,FALSE,n.s.
Q9WUD1,Stub1,0.46974917229953533,0.5033021434633645,0.9998429551679517,0.7862158344497835,0.2717739087978217,0.9998479593710528,FALSE,FALSE,n.s.
P24547,Impdh2,0.37739269980027706,0.2962857931723375,0.9998429551679517,0.3701909330404639,0.4789034323878011,0.9998479593710528,FALSE,FALSE,n.s.
P61211,Arl1,-0.6462160047438863,0.42101734978505434,0.9998429551679517,1.0509031697351614,0.3547539689485128,0.9998479593710528,FALSE,FALSE,n.s.
P11352,Gpx1,-0.6409195582648577,0.5602456603538903,0.9998429551679517,-1.6282682950974576,0.21656721234635506,0.9998479593710528,FALSE,FALSE,n.s.
A2ALS5,Rap1gap,2.5266280182010674,2.758723148892827e-5,0.025600950821725435,-0.32611567989050566,0.7777271737886371,0.9998479593710528,TRUE,FALSE,Region-specific
P08775,Polr2a,0.34496385785614575,0.2639924142346748,0.9998429551679517,-0.1747060156306553,0.5144906255634423,0.9998479593710528,FALSE,FALSE,n.s.
Q91VC9,Ghitm,-0.9772176703793656,0.3119386539002064,0.9998429551679517,-1.069431665879954,0.46663997393398526,0.9998479593710528,FALSE,FALSE,n.s.
Q99KJ0,Ubxn2a,0.28428838626499253,0.7269119928405908,0.9998429551679517,1.4014735485572867,0.051692742710943325,0.9998479593710528,FALSE,FALSE,n.s.
A2A9C3,Szt2,1.5984525355313117,0.10101943573614852,0.9998429551679517,0.32221988703221216,0.6777941147179167,0.9998479593710528,FALSE,FALSE,n.s.
Q9D1P4,Chordc1,-0.6254704293614777,0.29429596550542714,0.9998429551679517,0.362955570614727,0.4845708649492496,0.9998479593710528,FALSE,FALSE,n.s.
Q9DCN2,Cyb5r3,0.3338232830797552,0.6593230040529516,0.9998429551679517,1.1303024073401908,0.11955976087999151,0.9998479593710528,FALSE,FALSE,n.s.
P97352,S100a13,-0.6878055951344053,0.32875006986699185,0.9998429551679517,-0.5100576238592089,0.450284441281002,0.9998479593710528,FALSE,FALSE,n.s.
Q9DAM5,Slc25a19,-0.7067245298528089,0.3987479150422936,0.9998429551679517,-0.4614973278945713,0.38085288309198484,0.9998479593710528,FALSE,FALSE,n.s.
P63037,Dnaja1,0.7215631132685145,0.33479437577506066,0.9998429551679517,0.5193401085894016,0.44551908482189273,0.9998479593710528,FALSE,FALSE,n.s.
Q8BGH2,Samm50,0.46188758292703397,0.5383352287376932,0.9998429551679517,0.7829918760734442,0.2421861762894662,0.9998479593710528,FALSE,FALSE,n.s.
P46662,Nf2,0.5370940396950561,0.1801311719991582,0.9998429551679517,-0.22621602924939702,0.6003975836646946,0.9998479593710528,FALSE,FALSE,n.s.
Q5ND34,Wdr81,0.5574686942239314,0.14054362547014404,0.9998429551679517,0.22639004338880928,0.6400458438334099,0.9998479593710528,FALSE,FALSE,n.s.
E9Q634,Myo1e,-0.5083427778552296,0.07315464359399458,0.9998429551679517,0.13368296868085564,0.7079963148885233,0.9998479593710528,FALSE,FALSE,n.s.
P61161,Actr2,0.957883735163275,0.36164800787004736,0.9998429551679517,0.7927531450677661,0.41963748620985364,0.9998479593710528,FALSE,FALSE,n.s.
P16858,Gapdh,-0.2926092090825997,0.67634408048940875,0.9998429551679517,-1.3704496840670948,0.1052399880172055,0.9998479593710528,FALSE,FALSE,n.s.
Q61474,Msi1,-0.2552750413710193,0.6411130108345928,0.9998429551679517,0.5574272103695747,0.14097986465556536,0.9998479593710528,FALSE,FALSE,n.s.
Q6PER3,Mapre3,0.2895094741595612,0.6266404684540134,0.9998429551679517,1.0685693105554095,0.1558005053957527,0.9998479593710528,FALSE,FALSE,n.s.
Q8CGV2,Tph2,-0.34047752722014235,0.46427100418877343,0.9998429551679517,0.44843493142583263,0.3190603678879945,0.9998479593710528,FALSE,FALSE,n.s.
Q8BTS4,Nup54,0.38495105578371175,0.5222291596886621,0.9998429551679517,-0.5667125960390925,0.2613975030733422,0.9998479593710528,FALSE,FALSE,n.s.
Q04447,Ckb,-0.7059831551607136,0.5174043638177201,0.9998429551679517,-1.2263736667152312,0.26690337105804246,0.9998479593710528,FALSE,FALSE,n.s.
Q8BX17,Gemin5,0.5795606795169441,0.47041338738462757,0.9998429551679517,-0.8627454963419342,0.3141889166332189,0.9998479593710528,FALSE,FALSE,n.s.
A0A0A0MQC6,Elapor1,-0.48380505649981215,0.39764248801333263,0.9998429551679517,-1.1583340319587032,0.3873222366367858,0.9998479593710528,FALSE,FALSE,n.s.
Q9JHU9,Isyna1,0.5394415286699661,0.4070613313913911,0.9998429551679517,0.669475917620355,0.3779935631709579,0.9998479593710528,FALSE,FALSE,n.s.
Q9D1E6,Tbcb,-0.8084600421537151,0.1861173715894812,0.9998429551679517,-0.37861482779827965,0.598962377692754,0.9998479593710528,FALSE,FALSE,n.s.
Q8R555,Crtac1,-1.3173166992977345,0.1597016371326248,0.9998429551679517,-0.3887261766784813,0.625616191586446,0.9998479593710528,FALSE,FALSE,n.s.
Q9WTR5,Cdh13,0.7201219627285781,0.3719348516285307,0.9998429551679517,0.8784583861510059,0.41366831321438063,0.9998479593710528,FALSE,FALSE,n.s.
O89001,Cpd,-0.26532197341314356,0.498734948483338,0.9998429551679517,0.44935665326295215,0.2869320838252903,0.9998479593710528,FALSE,FALSE,n.s.
Q6PD10,Ip6k1,-0.6649324136173719,0.257470034621097,0.9998429551679517,0.25632866494974665,0.5284396234076594,0.9998479593710528,FALSE,FALSE,n.s.
Q8VC42,Rmc1,0.304458983012806,0.4663968361620454,0.9998429551679517,0.48080049569923516,0.31959557931479843,0.9998479593710528,FALSE,FALSE,n.s.
Q9Z2Q5,Mrpl40,-0.6791105888884671,0.6059000067865115,0.9998429551679517,-1.4846028476040398,0.1802210450775388,0.9998479593710528,FALSE,FALSE,n.s.
E9PV44,Atp5if1,-0.8952370370749926,0.4674270927051322,0.9998429551679517,1.0186446044159665,0.31921952984716373,0.9998479593710528,FALSE,FALSE,n.s.
Q8BVL3,Snx17,0.3050208772985118,0.49096418215765847,0.9998429551679517,0.8684711156180518,0.2957522380470498,0.9998479593710528,FALSE,FALSE,n.s.
G3X9Y1,Syt3,-0.4861794016368405,0.32913763741643964,0.9998429551679517,-0.4682025246322627,0.457843131146186,0.9998479593710528,FALSE,FALSE,n.s.
Q69ZQ1,Myorg,-1.0655698208050077,0.3319758154858419,0.9998429551679517,0.4393109027242284,0.4552008577057767,0.9998479593710528,FALSE,FALSE,n.s.
Q5SVR0,Tbc1d9b,-0.3950977176908239,0.22778732898857773,0.9998429551679517,-0.21617238197660016,0.5594092260057614,0.9998479593710528,FALSE,FALSE,n.s.
P42703,Lifr,-0.7287969635083688,0.17788158714922503,0.9998429551679517,0.3117171938300347,0.6106044940362599,0.9998479593710528,FALSE,FALSE,n.s.
Q9EQ06,Hsd17b11,0.6468165075949913,0.40747779534757067,0.9998429551679517,1.051160876289548,0.38196884434446154,0.9998479593710528,FALSE,FALSE,n.s.
Q8C7R4,Uba6,0.2473839698416347,0.4811062734372885,0.9998429551679517,0.41209367527780266,0.3084490269571485,0.9998479593710528,FALSE,FALSE,n.s.
Q9JMB8,Cntn6,-0.5210396412175116,0.19797003662333887,0.9998429551679517,0.28773202339933546,0.591724845372254,0.9998479593710528,FALSE,FALSE,n.s.
E9Q5F9,Setd2,0.4788274998051014,0.5656249805415807,0.9998429551679517,-0.836216875214283,0.22457014544724693,0.9998479593710528,FALSE,FALSE,n.s.
Q8BZ36,Rint1,0.42120781693715614,0.3760058423469158,0.9998429551679517,-0.41944836915676015,0.4146646844330313,0.9998479593710528,FALSE,FALSE,n.s.
Q8CFI7,Polr2b,0.4520930334217382,0.19382265924496567,0.9998429551679517,0.1555158817690612,0.5974827469953159,0.9998479593710528,FALSE,FALSE,n.s.
P48320,Gad2,0.5067711730391361,0.46474079256246914,0.9998429551679517,0.6521759639086017,0.32700509148818047,0.9998479593710528,FALSE,FALSE,n.s.
Q11011,Npepps,0.7787682773493101,0.1402801316016967,0.9998429551679517,0.21420202982331255,0.6515876065357331,0.9998479593710528,FALSE,FALSE,n.s.
Q8K1J6,Trnt1,0.29788099748127417,0.55079496237105,0.9998429551679517,0.7034589804341443,0.2417120911242165,0.9998479593710528,FALSE,FALSE,n.s.
Q8C535,Dffa,-0.7235067680661557,0.1206315840312235,0.9998429551679517,0.2753102981281359,0.6720897389735678,0.9998479593710528,FALSE,FALSE,n.s.
A2APT9,Klhdc7a,-1.185997988801899,0.148880541113372,0.9998429551679517,0.20885450131368652,0.6442438795471868,0.9998479593710528,FALSE,FALSE,n.s.
Q8R2Y2,Mcam,0.8291363746653384,0.3393525754359691,0.9998429551679517,0.4931480349866662,0.45424084748011795,0.9998479593710528,FALSE,FALSE,n.s.
Q91ZR1,Rab4b,-1.191752744488067,0.21222276612867597,0.9998429551679517,0.4946906189858765,0.5813895024378888,0.9998479593710528,FALSE,FALSE,n.s.
Q9JII6,Akr1a1,0.4912947566981723,0.49045159818111084,0.9998429551679517,0.8343382485139662,0.30326017171580544,0.9998479593710528,FALSE,FALSE,n.s.
Q4VBE8,Wdr18,-0.9281075767845927,0.45063108482969366,0.9998429551679517,-1.6896734571786358,0.3443229623797691,0.9998479593710528,FALSE,FALSE,n.s.
Q99LB2,Dhrs4,-0.9532592342877907,0.14051657131367246,0.9998429551679517,-0.3080237113614569,0.655450010339406,0.9998479593710528,FALSE,FALSE,n.s.
Q9CZS1,Aldh1b1,-0.25974934784221965,0.6461251362282914,0.9998429551679517,0.6832085080273843,0.1499233885180471,0.9998479593710528,FALSE,FALSE,n.s.
A0A1C7ZMY3,Shank2,-0.4466400540243282,0.24075377289353678,0.9998429551679517,0.4753990137748203,0.5557004701966273,0.9998479593710528,FALSE,FALSE,n.s.
Q9Z1T1,Ap3b1,0.18693623658462652,0.5741043098787345,0.9998429551679517,-0.7343436003355991,0.22248639743053472,0.9998479593710528,FALSE,FALSE,n.s.
Q3UMC0,Afg2a,0.8772526070343268,0.24398586036040085,0.9998429551679517,-1.7253408593884676,0.5528235414544821,0.9998479593710528,FALSE,FALSE,n.s.
Q07113,Igf2r,-0.13011288653269582,0.6555405638951197,0.9998429551679517,-0.46236850917081795,0.14164451252245278,0.9998479593710528,FALSE,FALSE,n.s.
Q91V36,Nrbp2,0.318343286726387,0.6078320511342536,0.9998429551679517,0.788906359063126,0.19041668124493535,0.9998479593710528,FALSE,FALSE,n.s.
Q3UHH1,Zswim8,-0.7654342689500032,0.22442156470045965,0.9998429551679517,-0.27342493926424805,0.573937290446014,0.9998479593710528,FALSE,FALSE,n.s.
Q9DBY8,Nvl,-0.31524190266668034,0.5241497381371101,0.9998429551679517,0.46328952407251245,0.2750538821647642,0.9998479593710528,FALSE,FALSE,n.s.
Q8CC13,Ap1b1,0.2342493680672881,0.6666434978098073,0.9998429551679517,0.8463357480515642,0.1327660700986048,0.9998479593710528,FALSE,FALSE,n.s.
Q8BYI8,Fam234b,-0.9043616263561665,0.18292821744664456,0.9998429551679517,0.4232286361684702,0.6174224121283516,0.9998479593710528,FALSE,FALSE,n.s.
Q6P5F9,Xpo1,0.30962599177589883,0.36883337576321007,0.9998429551679517,0.27749986969084045,0.431517966467734,0.9998479593710528,FALSE,FALSE,n.s.
Q9EPK6,Sil1,0.39161751647063414,0.0957288261811649,0.9998429551679517,0.1333111973670807,0.705391546451984,0.9998479593710528,FALSE,FALSE,n.s.
P14148,Rpl7,-0.40108143080475783,0.5429799530982458,0.9998429551679517,-0.6707395071683184,0.2582544172496025,0.9998479593710528,FALSE,FALSE,n.s.
Q8K3C3,Lzic,0.4668183092996307,0.5145114839554754,0.9998429551679517,0.5994441592813949,0.2870704846156613,0.9998479593710528,FALSE,FALSE,n.s.
Q3TKT4,Smarca4,-0.39396827448531196,0.26382154039361116,0.9998429551679517,-0.4002966937670639,0.5382766089477948,0.9998479593710528,FALSE,FALSE,n.s.
Q9D071,Mms19,-0.16018299340052233,0.665654120428987,0.9998429551679517,0.4756685452064079,0.13657654869978164,0.9998479593710528,FALSE,FALSE,n.s.
P59017,Bcl2l13,0.4568279408220932,0.4888364112240037,0.9998429551679517,0.4620458917848928,0.3134173859240027,0.9998479593710528,FALSE,FALSE,n.s.
Q91YJ2,Snx4,0.4365720506992759,0.42415387436808494,0.9998429551679517,0.4504467145586302,0.37874544845628677,0.9998479593710528,FALSE,FALSE,n.s.
Q5SYD0,Myo1d,-0.10394020163652205,0.7506582137115267,0.9998429551679517,0.6786835883167348,0.05252883331450687,0.9998479593710528,FALSE,FALSE,n.s.
Q8CBC4,Cnst,0.827159798601697,0.2791492719950292,0.9998429551679517,-0.29884298320093267,0.5240885609271085,0.9998479593710528,FALSE,FALSE,n.s.
O54774,Ap3d1,0.5553355087234823,0.10805270153923331,0.9998429551679517,0.14206840832559745,0.6952269133770446,0.9998479593710528,FALSE,FALSE,n.s.
Q99J39,Mlycd,0.7157027780797047,0.28530213141878547,0.9998429551679517,0.4352864536214036,0.5179976148144065,0.9998479593710528,FALSE,FALSE,n.s.
Q99KQ4,Nampt,0.2567796561869316,0.5882826455967496,0.9998429551679517,0.5830059081345239,0.2156857852049925,0.9998479593710528,FALSE,FALSE,n.s.
Q99JY9,Actr3,0.8520732459035261,0.3161445661594783,0.9998429551679517,0.482314155996921,0.48844210531120347,0.9998479593710528,FALSE,FALSE,n.s.
O55229,Chkb,-0.3771853804691463,0.542158433709661,0.9998429551679517,-0.8764924843111901,0.2632173541177547,0.9998479593710528,FALSE,FALSE,n.s.
Q3TWW8,Srsf6,-0.7879259651271723,0.5202524498734529,0.9998429551679517,1.0845648564645916,0.28521474567731103,0.9998479593710528,FALSE,FALSE,n.s.
Q14CH0,Fam171b,-0.2848958632827375,0.37930103541215476,0.9998429551679517,0.3223208266592382,0.42647445110255877,0.9998479593710528,FALSE,FALSE,n.s.
Q60571,Crhbp,0.8650925754039007,0.24300953495808808,0.9998429551679517,0.2651220865146844,0.5629580137632173,0.9998479593710528,FALSE,FALSE,n.s.
A0AUN0,Sec23ip,-0.6456019314451252,0.3804104067493759,0.9998429551679517,-0.37970957476083506,0.42599838798188616,0.9998479593710528,FALSE,FALSE,n.s.
P17710,Hk1,-0.7835971801595177,0.029260822595685024,0.9998429551679517,0.06624593811850635,0.7772294659421762,0.9998479593710528,TRUE,FALSE,Region-specific
E9QL65,Cog3,0.39077023306000236,0.37374882580220614,0.9998429551679517,0.35091207898887855,0.43284340925899834,0.9998479593710528,FALSE,FALSE,n.s.
B9EKI3,Tmf1,0.6010745852056403,0.20207820184092773,0.9998429551679517,0.1866183617254384,0.6046803545707733,0.9998479593710528,FALSE,FALSE,n.s.
Q921I1,Tf,-0.5762749106636277,0.1296869057700117,0.9998429551679517,-0.15099212021580763,0.6772240651492383,0.9998479593710528,FALSE,FALSE,n.s.
Q9QYF9,Ndrg3,1.1258801539528338,0.34434591785065716,0.9998429551679517,1.0698763425106053,0.46290283615360994,0.9998479593710528,FALSE,FALSE,n.s.
Q921F2,Tardbp,1.0202051298962136,0.23349014080886143,0.9998429551679517,0.38867822251984946,0.5739521486157225,0.9998479593710528,FALSE,FALSE,n.s.
Q5DTT2,Psd,-0.3817473426104934,0.6033137682534024,0.9998429551679517,-0.2275325377889669,0.20431965168970007,0.9998479593710528,FALSE,FALSE,n.s.
Q9CYK1,Wars2,-0.43511994256062275,0.46909765949568916,0.9998429551679517,-0.7767390970871375,0.33862967524934096,0.9998479593710528,FALSE,FALSE,n.s.
Q5PR69,Cracd,0.6609624818192327,0.1863281692864598,0.9998429551679517,-0.22314686298852524,0.6217207020468101,0.9998479593710528,FALSE,FALSE,n.s.
A0A2I3BRX9,Ralgapa1,0.272226618109533,0.35790788892087966,0.9998429551679517,0.21073681234578082,0.45020499975898,0.9998479593710528,FALSE,FALSE,n.s.
Q80ZJ1,Rap2a,-0.7356128160048662,0.5971199335020914,0.9998429551679517,1.352296445064365,0.21106621301983286,0.9998479593710528,FALSE,FALSE,n.s.
A0A338P6I9,Gm56451,-0.3217578166941735,0.6628561830445432,0.9998429551679517,-1.2071138868351265,0.14656771979008176,0.9998479593710528,FALSE,FALSE,n.s.
Q921W4,Cryzl1,0.46095408953272327,0.4604600601928286,0.9998429551679517,0.56791074957199,0.34898782011829566,0.9998479593710528,FALSE,FALSE,n.s.
Q3TCJ1,Abraxas2,-0.7224645301649029,0.26368047266418926,0.9998429551679517,0.5341967572749678,0.546029555460938,0.9998479593710528,FALSE,FALSE,n.s.
P29387,Gnb4,1.9786868038846397,0.15020174546470014,0.9998429551679517,0.6011432296478769,0.6599219285211784,0.9998479593710528,FALSE,FALSE,n.s.
Q8BIP0,Dars2,-0.37961288275064975,0.3591804035735666,0.9998429551679517,0.2543363158919825,0.45155797486264804,0.9998479593710528,FALSE,FALSE,n.s.
Q3TDN2,Faf2,-0.36726122075501233,0.5993498129149226,0.9998429551679517,-0.8282243627907215,0.21152001224558076,0.9998479593710528,FALSE,FALSE,n.s.
O88811,Stam2,0.6334614463714073,0.18288106330877102,0.9998429551679517,-0.244740637687555,0.6281738119469076,0.9998479593710528,FALSE,FALSE,n.s.
Q99PU5,Acsbg1,-0.47579962121562586,0.3338282281218654,0.9998429551679517,0.41230110615845605,0.47729670098297083,0.9998479593710528,FALSE,FALSE,n.s.
Q63739,Ptp4a1,-1.5342152622963334,0.06989351790896414,0.9998429551679517,-0.3065180305592778,0.7412711054249328,0.9998479593710528,FALSE,FALSE,n.s.
Q9CQ80,Vps25,0.685809879783834,0.2504579092687173,0.9998429551679517,0.3881880697287431,0.560723476433064,0.9998479593710528,FALSE,FALSE,n.s.
Q99KV1,Dnajb11,-0.4065997275703356,0.5045010045109237,0.9998429551679517,-0.5432442791933257,0.30698309644790034,0.9998479593710528,FALSE,FALSE,n.s.
Q9WU60,Atrn,-0.40091502242419275,0.5684715145242458,0.9998429551679517,-0.5659621357305726,0.2431549920149053,0.9998479593710528,FALSE,FALSE,n.s.
Q9JMK2,Csnk1e,-0.4900486624303789,0.47695467576671235,0.9998429551679517,-0.6955178261307364,0.33469354695121734,0.9998479593710528,FALSE,FALSE,n.s.
Q8VDI7,Ubac1,-0.7050014049830884,0.3475194766972064,0.9998429551679517,-0.6221825162014335,0.4641421304791581,0.9998479593710528,FALSE,FALSE,n.s.
Q99MJ9,Ddx50,0.46774508731589526,0.39816954247140035,0.9998429551679517,0.7004508185254751,0.4135594474725519,0.9998479593710528,FALSE,FALSE,n.s.
P56812,Pdcd5,-1.6513725633581182,0.2919674869836726,0.9998429551679517,-0.8066144518222694,0.5203928588279132,0.9998479593710528,FALSE,FALSE,n.s.
O35710,Noct,-0.776077865667659,0.21401139125722812,0.9998429551679517,0.3002634854903565,0.5988218075698853,0.9998479593710528,FALSE,FALSE,n.s.
Q3U1J4,Ddb1,0.20929085017415477,0.643825961522339,0.9998429551679517,0.5549600892045012,0.16987843158526608,0.9998479593710528,FALSE,FALSE,n.s.
Q91Z53,Grhpr,0.6482263109895725,0.29972141049460355,0.9998429551679517,0.43242359495861127,0.5144137636439912,0.9998479593710528,FALSE,FALSE,n.s.
Q61830,Mrc1,0.8435791127672557,0.24533810453640006,0.9998429551679517,0.40599062587907314,0.5699599951245425,0.9998479593710528,FALSE,FALSE,n.s.
O54879,Hmgb3,2.10656365040914,0.00579567046646485,0.9998429551679517,-0.17231001988224706,0.8098976665050117,0.9998479593710528,TRUE,FALSE,Region-specific
P62137,Ppp1ca,-2.0937395947833526,0.0872207160849293,0.9998429551679517,-0.3408149934906074,0.7287319996637045,0.9998479593710528,FALSE,FALSE,n.s.
Q76MZ3,Ppp2r1a,0.6418194954077462,0.36780605674479805,0.9998429551679517,0.568363446072232,0.4486393214142431,0.9998479593710528,FALSE,FALSE,n.s.
Q8CHT1,Ngef,0.8825535784877796,0.2953785009592611,0.9998429551679517,-0.4894501629036389,0.5212801888546628,0.9998479593710528,FALSE,FALSE,n.s.
Q9Z0Y1,Dctn3,0.531663589115504,0.49416626641999617,0.9998429551679517,0.6733468618696961,0.3225322576524846,0.9998479593710528,FALSE,FALSE,n.s.
Q9WU56,Pus1,0.27566736439514045,0.5977598327667852,0.9998429551679517,-0.4417449981336422,0.21903335057430465,0.9998479593710528,FALSE,FALSE,n.s.
Q66L44,Cbarp,-0.4865388104411204,0.37114960185170764,0.9998429551679517,-0.4689013232087474,0.44631849461276885,0.9998479593710528,FALSE,FALSE,n.s.
Q5EBQ0,Vdac3,1.0517980150117991,0.2936362224331115,0.9998429551679517,0.7152867539102495,0.523845857629424,0.9998479593710528,FALSE,FALSE,n.s.
P26040,Ezr,0.3743216422698418,0.45939535387421626,0.9998429551679517,0.4237989706185405,0.3581765690655635,0.9998479593710528,FALSE,FALSE,n.s.
Q80XR2,Atp2c1,-0.436069692489466,0.2261672215390815,0.9998429551679517,-0.16814005594069636,0.5915349196826298,0.9998479593710528,FALSE,FALSE,n.s.
Q9Z1B3,Plcb1,0.290719529890996,0.38301210417805365,0.9998429551679517,0.22895643984890393,0.43484705825740466,0.9998479593710528,FALSE,FALSE,n.s.
P28658,Atxn10,0.3258608839537038,0.6055639406700883,0.9998429551679517,0.7844587386409926,0.2123594261279988,0.9998479593710528,FALSE,FALSE,n.s.
Q8CHP8,Pgp,-0.4980537855741524,0.5084400197998012,0.9998429551679517,0.9264646419890251,0.3105432102259136,0.9998479593710528,FALSE,FALSE,n.s.
P97760,Polr2c,0.3842142037509583,0.329927362453891,0.9998429551679517,0.3308583973439684,0.4891035179568691,0.9998479593710528,FALSE,FALSE,n.s.
O70166,Stmn3,1.0575376957979243,0.302225351104934,0.9998429551679517,0.47732819769185614,0.5169269101841556,0.9998479593710528,FALSE,FALSE,n.s.
Q8BJH1,Zc2hc1a,0.19132629223665185,0.7484207031748489,0.9998429551679517,0.9402332503538855,0.07084009688542488,0.9998479593710528,FALSE,FALSE,n.s.
Q8VI75,Ipo4,-0.7462697237088104,0.2512079211293895,0.9998429551679517,-0.28948710495071645,0.5695909080744819,0.9998479593710528,FALSE,FALSE,n.s.
Q6AW69,Cgnl1,-0.2796901432745814,0.5962906610463101,0.9998429551679517,-0.518663140364901,0.22468981186056328,0.9998479593710528,FALSE,FALSE,n.s.
Q9JIL5,Tulp4,-0.5655596206640834,0.33928410681549065,0.9998429551679517,-0.5977238506451927,0.48220436612832485,0.9998479593710528,FALSE,FALSE,n.s.
Q8K2F0,Brd3,0.4340604006977793,0.37880637297584596,0.9998429551679517,-0.2836085052269914,0.44307864683834486,0.9998479593710528,FALSE,FALSE,n.s.
Q8BI72,Cdkn2aip,-0.217615613005937,0.5678371709279904,0.9998429551679517,-0.6328357462861675,0.254807639894407,0.9998479593710528,FALSE,FALSE,n.s.
Q9D3P8,Plgrkt,-0.7763995179254383,0.5744311753552149,0.9998429551679517,-1.5133813863532948,0.24901985074658425,0.9998479593710528,FALSE,FALSE,n.s.
Q9CRB6,Tppp3,-0.34121794023926305,0.6272166994729319,0.9998429551679517,1.0943537322215104,0.19625229839992767,0.9998479593710528,FALSE,FALSE,n.s.
Q6PGG6,Gnl3l,-1.03816167772434,0.1592965599725379,0.9998429551679517,0.28597792399092076,0.6648190386445768,0.9998479593710528,FALSE,FALSE,n.s.
Q06185,Atp5me,1.5690390465898352,0.2891243331603666,0.9998429551679517,1.0827239049820412,0.5350367507275438,0.9998479593710528,FALSE,FALSE,n.s.
Q4VAA7,Snx33,-0.7372809008074515,0.27221615148878486,0.9998429551679517,-0.6425862769374301,0.5519887979927542,0.9998479593710528,FALSE,FALSE,n.s.
Q14CH7,Aars2,0.28605297316718986,0.5700434033124209,0.9998429551679517,0.674443068364413,0.2545773810791498,0.9998479593710528,FALSE,FALSE,n.s.
Q8R5M8,Cadm1,-1.6456921881800666,0.024763765381823555,0.9998429551679517,0.17219585006155577,0.7999146221374848,0.9998479593710528,TRUE,FALSE,Region-specific
P42669,Pura,0.404380247258446,0.6538999636004605,0.9998429551679517,1.20241835857966,0.171018604288258,0.9998479593710528,FALSE,FALSE,n.s.
Q8CG76,Akr7a2,-1.0417692223363473,0.24891043889304512,0.9998429551679517,-0.4496775625038416,0.5764754429400782,0.9998479593710528,FALSE,FALSE,n.s.
Q80TR8,Dcaf1,-0.18107916810497995,0.6308191286240173,0.9998429551679517,0.6309570604002959,0.19631879601812152,0.9998479593710528,FALSE,FALSE,n.s.
Q61074,Ppm1g,-0.7230020274079582,0.3809753016266433,0.9998429551679517,0.5145689364422418,0.4462964777021018,0.9998479593710528,FALSE,FALSE,n.s.
Q62422,Ostf1,0.5684495455920413,0.33830775646303213,0.9998429551679517,-0.47707432035420727,0.4892875098450583,0.9998479593710528,FALSE,FALSE,n.s.
Q9D0C4,Trmt5,-0.9362634724783049,0.10273860148247549,0.9998429551679517,-0.16001093916784176,0.7250421946365216,0.9998479593710528,FALSE,FALSE,n.s.
P50396,Gdi1,0.31484468922050785,0.6336868305858752,0.9998429551679517,0.9023541892092977,0.19461194315697505,0.9998479593710528,FALSE,FALSE,n.s.
Q91VA6,Poldip2,0.4657216108638343,0.7023581202574095,0.9998429551679517,1.2560808002633654,0.12621883942897436,0.9998479593710528,FALSE,FALSE,n.s.
Q6PA06,Atl2,0.45258106999228215,0.5919335169584736,0.9998429551679517,-0.8896282352795503,0.23666874738501464,0.9998479593710528,FALSE,FALSE,n.s.
P97298,Serpinf1,0.6006184584091249,0.0412988747168778,0.9998429551679517,-0.20767446883025287,0.7873791516461195,0.9998479593710528,TRUE,FALSE,Region-specific
Q91Z96,Bmp2k,0.25978287406110795,0.5591125566057891,0.9998429551679517,-0.2535179091544541,0.26967187169031254,0.9998479593710528,FALSE,FALSE,n.s.
B2RUJ5,Apba1,-0.4204108234991838,0.5339793439807874,0.9998429551679517,-0.6623399696019738,0.29505279058655753,0.9998479593710528,FALSE,FALSE,n.s.
A0A087WQS0,Tns1,0.16884956912578042,0.6935074998706854,0.9998429551679517,0.5770401117226199,0.13594020205773993,0.9998479593710528,FALSE,FALSE,n.s.
Q9CXY6,Ilf2,0.702576247139901,0.4595035961788745,0.9998429551679517,0.6798713909913867,0.3700584756628369,0.9998479593710528,FALSE,FALSE,n.s.
Q03157,Aplp1,0.79170570616132,0.27553581856846243,0.9998429551679517,0.41532749816478726,0.5542041683502685,0.9998479593710528,FALSE,FALSE,n.s.
Q9D0I9,Rars1,0.5607473323414972,0.17194838973551324,0.9998429551679517,0.17358090500424836,0.6583903517977698,0.9998479593710528,FALSE,FALSE,n.s.
Q9DBX3,Susd2,0.8274524849014266,0.1835435233628805,0.9998429551679517,-0.477472855797841,0.6474164590087632,0.9998479593710528,FALSE,FALSE,n.s.
P20917,Mag,1.7593121943093195,0.28987447570129715,0.9998429551679517,1.053295596542339,0.5415524812637504,0.9998479593710528,FALSE,FALSE,n.s.
Q8BR90,Rimoc1,0.3377016206769866,0.6529494729304616,0.9998429551679517,1.068959020182319,0.17858958800663663,0.9998479593710528,FALSE,FALSE,n.s.
Q8BJ05,Zc3h14,-0.21283845732557657,0.4744367686178296,0.9998429551679517,-0.34469733172472233,0.3571351191500336,0.9998479593710528,FALSE,FALSE,n.s.
Q9R0N8,Syt6,0.19182282506842976,0.6551363899071221,0.9998429551679517,0.4692108118187959,0.17682385330169037,0.9998479593710528,FALSE,FALSE,n.s.
Q922H2,Pdk3,0.9461596202898214,0.14742418271487745,0.9998429551679517,0.24369011209393562,0.6849295319855795,0.9998479593710528,FALSE,FALSE,n.s.
P12658,Calb1,0.967333943502086,0.2112177953332002,0.9998429551679517,0.28868975637592115,0.6211955422113575,0.9998479593710528,FALSE,FALSE,n.s.
B1AXH1,Nhsl2,-0.2066126159485868,0.5695836664831785,0.9998429551679517,-0.5337648799075587,0.2632796557694699,0.9998479593710528,FALSE,FALSE,n.s.
Q8VCH5,Rabepk,-0.3992961905496143,0.508328794554909,0.9998429551679517,-0.5189955126448131,0.32478011506789295,0.9998479593710528,FALSE,FALSE,n.s.
Q80ZJ7,Snx32,0.759788327253357,0.11252533550526007,0.9998429551679517,0.2322003695781931,0.7206673122305481,0.9998479593710528,FALSE,FALSE,n.s.
P30681,Hmgb2,0.28975054633110586,0.46618084214856836,0.9998429551679517,0.712957879949235,0.3670202981106727,0.9998479593710528,FALSE,FALSE,n.s.
P70296,Pebp1,0.562980422739703,0.5446826291217024,0.9998429551679517,1.0202565002567867,0.28856334291770347,0.9998479593710528,FALSE,FALSE,n.s.
Q91V41,Rab14,-0.6486597452370458,0.43044991329297866,0.9998429551679517,-0.6475298402548798,0.40287191944617506,0.9998479593710528,FALSE,FALSE,n.s.
Q8CBW3,Abi1,0.6170410882253582,0.21412452441282423,0.9998429551679517,0.24605436479745804,0.620083036260962,0.9998479593710528,FALSE,FALSE,n.s.
O35864,Cops5,0.3505687153188944,0.5229028910319071,0.9998429551679517,0.5082037099047361,0.31138969076561346,0.9998479593710528,FALSE,FALSE,n.s.
A0A338P6F7,Robo1,0.3713517784412694,0.33711662482592064,0.9998429551679517,0.2171007586311912,0.49717656725409665,0.9998479593710528,FALSE,FALSE,n.s.
Q9CWU9,Nup37,-0.49880926396832737,0.4299785408313048,0.9998429551679517,0.6984032520713245,0.40459382272094735,0.9998479593710528,FALSE,FALSE,n.s.
Q9CXD6,Mcur1,0.6167076487752668,0.4428740096328312,0.9998429551679517,-0.4019472598476584,0.3917536353039911,0.9998479593710528,FALSE,FALSE,n.s.
Q9ERI5,Jmjd6,0.24782430366486324,0.4647795030903319,0.9998429551679517,0.39736679741881026,0.3701035850543696,0.9998479593710528,FALSE,FALSE,n.s.
Q8C854,Myef2,0.24468669903821114,0.625714909935875,0.9998429551679517,0.6142336311126729,0.21093576036929257,0.9998479593710528,FALSE,FALSE,n.s.
Q8BNA6,Fat3,0.24429832579037594,0.6055037074489888,0.9998429551679517,0.8368004683282576,0.23135474506704798,0.9998479593710528,FALSE,FALSE,n.s.
O54784,Dapk3,0.819705406642711,0.13228237106412324,0.9998429551679517,0.1712744890520125,0.7051697319817044,0.9998479593710528,FALSE,FALSE,n.s.
P07934,Phkg1,-0.28791428255676205,0.47637233437939486,0.9998429551679517,-0.31159400648708346,0.36121188882339816,0.9998479593710528,FALSE,FALSE,n.s.
Q3UYK3,Tbc1d9,-0.8863017876560788,0.2823959436755294,0.9998429551679517,0.4783520557070296,0.5556027638121791,0.9998479593710528,FALSE,FALSE,n.s.
P50516,Atp6v1a,0.7480850723909782,0.2932484439179908,0.9998429551679517,0.382693996974551,0.5449765267990493,0.9998479593710528,FALSE,FALSE,n.s.
P06151,Ldha,-0.4427834524823778,0.5314360200801818,0.9998429551679517,0.4395188745181929,0.30721633552066596,0.9998479593710528,FALSE,FALSE,n.s.
Q9CQX0,Otub2,0.25282011274975036,0.601445626116978,0.9998429551679517,0.775472593786874,0.23730598869022174,0.9998479593710528,FALSE,FALSE,n.s.
P17918,Pcna,-0.49876229185863347,0.4755999090586801,0.9998429551679517,-0.666306370214146,0.3635189770810041,0.9998479593710528,FALSE,FALSE,n.s.
Q5FWJ7,Vti1a,-0.45235921484394526,0.673162982259327,0.9998429551679517,-1.0762207109257023,0.1663755881943973,0.9998479593710528,FALSE,FALSE,n.s.
P70193,Lrig1,0.7901445514574987,0.10462826937637713,0.9998429551679517,-0.15221504872914354,0.735517507407013,0.9998479593710528,FALSE,FALSE,n.s.
O54833,Csnk2a2,0.24421138712200297,0.7102513673075791,0.9998429551679517,0.8508022779632305,0.13019939719398316,0.9998479593710528,FALSE,FALSE,n.s.
Q3UA37,Qrich1,0.277069946112383,0.6806913037647341,0.9998429551679517,0.8149718291300948,0.15982860308634858,0.9998479593710528,FALSE,FALSE,n.s.
A0A0A6YVV8,Mbnl1,-0.3295351087581052,0.5001966342603629,0.9998429551679517,-0.9783070574335808,0.3404900012783615,0.9998479593710528,FALSE,FALSE,n.s.
P99029,Prdx5,0.5332358224583662,0.6719093512398424,0.9998429551679517,1.553575314036643,0.16908912087091665,0.9998479593710528,FALSE,FALSE,n.s.
Q8BVY0,Rsl1d1,-0.4209607976053579,0.38724097618339826,0.9998429551679517,-0.4182000799969973,0.45513206622602365,0.9998479593710528,FALSE,FALSE,n.s.
Q8BG02,Ppp2r2c,0.30747840946233723,0.6011731420270743,0.9998429551679517,0.8528276676805792,0.24142980285433172,0.9998479593710528,FALSE,FALSE,n.s.
Q9D819,Ppa1,0.23780019797180363,0.6219565542569956,0.9998429551679517,0.6618748220983428,0.22074463793508864,0.9998479593710528,FALSE,FALSE,n.s.
P10518,Alad,-0.8679439957781109,0.2711128106551227,0.9998429551679517,0.48933024030922867,0.57166532500855,0.9998479593710528,FALSE,FALSE,n.s.
P47963,Rpl13,-0.9426292006978085,0.5116706452461017,0.9998429551679517,0.6920150058808335,0.3311093044473706,0.9998479593710528,FALSE,FALSE,n.s.
P02301,H3-5,-2.1493411127680755,0.3769582436562352,0.9998429551679517,-2.3087422495923686,0.4663704606323276,0.9998479593710528,FALSE,FALSE,n.s.
Q9Z2D1,Mtmr2,0.8925593859717849,0.2584452045608239,0.9998429551679517,0.2872867346939231,0.5850964903720668,0.9998479593710528,FALSE,FALSE,n.s.
O88643,Pak1,-0.1267285428871265,0.7610140110160827,0.9998429551679517,-0.8803837136023744,0.08307387437256274,0.9998479593710528,FALSE,FALSE,n.s.
B2RQA0,Gm5124,-0.8234731343986837,0.26413773929750867,0.9998429551679517,-0.5545137438936805,0.5806134175342033,0.9998479593710528,FALSE,FALSE,n.s.
Q8CGA3,Slc43a2,1.5247481942084007,0.16286053200182224,0.9998429551679517,0.5062635971716236,0.6819825295531468,0.9998479593710528,FALSE,FALSE,n.s.
P20060,Hexb,0.8862385373500676,0.08443951547665329,0.9998429551679517,0.17705632967998622,0.7606024986990647,0.9998479593710528,FALSE,FALSE,n.s.
Q7TSQ8,Pdpr,0.3632934624192329,0.4585687685466111,0.9998429551679517,0.4174131795734833,0.3868274836570067,0.9998479593710528,FALSE,FALSE,n.s.
A0A1S6GWF9,Mff,-1.0849812459039019,0.42133773650193573,0.9998429551679517,0.7687729655336779,0.42453292101301043,0.9998479593710528,FALSE,FALSE,n.s.
Q9QXL1,Kif21b,-0.7066964892632466,0.09192961132881976,0.9998429551679517,-0.16824863071609095,0.7540608203315098,0.9998479593710528,FALSE,FALSE,n.s.
Q8BIL5,Hook1,-0.3816310252577059,0.4063480189511184,0.9998429551679517,-0.2591030298879141,0.4396986667375622,0.9998479593710528,FALSE,FALSE,n.s.
Q99K23,Ufsp2,0.13899331159873032,0.6541752626430783,0.9998429551679517,0.5003483569754197,0.1919821937765141,0.9998479593710528,FALSE,FALSE,n.s.
Q9JKN6,Nova1,0.8755993506386363,0.43008342010415135,0.9998429551679517,0.4605354054160792,0.41621324764486356,0.9998479593710528,FALSE,FALSE,n.s.
O88428,Papss2,0.8295424873020146,0.15861172749640845,0.9998429551679517,0.1554758687704313,0.6878546265917177,0.9998479593710528,FALSE,FALSE,n.s.
Q99MR8,Mccc1,-0.38581751340812387,0.3389219938759088,0.9998429551679517,0.34161222715865525,0.5078966713367634,0.9998479593710528,FALSE,FALSE,n.s.
Q80XI4,Pip4k2b,-0.957798180442058,0.2571833919560811,0.9998429551679517,0.46986205021671906,0.5898455943349712,0.9998479593710528,FALSE,FALSE,n.s.
Q8R2K3,Ssbp1,-0.9865605207132747,0.1099411659246104,0.9998429551679517,-0.22020704422137494,0.7375938620010629,0.9998479593710528,FALSE,FALSE,n.s.
P55096,Abcd3,0.5033393389217701,0.4042656659343601,0.9998429551679517,0.46508096100974833,0.4436897848042619,0.9998479593710528,FALSE,FALSE,n.s.
Q3V117,Acly,0.2067905423351016,0.6803881123400393,0.9998429551679517,0.6950361927694454,0.16821712559464116,0.9998479593710528,FALSE,FALSE,n.s.
Q9JMD0,Znf207,0.9616151342268118,0.11920980432414884,0.9998429551679517,-0.32231578281138695,0.7307283107590965,0.9998479593710528,FALSE,FALSE,n.s.
O70481,Ubr1,0.2965540003377266,0.27618093535323995,0.9998429551679517,0.17432133252192084,0.5740629552906749,0.9998479593710528,FALSE,FALSE,n.s.
H7BWY8,Tsr2,0.4949881539467922,0.6830338646638303,0.9998429551679517,-0.6159934748445425,0.16730401165805886,0.9998479593710528,FALSE,FALSE,n.s.
P62889,Rpl30,0.44992966957285946,0.6543927882875602,0.9998429551679517,0.8178201518985825,0.19604135499905495,0.9998479593710528,FALSE,FALSE,n.s.
Q9CRC9,Gnpda2,-0.7503472758319187,0.3751972531804546,0.9998429551679517,0.7184454280999417,0.47555846470187524,0.9998479593710528,FALSE,FALSE,n.s.
Q6ZQA6,Igsf3,0.6590998926145585,0.0903174840505906,0.9998429551679517,0.17490110158144745,0.7606612065040845,0.9998479593710528,FALSE,FALSE,n.s.
Q8BG51,Rhot1,-0.2889886317767008,0.6749224702632073,0.9998429551679517,0.7646265405603333,0.1764590864584277,0.9998479593710528,FALSE,FALSE,n.s.
Q8BLK3,Lsamp,2.9239837055515236,0.017091099706963823,0.9998429551679517,-0.23479507209657072,0.8343241567995574,0.9998479593710528,TRUE,FALSE,Region-specific
P45952,Acadm,-0.7273966131345634,0.4068279612966541,0.9998429551679517,0.664426950011199,0.4446476041205417,0.9998479593710528,FALSE,FALSE,n.s.
Q8BWJ3,Phka2,0.1772401279157175,0.550807661463756,0.9998429551679517,-0.3754684239014777,0.30115443435582473,0.9998479593710528,FALSE,FALSE,n.s.
Q9D5T0,Atad1,0.5704943392190066,0.44240369378006317,0.9998429551679517,0.5510021909286559,0.40962774156329695,0.9998479593710528,FALSE,FALSE,n.s.
Q01279,Egfr,0.5422872440798221,0.19916836342236413,0.9998429551679517,0.24982302267198342,0.6532128128518209,0.9998479593710528,FALSE,FALSE,n.s.
P70699,Gaa,1.0454310330647996,0.15476244952037302,0.9998429551679517,0.22287360921425658,0.697936942575893,0.9998479593710528,FALSE,FALSE,n.s.
A2AJL3,Fggy,-1.0391082528866444,0.08460736379499358,0.9998429551679517,-0.21406801364539463,0.768428464948874,0.9998479593710528,FALSE,FALSE,n.s.
Q6PIE5,Atp1a2,-0.5026682055983576,0.4371654728913079,0.9998429551679517,-0.542064296300246,0.4159285788796464,0.9998479593710528,FALSE,FALSE,n.s.
P98200,Atp8a2,0.38140335407386594,0.48063807870475184,0.9998429551679517,0.4129550350511793,0.37408274301647637,0.9998479593710528,FALSE,FALSE,n.s.
Q9ERR1,Ndel1,0.15324518794893935,0.7786926472066131,0.9998429551679517,0.9529962485932838,0.07603879831459268,0.9998479593710528,FALSE,FALSE,n.s.
P11499,Hsp90ab1,1.1997441578699202,0.053509446927801047,0.9998429551679517,-0.16549042804866249,0.8022376683574415,0.9998479593710528,FALSE,FALSE,n.s.
Q61425,Hadh,0.4270545578156761,0.5488415444666173,0.9998429551679517,0.6707312431093788,0.3070218572055733,0.9998479593710528,FALSE,FALSE,n.s.
Q80U93,Nup214,0.4659462827663639,0.340329347896996,0.9998429551679517,0.2783418772307974,0.5161945954436711,0.9998479593710528,FALSE,FALSE,n.s.
O88736,Hsd17b7,-0.37579216884318234,0.6471246093660499,0.9998429551679517,-0.9541426544099911,0.20961045150201732,0.9998479593710528,FALSE,FALSE,n.s.
O08747,Unc5c,0.5239511132358956,0.30515933898354725,0.9998429551679517,0.45461256221125373,0.5518875761426768,0.9998479593710528,FALSE,FALSE,n.s.
P31938,Map2k1,0.2800011393277466,0.7307580989178388,0.9998429551679517,0.9872903737592961,0.12646029058359282,0.9998479593710528,FALSE,FALSE,n.s.
Q8CA72,Gan,-0.3834923756428601,0.4235904824023865,0.9998429551679517,-0.703926377149989,0.4340116847396863,0.9998479593710528,FALSE,FALSE,n.s.
Q8BG05,Hnrnpa3,0.36810346928037857,0.5659494343890354,0.9998429551679517,0.6569196389984078,0.2917903094931889,0.9998479593710528,FALSE,FALSE,n.s.
Q3U1V8,Map3k9,1.4148064794062012,0.20476566025177942,0.9998429551679517,0.5568672531730685,0.6542714157497835,0.9998479593710528,FALSE,FALSE,n.s.
P07742,Rrm1,0.44780533656174387,0.3248626636438794,0.9998429551679517,0.29409094362840704,0.5349285366513883,0.9998479593710528,FALSE,FALSE,n.s.
Q6PGB6,Naa50,-1.039732803636393,0.12241352660697101,0.9998429551679517,-0.19835161158880837,0.7376456566712467,0.9998479593710528,FALSE,FALSE,n.s.
Q9JI11,Stk4,-0.518005877825196,0.35130123884067965,0.9998429551679517,-0.27706364640310904,0.5087815978725694,0.9998479593710528,FALSE,FALSE,n.s.
Q91WN1,Dnajc9,-0.42003161914216514,0.3905233669038205,0.9998429551679517,-0.280517113591368,0.46961336436782997,0.9998479593710528,FALSE,FALSE,n.s.
Q9CW03,Smc3,-0.2787573171786229,0.37884715600337204,0.9998429551679517,0.20008711725468334,0.4815094709730251,0.9998479593710528,FALSE,FALSE,n.s.
Q80TT8,Cul9,-0.40950317340221887,0.4613449720923337,0.9998429551679517,-0.5627177995471759,0.3993452857555205,0.9998479593710528,FALSE,FALSE,n.s.
Q9CQA3,Sdhb,0.24906113357104387,0.7016996164247753,0.9998429551679517,0.7879615627159401,0.15906482033402827,0.9998479593710528,FALSE,FALSE,n.s.
Q62048,Pea15,0.8319812806763892,0.3725019322333105,0.9998429551679517,0.6696186117766777,0.48827280732810174,0.9998479593710528,FALSE,FALSE,n.s.
Q9JJK2,Lancl2,0.2783128482281445,0.6858071008800146,0.9998429551679517,0.9330431432777739,0.1753115084512263,0.9998479593710528,FALSE,FALSE,n.s.
Q9QXK7,Cpsf3,0.36864619860890363,0.3009399208339799,0.9998429551679517,-0.19388486374401853,0.5603805699829656,0.9998479593710528,FALSE,FALSE,n.s.
Q9D853,Eef1akmt2,0.3245707181090562,0.5921495341352347,0.9998429551679517,0.4011644213720001,0.26919096126654823,0.9998479593710528,FALSE,FALSE,n.s.
O70551,Srpk1,0.46194755243744806,0.46806545723144255,0.9998429551679517,0.39637793059251425,0.3948840319155562,0.9998479593710528,FALSE,FALSE,n.s.
O70503,Hsd17b12,0.3236109971937824,0.6532405527757912,0.9998429551679517,0.8237755972084294,0.20985785962272796,0.9998479593710528,FALSE,FALSE,n.s.
Q9JK42,Pdk2,0.6233630985366381,0.3845737013584746,0.9998429551679517,0.5103883074138679,0.4785392155407091,0.9998479593710528,FALSE,FALSE,n.s.
A0A2I3BQS6,Ubr5,-0.3501642363555031,0.46651213786168544,0.9998429551679517,-0.5419195572605586,0.3972555843528538,0.9998479593710528,FALSE,FALSE,n.s.
O09159,Man2b1,-0.10904949307585468,0.7632889042652365,0.9998429551679517,0.44313763211015467,0.10086107804604807,0.9998479593710528,FALSE,FALSE,n.s.
O54782,Man2b2,0.40885601959220125,0.4597048953507751,0.9998429551679517,-0.5273814358354822,0.404945419723556,0.9998479593710528,FALSE,FALSE,n.s.
Q8VD62,Bles03,1.8649103727134029,0.20146930199410032,0.9998429551679517,0.717140662653036,0.6635118189223075,0.9998479593710528,FALSE,FALSE,n.s.
Q9CR02,Tma16,0.5713020472684845,0.25793271735082657,0.9998429551679517,-0.26020327965359286,0.6073359539149823,0.9998479593710528,FALSE,FALSE,n.s.
Q8K009,Aldh1l2,0.8637715834843209,0.1659466336615295,0.9998429551679517,-0.13748396580818056,0.6996418181649169,0.9998479593710528,FALSE,FALSE,n.s.
Q8VBT0,Tmx1,-0.19948617724903728,0.7348939062184316,0.9998429551679517,-0.8658006305903805,0.13091389497636582,0.9998479593710528,FALSE,FALSE,n.s.
Q8BG93,Nudt15,0.9775239597576858,0.22685703728538173,0.9998429551679517,0.4067743618460023,0.6389600832163879,0.9998479593710528,FALSE,FALSE,n.s.
P16951,Atf2,0.13213821976054496,0.7151180283704177,0.9998429551679517,-0.7207970356425556,0.15186457749480542,0.9998479593710528,FALSE,FALSE,n.s.
Q9D4V0,Etnk1,0.1615229110092064,0.7843170519106787,0.9998429551679517,0.8254220564590361,0.08316861500892736,0.9998479593710528,FALSE,FALSE,n.s.
Q3UDP0,Wdr41,-0.3133418541714072,0.689386483366297,0.9998429551679517,-0.9365898707219698,0.17822281215492045,0.9998479593710528,FALSE,FALSE,n.s.
Q8CI32,Bag5,0.22014310842226492,0.5651682155123448,0.9998429551679517,0.4370967812846085,0.30337082137315174,0.9998479593710528,FALSE,FALSE,n.s.
Q8BIJ7,Rufy1,-0.23265741197722786,0.48919389094050336,0.9998429551679517,-0.33409553137509934,0.37996195367270735,0.9998479593710528,FALSE,FALSE,n.s.
Q8BX70,Vps13c,0.09166493915828207,0.6498911134921519,0.9998429551679517,0.23679527689683055,0.21930561779509541,0.9998479593710528,FALSE,FALSE,n.s.
P70303,Ctps2,0.24994063237624167,0.5253021671858156,0.9998429551679517,0.357519155926631,0.3441428621969429,0.9998479593710528,FALSE,FALSE,n.s.
A0A0R4J2D3,Mia3,-0.3075452498149385,0.30549900389787965,0.9998429551679517,-0.15268258842692511,0.5642861672297395,0.9998479593710528,FALSE,FALSE,n.s.
P55288,Cdh11,-0.1786417116817572,0.6997656353459505,0.9998429551679517,0.7680967091352457,0.17004107517568112,0.9998479593710528,FALSE,FALSE,n.s.
Q9R087,Gpc6,0.889817926867297,0.28175190605546285,0.9998429551679517,-0.7262322537818219,0.5896139617510889,0.9998479593710528,FALSE,FALSE,n.s.
P17183,Eno2,0.7459956257120697,0.42990038190411706,0.9998429551679517,0.7133647725694464,0.44196592266844936,0.9998479593710528,FALSE,FALSE,n.s.
Q9D920,Borcs5,-1.545393065053199,0.06753236892523626,0.9998429551679517,-0.18775060242480068,0.8045402828128998,0.9998479593710528,FALSE,FALSE,n.s.
O88703,Hcn2,0.43643444610363397,0.5325662774114723,0.9998429551679517,0.7128049021061916,0.3403393035861716,0.9998479593710528,FALSE,FALSE,n.s.
Q99P58,Rab27b,0.3870702433373954,0.6110680292868143,0.9998429551679517,1.0985469489680717,0.2625251907908899,0.9998479593710528,FALSE,FALSE,n.s.
Q9WU40,Lemd3,-0.6813499434055841,0.14744746398425662,0.9998429551679517,-0.1199317013046126,0.7262172592499061,0.9998479593710528,FALSE,FALSE,n.s.
Q6GQS1,Slc25a23,0.8262734795956628,0.21067439468871818,0.9998429551679517,0.21023913401821995,0.6631933998673126,0.9998479593710528,FALSE,FALSE,n.s.
Q8BGY7,Fam210a,-0.37414814740208097,0.4720880178155795,0.9998429551679517,-0.7643760681552514,0.40250528844359856,0.9998479593710528,FALSE,FALSE,n.s.
Q6A068,Cdc5l,-0.26481259922442596,0.5292603212180713,0.9998429551679517,0.3722410764966009,0.34572253679703235,0.9998479593710528,FALSE,FALSE,n.s.
O35593,Psmd14,0.5557380214696551,0.5125220473489895,0.9998429551679517,0.6863882795414535,0.36363974700996615,0.9998479593710528,FALSE,FALSE,n.s.
Q8BP92,Rcn2,0.2203796292867641,0.6603374084346332,0.9998429551679517,0.7169533417437474,0.2163856206403736,0.9998479593710528,FALSE,FALSE,n.s.
Q9D666,Sun1,-0.16071526039805922,0.7430396267927446,0.9998429551679517,-0.505977208442311,0.13374878288756692,0.9998479593710528,FALSE,FALSE,n.s.
Q9ET01,Pygl,-0.1278002245040839,0.6970704431761974,0.9998429551679517,-0.48782906896831596,0.17983201498152662,0.9998479593710528,FALSE,FALSE,n.s.
P57080,Usp25,-0.3736955088483076,0.3641540708130977,0.9998429551679517,-0.19690155049337826,0.512780538570281,0.9998479593710528,FALSE,FALSE,n.s.
O88741,Gdap1,-0.5430982108321527,0.5352304317884122,0.9998429551679517,0.9702440237874417,0.34188766761650524,0.9998479593710528,FALSE,FALSE,n.s.
Q9D4J7,Phf6,0.6679349962769019,0.5255637643848962,0.9998429551679517,-0.5151102232295682,0.35202227700077793,0.9998479593710528,FALSE,FALSE,n.s.
P98084,Apba2,-0.7880287106998237,0.13520248076820218,0.9998429551679517,0.24013312840408602,0.7424114290019792,0.9998479593710528,FALSE,FALSE,n.s.
Q8CGZ0,Cherp,-0.3774679992699905,0.5048348892256014,0.9998429551679517,0.3150601565148141,0.3728496394885712,0.9998479593710528,FALSE,FALSE,n.s.
Q9R0P5,Dstn,0.43732669685327674,0.6824081281421952,0.9998429551679517,1.212159981118402,0.19529253632299606,0.9998479593710528,FALSE,FALSE,n.s.
Q921C1,Gjc3,-0.8047122994138112,0.25766546481753844,0.9998429551679517,-0.4504195582907029,0.6202200635048826,0.9998479593710528,FALSE,FALSE,n.s.
Q9ERS2,Ndufa13,1.1974556135413026,0.3521829646689363,0.9998429551679517,0.802599223803524,0.5257322802773258,0.9998479593710528,FALSE,FALSE,n.s.
Q5SRY7,Fbxw11,0.10498855699911898,0.7848193157567972,0.9998429551679517,1.0474782158001363,0.09412384200770883,0.9998479593710528,FALSE,FALSE,n.s.
Q60790,Rasa3,0.11094485590986813,0.7531197057782862,0.9998429551679517,0.5448583008610796,0.1260033785044292,0.9998479593710528,FALSE,FALSE,n.s.
E9Q2W9,Actn4,1.1995327434501029,0.4263306730668758,0.9998429551679517,0.401748960317641,0.4531125697364665,0.9998479593710528,FALSE,FALSE,n.s.
Q6NS60,Fbxo41,-0.3958745331353733,0.4923269538162188,0.9998429551679517,-0.41797626680202565,0.3877218665201644,0.9998479593710528,FALSE,FALSE,n.s.
Q45VK7,Dync2h1,-0.20276301028736993,0.45911482565374395,0.9998429551679517,-0.1904274189281676,0.42115311353985796,0.9998479593710528,FALSE,FALSE,n.s.
Q8R3D1,Tbc1d13,0.19493120706288036,0.703305270629441,0.9998429551679517,0.593919071784855,0.17703192903787335,0.9998479593710528,FALSE,FALSE,n.s.
Q8VE70,Pdcd10,0.8600183817805455,0.3122586274403664,0.9998429551679517,-0.4878532007272399,0.5680807692721859,0.9998479593710528,FALSE,FALSE,n.s.
Q9Z2D8,Mbd3,-0.5759249277932069,0.5635378188158674,0.9998429551679517,0.4791943703820803,0.316912033041709,0.9998479593710528,FALSE,FALSE,n.s.
Q04736,Yes1,-0.16755128171383088,0.7960581666426849,0.9998429551679517,1.0417740692560569,0.08455320846275262,0.9998479593710528,FALSE,FALSE,n.s.
G5E8Q0,Lyst,-0.2886807538413263,0.22996430554409963,0.9998429551679517,-0.12970147938494517,0.6508791797428171,0.9998479593710528,FALSE,FALSE,n.s.
Q80X90,Flnb,0.053536993333659064,0.7910355255388105,0.9998429551679517,0.3399295618459512,0.08985320926793099,0.9998479593710528,FALSE,FALSE,n.s.
A0A1D5RLG3,Rab3gap1,-0.2987560355039484,0.4645054977317489,0.9998429551679517,-0.2945388307305115,0.41639029264663585,0.9998479593710528,FALSE,FALSE,n.s.
Q7TPV4,Mybbp1a,-0.15151813637838502,0.7203926003516399,0.9998429551679517,0.40848135958689075,0.16069857394438566,0.9998479593710528,FALSE,FALSE,n.s.
Q8BLF1,Nceh1,0.4577516926224073,0.570280317209386,0.9998429551679517,0.7565987903595552,0.31100000010670165,0.9998479593710528,FALSE,FALSE,n.s.
Q9JIK5,Ddx21,-0.2045212469095206,0.674505810034404,0.9998429551679517,-0.5561401632178549,0.20692490223224788,0.9998479593710528,FALSE,FALSE,n.s.
Q9JHK4,Rabggta,-0.8644638804170794,0.19258723107585246,0.9998429551679517,0.26525379630331575,0.689041550214658,0.9998479593710528,FALSE,FALSE,n.s.
Q5DTX6,Jcad,0.3911523095918869,0.3463576296219796,0.9998429551679517,-0.1637761819758711,0.5360183584588443,0.9998479593710528,FALSE,FALSE,n.s.
Q9R0P3,Esd,0.6456804865871656,0.4401668544345593,0.9998429551679517,0.676316266398987,0.4422678978693483,0.9998479593710528,FALSE,FALSE,n.s.
P83940,Eloc,0.8451386742155668,0.3870079471877794,0.9998429551679517,-0.9713345892511676,0.49552209189292606,0.9998479593710528,FALSE,FALSE,n.s.
Q99JT9,Adi1,0.38224620893221484,0.5442414077633572,0.9998429551679517,0.7640791779645818,0.3396221070026366,0.9998479593710528,FALSE,FALSE,n.s.
Q99JF8,Psip1,0.5920248139588234,0.3404275720353407,0.9998429551679517,0.39639251375402107,0.5436971892630802,0.9998479593710528,FALSE,FALSE,n.s.
Q3V384,Afg1l,0.7974240125352665,0.12441265396796848,0.9998429551679517,0.19137322975240803,0.7598036960031708,0.9998479593710528,FALSE,FALSE,n.s.
Q61165,Slc9a1,-0.39527998291532684,0.5605943619071088,0.9998429551679517,0.7378341535830292,0.32415127034713653,0.9998479593710528,FALSE,FALSE,n.s.
P54797,Tango2,0.3512713188133422,0.7232879917199351,0.9998429551679517,1.1889289446631939,0.16168096451487698,0.9998479593710528,FALSE,FALSE,n.s.
Q8BX02,Kank2,-0.6452685404857466,0.3437147961322089,0.9998429551679517,-0.579961837972712,0.541551473765574,0.9998479593710528,FALSE,FALSE,n.s.
Q8CI71,Vps50,0.6194187923171546,0.09749858805336686,0.9998429551679517,0.10442329835516083,0.7880555449804169,0.9998479593710528,FALSE,FALSE,n.s.
P14206,Rpsa,0.7596752259785433,0.47775779728204204,0.9998429551679517,0.9511716588704259,0.4079431057982381,0.9998479593710528,FALSE,FALSE,n.s.
Q3USZ8,Dipk2a,-0.5989651112833534,0.3172020420588079,0.9998429551679517,0.3832802025389928,0.5697036347602115,0.9998479593710528,FALSE,FALSE,n.s.
G3X8U8,Parg,-0.702604087291835,0.3996598269387363,0.9998429551679517,0.4476605957110906,0.4873948710246435,0.9998479593710528,FALSE,FALSE,n.s.
Q8BXR1,Slc7a14,-0.7813956087364112,0.3745121939575914,0.9998429551679517,-0.5211075026630212,0.512567673607213,0.9998479593710528,FALSE,FALSE,n.s.
Q3TZZ7,Esyt2,0.3459284104747646,0.48634567186056776,0.9998429551679517,0.33906981940262393,0.4007557651817285,0.9998479593710528,FALSE,FALSE,n.s.
P21278,Gna11,0.4529363223872966,0.6791028578858019,0.9998429551679517,0.8575053101224501,0.2092622690016041,0.9998479593710528,FALSE,FALSE,n.s.
Q64455,Ptprj,-0.42945015795289965,0.36083844940826215,0.9998429551679517,0.22014635785897324,0.5275689244698517,0.9998479593710528,FALSE,FALSE,n.s.
Q9D6Y9,Gbe1,0.280425263765402,0.5945683299316679,0.9998429551679517,0.5695572327565226,0.2940391301371713,0.9998479593710528,FALSE,FALSE,n.s.
Q8BIV3,Ranbp6,-0.1918033676196073,0.5517836546486516,0.9998429551679517,-0.30711035696137207,0.3383281671288284,0.9998479593710528,FALSE,FALSE,n.s.
P09242,Alpl,0.7539658736046468,0.3292020598642785,0.9998429551679517,0.352504931511695,0.5613435880475044,0.9998479593710528,FALSE,FALSE,n.s.
Q7TPM6,Fsd1,0.1424370607145882,0.8202004843824865,0.9998429551679517,1.2126404158451356,0.0715543506462575,0.9998479593710528,FALSE,FALSE,n.s.
Q3UFT3,Garem1,0.29681115540812447,0.5127424737683336,0.9998429551679517,-0.4836953195380291,0.37920294624141815,0.9998479593710528,FALSE,FALSE,n.s.
Q9D114,Hddc3,0.7487609114582343,0.18936158323208602,0.9998429551679517,0.34316602190585244,0.7026964425460287,0.9998479593710528,FALSE,FALSE,n.s.
Q3U1V6,Uevld,-0.37693085481562766,0.5748258343071959,0.9998429551679517,0.5714140299573892,0.31729353323579723,0.9998479593710528,FALSE,FALSE,n.s.
Q9Z0Z4,Heph,0.6922677321218792,0.15154541110346423,0.9998429551679517,-0.15862260805080913,0.7405916025106276,0.9998479593710528,FALSE,FALSE,n.s.
A0A0R4J050,Acy1,-0.7465859515007687,0.11742925531934588,0.9998429551679517,-0.15532823986863792,0.7748271592320916,0.9998479593710528,FALSE,FALSE,n.s.
Q9JM76,Arpc3,0.5980309897600705,0.505697820820413,0.9998429551679517,0.9112253639399313,0.38666990922677535,0.9998479593710528,FALSE,FALSE,n.s.
Q80W04,Tmcc2,-0.9884800646243739,0.15092561253935494,0.9998429551679517,0.18980618982851866,0.741774467358169,0.9998479593710528,FALSE,FALSE,n.s.
Q91W43,Gldc,0.19732960597396626,0.5912094277459394,0.9998429551679517,-0.36242870558029666,0.3017948870635814,0.9998479593710528,FALSE,FALSE,n.s.
Q6P4T0,Atg2a,-0.7360393860791087,0.1662823053456194,0.9998429551679517,0.22226051467814373,0.7269936381276516,0.9998479593710528,FALSE,FALSE,n.s.
B9EHT4,Clip3,-0.6063484753368114,0.09279637882031545,0.9998429551679517,0.11034582122319693,0.8005502444598724,0.9998479593710528,FALSE,FALSE,n.s.
O35066,Kif3c,-0.7775675206505304,0.10989269991819123,0.9998429551679517,-0.09867180678114217,0.7835853861386411,0.9998479593710528,FALSE,FALSE,n.s.
Q6P4T1,Snx19,0.47446116882835776,0.42875776072164973,0.9998429551679517,-0.5396075932636714,0.4647242050273731,0.9998479593710528,FALSE,FALSE,n.s.
Q3UV70,Pdp1,0.48593987829085644,0.5209111053820535,0.9998429551679517,0.5912660418638451,0.3726095690021396,0.9998479593710528,FALSE,FALSE,n.s.
Q3TUH1,Tamm41,-0.35104702928093057,0.6158533768712275,0.9998429551679517,0.8262174904577171,0.27839307184931794,0.9998479593710528,FALSE,FALSE,n.s.
P51150,Rab7a,0.8185780491470989,0.3969691704100001,0.9998429551679517,0.7198945877870756,0.49728854464208183,0.9998479593710528,FALSE,FALSE,n.s.
Q91VR2,Atp5f1c,1.1291761597425753,0.39326470599515484,0.9998429551679517,0.8813067987017582,0.50129922072505,0.9998479593710528,FALSE,FALSE,n.s.
P62983,Rps27a,-0.9251131566906227,0.522202865536154,0.9998429551679517,-1.2086837880205932,0.37275855438470296,0.9998479593710528,FALSE,FALSE,n.s.
E9Q6R7,Utrn,-0.38647051668028704,0.22419563241845214,0.9998429551679517,0.08914775380006232,0.6711613164932855,0.9998479593710528,FALSE,FALSE,n.s.
Q80X41,Vrk1,0.5679513995018909,0.4855944002652548,0.9998429551679517,0.7711185882402278,0.40982717758762965,0.9998479593710528,FALSE,FALSE,n.s.
Q8BZ60,Ston2,-0.27951783831463195,0.6005766211179548,0.9998429551679517,-0.616072019306198,0.2948994110572131,0.9998479593710528,FALSE,FALSE,n.s.
Q3UN31,Pla2g6,-0.35053847476695926,0.48355850080450224,0.9998429551679517,0.32735431699676953,0.4119214886801491,0.9998479593710528,FALSE,FALSE,n.s.
Q99JR6,Nmnat3,-1.2472041223669255,0.28421473338468467,0.9998429551679517,0.9410388948614566,0.6112717322150274,0.9998479593710528,FALSE,FALSE,n.s.
P97478,Coq7,-0.47274691512981853,0.4934597109985648,0.9998429551679517,0.6577309454501392,0.4020305010427293,0.9998479593710528,FALSE,FALSE,n.s.
A8DUQ1,Hbbt1,-0.9354850806762744,0.5151951956390817,0.9998429551679517,-1.1206477233951897,0.3804949031957646,0.9998479593710528,FALSE,FALSE,n.s.
Q8K3I4,Myrip,0.3950942240582347,0.41048152353835154,0.9998429551679517,0.39811700868501276,0.485379790212677,0.9998479593710528,FALSE,FALSE,n.s.
O09111,Ndufb11,1.2400341044532082,0.36483015080801934,0.9998429551679517,1.0353476975168543,0.531520013895071,0.9998479593710528,FALSE,FALSE,n.s.
P46664,Adss2,0.560952266202392,0.4356014513563743,0.9998429551679517,0.5310758630323587,0.46092141975442413,0.9998479593710528,FALSE,FALSE,n.s.
Q8K0S0,Phyhip,-0.5927464438368844,0.6302978928839835,0.9998429551679517,-0.9665905424340304,0.26626005259346947,0.9998479593710528,FALSE,FALSE,n.s.
Q8CCK0,Macroh2a2,0.20447819601572573,0.6506063827140223,0.9998429551679517,0.4437092656232096,0.2459972094876213,0.9998479593710528,FALSE,FALSE,n.s.
Q9DCP2,Slc38a3,-1.0004732060142711,0.23622479918379247,0.9998429551679517,-0.2366882501632646,0.6604775978231172,0.9998479593710528,FALSE,FALSE,n.s.
Q99LI2,Clcc1,0.11492971467635446,0.8246750400785167,0.9998429551679517,-1.211381778828753,0.07232058891109254,0.9998479593710528,FALSE,FALSE,n.s.
Q61599,Arhgdib,-0.9125183482785633,0.30446357320333856,0.9998429551679517,-0.463302349065047,0.5927263379398782,0.9998479593710528,FALSE,FALSE,n.s.
P61222,Abce1,-0.3647985795122755,0.517276091805084,0.9998429551679517,0.3836640240797644,0.38021427272623565,0.9998479593710528,FALSE,FALSE,n.s.
Q8CDA1,Inpp5f,-0.23324594119377204,0.5593963088967688,0.9998429551679517,0.33959174452580054,0.33815268664710685,0.9998479593710528,FALSE,FALSE,n.s.
Q810B8,Slitrk4,0.2702964173935803,0.693884508689167,0.9998429551679517,-0.5516633078877834,0.20417192979993828,0.9998479593710528,FALSE,FALSE,n.s.
Q05512,Mark2,-0.45835025886940445,0.28398969667108503,0.9998429551679517,-0.15527311531959767,0.6141751430498734,0.9998479593710528,FALSE,FALSE,n.s.
Q9CPX6,Atg3,-0.5624942390487079,0.42482615449415073,0.9998429551679517,0.4346583313801371,0.47414289198142967,0.9998479593710528,FALSE,FALSE,n.s.
Q5SQM0,Eml6,-0.4351710784662096,0.1667892398897442,0.9998429551679517,0.12151189083037926,0.7324553377218026,0.9998479593710528,FALSE,FALSE,n.s.
Q9D824,Fip1l1,-0.7337556437322518,0.3675972354821121,0.9998429551679517,-0.3613099589101494,0.532180122360878,0.9998479593710528,FALSE,FALSE,n.s.
Q9R0A0,Pex14,-0.7602304120778962,0.21004497778615105,0.9998429551679517,-0.23049982553550497,0.6898254857215453,0.9998479593710528,FALSE,FALSE,n.s.
P52194,Clgn,1.4404674468972882,0.1491828406783234,0.9998429551679517,0.13236114173836788,0.7511425425234535,0.9998479593710528,FALSE,FALSE,n.s.
Q4H4B5,Magi1,0.23029338443868094,0.5842662970055753,0.9998429551679517,0.4045120510791827,0.3161148918237217,0.9998479593710528,FALSE,FALSE,n.s.
P57759,Erp29,-0.511354952515394,0.5340296482078779,0.9998429551679517,0.6545636108908147,0.36635458737606097,0.9998479593710528,FALSE,FALSE,n.s.
P62774,Mtpn,-0.828280326868956,0.3530358593379863,0.9998429551679517,-0.5967263808739139,0.5473846569128746,0.9998479593710528,FALSE,FALSE,n.s.
F8VQJ3,Lamc1,0.08331505399068813,0.818262549776868,0.9998429551679517,-0.6588815988562302,0.08222925297945044,0.9998479593710528,FALSE,FALSE,n.s.
Q8CCN5,Bcas3,0.18353613693339538,0.7108771667714622,0.9998429551679517,-0.6472596269602151,0.18979156314813453,0.9998479593710528,FALSE,FALSE,n.s.
Q8CC21,Ttc19,0.21848446066118046,0.7397328661628068,0.9998429551679517,0.725356945548785,0.16094119332081555,0.9998479593710528,FALSE,FALSE,n.s.
Q6PE13,Prrt3,-0.47424788430373227,0.43582263869816895,0.9998429551679517,0.35563874638451043,0.46505446512858084,0.9998479593710528,FALSE,FALSE,n.s.
P52734,Fgd1,0.5717097258185156,0.21903722675635293,0.9998429551679517,-0.2536564317260874,0.6820924620049995,0.9998479593710528,FALSE,FALSE,n.s.
Q8CH25,Sltm,-0.18171453308669103,0.6784449703411672,0.9998429551679517,-0.5147912836652405,0.222917785999878,0.9998479593710528,FALSE,FALSE,n.s.
P70671,Irf3,0.5135433125853915,0.5099997662981669,0.9998429551679517,-0.5686517281107527,0.3916264210523762,0.9998479593710528,FALSE,FALSE,n.s.
Q9R1E6,Enpp2,-0.4688855502118601,0.3556205561196728,0.9998429551679517,-0.23460348123356067,0.546148740345556,0.9998479593710528,FALSE,FALSE,n.s.
P97927,Lama4,-0.1299021525642672,0.7099913255506272,0.9998429551679517,-0.5845100771451411,0.1922786956531774,0.9998479593710528,FALSE,FALSE,n.s.
Q8K0C9,Gmds,-0.5471281719474398,0.3463177305250943,0.9998429551679517,-0.35994412741551424,0.5566044808186679,0.9998479593710528,FALSE,FALSE,n.s.
Q6P4S6,Sik3,0.2353504138141556,0.5814742817002814,0.9998429551679517,0.41519095069706924,0.3214486743789047,0.9998479593710528,FALSE,FALSE,n.s.
Q6W8Q3,Pcp4l1,0.5685492577011554,0.49231227795233357,0.9998429551679517,0.8148690246588834,0.4107159863530116,0.9998479593710528,FALSE,FALSE,n.s.
P54285,Cacnb3,-0.5302647757801818,0.5388997777542976,0.9998429551679517,-1.1326775063836962,0.36429494982143973,0.9998479593710528,FALSE,FALSE,n.s.
Q9D1L9,Lamtor5,0.51312007363497,0.6002885105699898,0.9998429551679517,0.7278695690556855,0.3030274471614169,0.9998479593710528,FALSE,FALSE,n.s.
Q9R1L5,Mast1,0.26604155700697074,0.4683126941821295,0.9998429551679517,-0.29201126747059003,0.4350762896884707,0.9998479593710528,FALSE,FALSE,n.s.
Q9Z1K5,Arih1,-0.28890572358202316,0.616971226156537,0.9998429551679517,-0.6174992435582204,0.2869011403520615,0.9998479593710528,FALSE,FALSE,n.s.
P31324,Prkar2b,1.0030147363668733,0.26228418497720973,0.9998429551679517,0.3236013058749721,0.6415969491896272,0.9998479593710528,FALSE,FALSE,n.s.
P83741,Wnk1,-0.6851363014885122,0.1197166413824318,0.9998429551679517,-0.10495267426326034,0.7841848161440997,0.9998479593710528,FALSE,FALSE,n.s.
Q8BP22,Cibar1,1.1268468147828365,0.3922926239593733,0.9998429551679517,-0.4398870972970432,0.5126612114175222,0.9998479593710528,FALSE,FALSE,n.s.
Q91WD1,Polr3d,-0.21974513527748687,0.735953119938199,0.9998429551679517,-1.14840485042195,0.16914048233006643,0.9998479593710528,FALSE,FALSE,n.s.
P46061,Rangap1,0.4553482853154207,0.35123373342443676,0.9998429551679517,0.35329942436427203,0.5552619256119652,0.9998479593710528,FALSE,FALSE,n.s.
Q4VA53,Pds5b,0.24661341313307994,0.413737306486882,0.9998429551679517,0.1707190043788914,0.4928041417387905,0.9998479593710528,FALSE,FALSE,n.s.
Q6PGC1,Dhx29,0.2982642390446067,0.3851189815903985,0.9998429551679517,-0.23748897627122353,0.5214460794921663,0.9998479593710528,FALSE,FALSE,n.s.
Q3TIR3,Ric8a,-0.14896734473664264,0.8260197577323396,0.9998429551679517,1.2257177304926272,0.08069032107850548,0.9998479593710528,FALSE,FALSE,n.s.
Q5U5V2,Hykk,0.14251426989855445,0.844505945966743,0.9998429551679517,0.7181270883789784,0.06282161731473418,0.9998479593710528,FALSE,FALSE,n.s.
A2AJ88,Pnpla7,0.6322095289823747,0.2303620128041979,0.9998429551679517,-0.29224176833990834,0.6770817717336466,0.9998479593710528,FALSE,FALSE,n.s.
Q91ZX7,Lrp1,0.13105711611298082,0.634153356947911,0.9998429551679517,0.28074339723689073,0.27357778368688795,0.9998479593710528,FALSE,FALSE,n.s.
Q8C3J5,Dock2,0.31915879669645597,0.36528015064671293,0.9998429551679517,0.31596176373161883,0.5425448599872595,0.9998479593710528,FALSE,FALSE,n.s.
O08648,Map3k4,0.5572078174618962,0.144506784405006,0.9998429551679517,-0.08269435002849797,0.7634204882303921,0.9998479593710528,FALSE,FALSE,n.s.
Q80TQ5,Plekhm2,1.3772558301041826,0.11586449113309183,0.9998429551679517,-0.12210611422290578,0.7921158935665277,0.9998479593710528,FALSE,FALSE,n.s.
P70196,Traf6,0.5117104952239049,0.2480334087543639,0.9998429551679517,0.27973081995267673,0.660064056121497,0.9998479593710528,FALSE,FALSE,n.s.
O08583,Alyref,-0.3536072309496321,0.791798878771148,0.9998429551679517,-1.4395112699644366,0.1165783164031659,0.9998479593710528,FALSE,FALSE,n.s.
Q8BIE6,Frmd4a,-0.6067963818507793,0.08578727012461813,0.9998429551679517,-0.17096305322204516,0.8226694914522354,0.9998479593710528,FALSE,FALSE,n.s.
Q9JIS5,Sv2a,-0.7276885277752643,0.42662529679474337,0.9998429551679517,-0.7128929736683959,0.48193572275989816,0.9998479593710528,FALSE,FALSE,n.s.
Q9Z2G9,Htatip2,-0.3113686790473387,0.6324891939798243,0.9998429551679517,0.5075682516996037,0.27624222537089643,0.9998479593710528,FALSE,FALSE,n.s.
Q91YE6,Ipo9,-0.7966169966091808,0.06141863787748949,0.9998429551679517,0.07404122668205271,0.8474212213076465,0.9998479593710528,FALSE,FALSE,n.s.
Q8VBU5,Pde4b,-0.19829777809456564,0.6665699412039227,0.9998429551679517,0.5102751943139334,0.24267441580148888,0.9998479593710528,FALSE,FALSE,n.s.
Q9Z2W8,Gria4,-0.18300055490076303,0.8033505208439935,0.9998429551679517,0.8913888513725472,0.10628595601805489,0.9998479593710528,FALSE,FALSE,n.s.
Q9WVJ5,Crybb1,-0.21017184794861618,0.7949315877012445,0.9998429551679517,-1.203181349912079,0.11615573757631592,0.9998479593710528,FALSE,FALSE,n.s.
Q80Y56,Rbsn,0.5638276343558033,0.2587681417361763,0.9998429551679517,0.21210031484816994,0.6525510824169816,0.9998479593710528,FALSE,FALSE,n.s.
Q8BQM4,Heatr3,-0.5278602302436902,0.3462323914990563,0.9998429551679517,-0.22767171195568148,0.5657364771835749,0.9998479593710528,FALSE,FALSE,n.s.
Q9ERF3,Skic8,-0.43172741967479084,0.3648265724367884,0.9998429551679517,0.3291813124856626,0.5476640260478086,0.9998479593710528,FALSE,FALSE,n.s.
Q76LL6,Fhod3,-0.7294747754313978,0.31062964735842125,0.9998429551679517,-0.31580456783671146,0.601879418472666,0.9998479593710528,FALSE,FALSE,n.s.
E9Q7G0,Numa1,0.1935094531946513,0.39930743767653454,0.9998429551679517,0.14428487183354294,0.5132623500528735,0.9998479593710528,FALSE,FALSE,n.s.
Q9JKF6,Nectin1,0.5566513190315633,0.484542930392285,0.9998429551679517,0.6049111154345588,0.4281170477952967,0.9998479593710528,FALSE,FALSE,n.s.
E9Q912,Rap1gds1,0.25459503386260246,0.7171062161885795,0.9998429551679517,0.860237610020621,0.19618840378634483,0.9998479593710528,FALSE,FALSE,n.s.
Q9QY15,Ddx25,0.5893007887842066,0.6205701907569192,0.9998429551679517,0.9393979219349249,0.2927973002255099,0.9998479593710528,FALSE,FALSE,n.s.
Q9Z2I8,Suclg2,0.3991666001799732,0.3782723963583323,0.9998429551679517,0.34139384429827424,0.5352560989044892,0.9998479593710528,FALSE,FALSE,n.s.
Q91YP2,Nln,-0.48826291053942533,0.22979240286620728,0.9998429551679517,0.15538265303878518,0.683745130529748,0.9998479593710528,FALSE,FALSE,n.s.
P32261,Serpinc1,-1.2895839830088447,0.2594308244910469,0.9998429551679517,-0.33236290401885604,0.654806305252907,0.9998479593710528,FALSE,FALSE,n.s.
Q3TWN3,Cnnm2,-0.3333650809650187,0.586522905268785,0.9998429551679517,0.8448957907157487,0.3280772351386817,0.9998479593710528,FALSE,FALSE,n.s.
Q9D4H9,Phf14,-0.32381127335052956,0.5186552708996943,0.9998429551679517,0.37639482458227974,0.3963654483626039,0.9998479593710528,FALSE,FALSE,n.s.
Q9JKY5,Hip1r,0.32075893693375584,0.31737478884988235,0.9998429551679517,0.18083252716449755,0.5977262123707968,0.9998479593710528,FALSE,FALSE,n.s.
Q6WQJ1,Dagla,-0.2618949936236735,0.6693061842812302,0.9998429551679517,-0.5753158669314095,0.2459979343710525,0.9998479593710528,FALSE,FALSE,n.s.
Q3V2R3,Chn2,-0.29690632376328274,0.4602096139904862,0.9998429551679517,0.44726994373800816,0.4554073328961912,0.9998479593710528,FALSE,FALSE,n.s.
Q99K85,Psat1,0.32364057194264617,0.6825928569182171,0.9998429551679517,1.0932415451255546,0.23306775554854617,0.9998479593710528,FALSE,FALSE,n.s.
Q6V4S5,Sdk2,0.3044810234344616,0.48389730754846505,0.9998429551679517,-0.43946627741392463,0.4322067816016152,0.9998479593710528,FALSE,FALSE,n.s.
P43247,Msh2,0.419307857516458,0.47710196497308754,0.9998429551679517,-0.38014846053268014,0.43955046444648294,0.9998479593710528,FALSE,FALSE,n.s.
Q61510,Trim25,-0.33673746823620815,0.5006485827021177,0.9998429551679517,0.329216474886445,0.4163116290907699,0.9998479593710528,FALSE,FALSE,n.s.
P70704,Atp8a1,0.2157597424646456,0.6890819944635724,0.9998429551679517,-1.5386335785037941,0.2280036794567252,0.9998479593710528,FALSE,FALSE,n.s.
S0DHL8,Carmil2,-0.2351483837695282,0.7306118524587261,0.9998429551679517,0.8444479735228729,0.1865540157154235,0.9998479593710528,FALSE,FALSE,n.s.
Q62376,Snrnp70,0.6537485546429229,0.38959618486627323,0.9998429551679517,0.4867816362010289,0.528296427135881,0.9998479593710528,FALSE,FALSE,n.s.
Q8BZZ3,Wwp1,-0.29234194535065544,0.6595846462298063,0.9998429551679517,-0.7005625063524349,0.25890517152105263,0.9998479593710528,FALSE,FALSE,n.s.
P84086,Cplx2,1.204125619071776,0.4307046826407973,0.9998429551679517,1.094895636577163,0.4877909304921054,0.9998479593710528,FALSE,FALSE,n.s.
Q99ME2,Wdr6,0.9209914493064665,0.4963690629359079,0.9998429551679517,0.7405852108253101,0.42252976769908707,0.9998479593710528,FALSE,FALSE,n.s.
Q8BGT6,Micall1,0.1541612010884226,0.674967065766152,0.9998429551679517,-0.4492937497675462,0.24407578287727166,0.9998479593710528,FALSE,FALSE,n.s.
Q9R0D8,Wdr54,0.19198116003944263,0.7326179585547509,0.9998429551679517,1.3399536781226562,0.18646890595083823,0.9998479593710528,FALSE,FALSE,n.s.
O88986,Gcat,0.08356509095324507,0.8305423478816505,0.9998429551679517,1.1218537612415358,0.08855364685505815,0.9998479593710528,FALSE,FALSE,n.s.
Q9EPU5,Tnfrsf21,-0.841275546123196,0.0328258095766297,0.9998429551679517,0.06147445808717407,0.8863854131086302,0.9998479593710528,TRUE,FALSE,Region-specific
Q9WUN2,Tbk1,-0.4040933332220376,0.39965527061497874,0.9998429551679517,-0.27652818253765293,0.5197092012531155,0.9998479593710528,FALSE,FALSE,n.s.
Q69ZN7,Myof,0.40232239941035447,0.2353208932496424,0.9998429551679517,-0.2514752909870005,0.6840771232485124,0.9998479593710528,FALSE,FALSE,n.s.
Q8BLN6,Unc80,-0.24476542431271117,0.3767350319593715,0.9998429551679517,0.1931927971946902,0.5426709088641537,0.9998479593710528,FALSE,FALSE,n.s.
Q6ZQ93,Usp34,-0.15933919768224697,0.7410957584282605,0.9998429551679517,-0.4995156086634497,0.17859948172672174,0.9998479593710528,FALSE,FALSE,n.s.
Q8VDM6,Hnrnpul1,-0.22093873371721964,0.6333902840339855,0.9998429551679517,0.44079142507269875,0.28664942177781816,0.9998479593710528,FALSE,FALSE,n.s.
Q9JHZ2,Ankh,0.44877211668521566,0.3892118450709301,0.9998429551679517,-0.4093515986791662,0.5309692430988936,0.9998479593710528,FALSE,FALSE,n.s.
P61087,Ube2k,0.44532495476020045,0.6724035192518352,0.9998429551679517,1.109640715905811,0.24783650381153766,0.9998479593710528,FALSE,FALSE,n.s.
Q9WTS2,Fut8,0.31653150639587313,0.5573278268338775,0.9998429551679517,-0.6297051908745331,0.3629813009116942,0.9998479593710528,FALSE,FALSE,n.s.
Q8CHQ0,Fbxo4,0.24105389278460157,0.7570101668250115,0.9998429551679517,-0.5447487698366326,0.16336180972907574,0.9998479593710528,FALSE,FALSE,n.s.
P70404,Idh3g,1.0422431105392378,0.33135494816842326,0.9998429551679517,0.5411441841608426,0.589280156844933,0.9998479593710528,FALSE,FALSE,n.s.
Q3THS6,Mat2a,-0.40629922210757796,0.6295127344434424,0.9998429551679517,-0.6609387249565246,0.2911794508202255,0.9998479593710528,FALSE,FALSE,n.s.
Q9JII5,Dazap1,0.45019775348444235,0.6369941523064315,0.9998429551679517,1.088767847038258,0.28390347304901387,0.9998479593710528,FALSE,FALSE,n.s.
Q91YS8,Camk1,0.7277605600272075,0.3546566860444379,0.9998429551679517,0.510508571325947,0.5663283889820893,0.9998479593710528,FALSE,FALSE,n.s.
P63239,Pcsk1,-0.43232642560807866,0.4855974775652431,0.9998429551679517,-0.48197918623520286,0.4356251735463942,0.9998479593710528,FALSE,FALSE,n.s.
Q9DCS3,Mecr,-0.4528474034917976,0.5776300096833693,0.9998429551679517,-1.0328097056534016,0.3437725204170067,0.9998479593710528,FALSE,FALSE,n.s.
P58404,Strn4,0.8539116167416557,0.2598258864039378,0.9998429551679517,-0.4596161374175056,0.6621129215471175,0.9998479593710528,FALSE,FALSE,n.s.
Q8VBT9,Aspscr1,-0.6062474328850439,0.2001359404541312,0.9998429551679517,-0.15105566180954394,0.7218252971156842,0.9998479593710528,FALSE,FALSE,n.s.
B8QI34,Ppfia2,-0.4700038888797083,0.21954642141693484,0.9998429551679517,-0.192834119440014,0.7027251471861169,0.9998479593710528,FALSE,FALSE,n.s.
P59114,Pcif1,0.4402740354147577,0.4609537758393468,0.9998429551679517,0.5032425247593572,0.46154781483375074,0.9998479593710528,FALSE,FALSE,n.s.
Q8BJL0,Smarcal1,-0.19016547038279227,0.5627547527094987,0.9998429551679517,-0.34783742701595854,0.3600133499569552,0.9998479593710528,FALSE,FALSE,n.s.
P70388,Rad50,-0.22586650174051431,0.6677061605642887,0.9998429551679517,-0.46990063497759677,0.25554399281972473,0.9998479593710528,FALSE,FALSE,n.s.
Q8BMD8,Slc25a24,-0.1319264027641121,0.853722157861702,0.9998429551679517,-1.2066525049737973,0.06986454890780563,0.9998479593710528,FALSE,FALSE,n.s.
Q8R0A0,Gtf2f2,-0.1536333231454432,0.7681280338378534,0.9998429551679517,-0.6777794445259419,0.15561598628371268,0.9998479593710528,FALSE,FALSE,n.s.
Q7TPV2,Dzip3,-0.5926028318182991,0.12561020076906568,0.9998429551679517,0.08510453563437388,0.7982479524324534,0.9998479593710528,FALSE,FALSE,n.s.
P39053,Dnm1,0.12463874978379899,0.9235655870689731,0.9998429551679517,-1.9319265284807563,4.326069873099944e-4,0.3093879358417459,TRUE,FALSE,Region-specific
Q91Z61,Diras1,0.1990562653782338,0.7872325757161849,0.9998429551679517,1.3271661977890414,0.13686954919517832,0.9998479593710528,FALSE,FALSE,n.s.
O35633,Slc32a1,-0.8491838394001086,0.4813865249751239,0.9998429551679517,1.1311202582465243,0.4427610071307434,0.9998479593710528,FALSE,FALSE,n.s.
P35282,Rab21,0.5954778725336123,0.5295868300186615,0.9998429551679517,0.777858686143786,0.3946034309041766,0.9998479593710528,FALSE,FALSE,n.s.
Q9QZX7,Srr,-0.26274828562943586,0.7734542215436172,0.9998429551679517,0.9847621267009136,0.15077926169853678,0.9998479593710528,FALSE,FALSE,n.s.
Q99L88,Sntb1,-0.12963517935318097,0.7931243570119565,0.9998429551679517,-0.7392401617685589,0.1316774902008094,0.9998479593710528,FALSE,FALSE,n.s.
Q9DBD5,Pelp1,0.40081797261590063,0.6574310149236644,0.9998429551679517,1.0718210557387828,0.26821148257001326,0.9998479593710528,FALSE,FALSE,n.s.
P62141,Ppp1cb,1.6011588584594065,0.17347535725726843,0.9998429551679517,-0.3286835081142199,0.7526124804473895,0.9998479593710528,FALSE,FALSE,n.s.
Q8CGE9,Rgs12,-0.328310696004713,0.5664452907776556,0.9998429551679517,-1.0482113860765259,0.35980934709209333,0.9998479593710528,FALSE,FALSE,n.s.
Q8K406,Lgi3,-0.39546688123596474,0.6117545453125297,0.9998429551679517,-1.040040754661913,0.3147053629214004,0.9998479593710528,FALSE,FALSE,n.s.
Q9WTT4,Atp6v1g2,-1.8599178569346826,0.43422917757181134,0.9998429551679517,1.2178809804189366,0.4923069391512397,0.9998479593710528,FALSE,FALSE,n.s.
P62627,Dynlrb1,1.2008495123150456,0.4190308533156819,0.9998429551679517,1.071186190952419,0.5076645159329611,0.9998479593710528,FALSE,FALSE,n.s.
Q99020,Hnrnpab,0.5204442050130159,0.5631258668730461,0.9998429551679517,0.8451397616730418,0.36398861994527354,0.9998479593710528,FALSE,FALSE,n.s.
Q3U7R1,Esyt1,0.22048930924811852,0.6329911390382719,0.9998429551679517,0.4638507268089245,0.2944806365338513,0.9998479593710528,FALSE,FALSE,n.s.
P28650,Adss1,0.2713779667518624,0.6328712939704835,0.9998429551679517,0.5599481452088511,0.29496380785509585,0.9998479593710528,FALSE,FALSE,n.s.
O35488,Slc27a2,-0.2654850857664076,0.6160377147023559,0.9998429551679517,-0.46313582820035826,0.3118593178543019,0.9998479593710528,FALSE,FALSE,n.s.
Q64514,Tpp2,-0.45031456583797685,0.250902814670303,0.9998429551679517,0.15617102390522064,0.6775636507002452,0.9998479593710528,FALSE,FALSE,n.s.
Q6ZQ38,Cand1,0.2549139579319503,0.590234483251299,0.9998429551679517,0.44692149989070956,0.3382669930886547,0.9998479593710528,FALSE,FALSE,n.s.
Q8BLJ3,Plcxd3,0.7252839057457972,0.51886178867174,0.9998429551679517,0.7036049329534969,0.40986785670089043,0.9998479593710528,FALSE,FALSE,n.s.
P0C7M9,Clec2l,0.8130206813385024,0.23483468004344601,0.9998429551679517,-0.32970960542236843,0.6939040268482035,0.9998479593710528,FALSE,FALSE,n.s.
Q3TL33,Calu,0.6065998870146053,0.41047343021461596,0.9998429551679517,0.2877716560836221,0.5183217811175072,0.9998479593710528,FALSE,FALSE,n.s.
Q8BG39,Sv2b,-0.58515442609118,0.6237710256854858,0.9998429551679517,-1.0514224948577524,0.3050876522605961,0.9998479593710528,FALSE,FALSE,n.s.
P61205,Arf3,0.3862544677204185,0.7709028206486507,0.9998429551679517,-1.8828017622507007,0.15803300649010313,0.9998479593710528,FALSE,FALSE,n.s.
Q80TE0,Rpap1,0.3995977226909381,0.6163628850259024,0.9998429551679517,0.6462962279540845,0.31282994014730536,0.9998479593710528,FALSE,FALSE,n.s.
Q5IRJ6,Slc30a9,-0.2883159607902656,0.6138178905795484,0.9998429551679517,0.6286228416434315,0.31539807588075025,0.9998479593710528,FALSE,FALSE,n.s.
A0A1B0GS41,Gab1,0.462961157760841,0.25821725731991446,0.9998429551679517,0.2258510605869431,0.6710783136818308,0.9998479593710528,FALSE,FALSE,n.s.
Q6ZPR5,Smpd4,-0.5274366371342121,0.37706886825546293,0.9998429551679517,0.42195620514870763,0.5523390770036282,0.9998479593710528,FALSE,FALSE,n.s.
A2ALU4,Shroom2,-0.3656230627081987,0.4755139011291304,0.9998429551679517,0.3564060631674753,0.4555520029692508,0.9998479593710528,FALSE,FALSE,n.s.
Q3TVX7,Sypl1,-1.7727396272812703,0.20276988968812829,0.9998429551679517,0.44997592190597063,0.7283522128103408,0.9998479593710528,FALSE,FALSE,n.s.
A2AAY5,Sh3pxd2b,0.8610713418071317,0.1972633700410494,0.9998429551679517,-0.1651657646007267,0.7340190909575349,0.9998479593710528,FALSE,FALSE,n.s.
O09126,Sema4d,0.25347721203074386,0.5438265993278197,0.9998429551679517,0.3670188763367889,0.38748087428059674,0.9998479593710528,FALSE,FALSE,n.s.
Q8CGM1,Adgrb2,0.13643509619174055,0.8099509930498778,0.9998429551679517,-1.1198381092799505,0.12153090966846837,0.9998479593710528,FALSE,FALSE,n.s.
Q9CR29,Ccdc43,-0.28401934591528843,0.6868933999053028,0.9998429551679517,-0.8395726113300935,0.24463283942737873,0.9998479593710528,FALSE,FALSE,n.s.
P68510,Ywhah,0.8844787974795293,0.36386020213491854,0.9998429551679517,0.4732385976223159,0.5680376432482633,0.9998479593710528,FALSE,FALSE,n.s.
Q9CQL4,Mrpl20,0.3405186018081295,0.6941144629593639,0.9998429551679517,0.6569825599745479,0.238215442027614,0.9998479593710528,FALSE,FALSE,n.s.
Q9DBS5,Klc4,-0.392536152133144,0.4284891760416524,0.9998429551679517,-0.3476992720089045,0.5039702269010078,0.9998479593710528,FALSE,FALSE,n.s.
P56960,Exosc10,0.5993362996406285,0.09548246010713088,0.9998429551679517,-0.08571052706567106,0.8370438358343977,0.9998479593710528,FALSE,FALSE,n.s.
Q571F8,Gls2,1.8224256644926005,0.1298108653267411,0.9998429551679517,-0.20194485988136499,0.8029801561517351,0.9998479593710528,FALSE,FALSE,n.s.
P28271,Aco1,-0.7341662337974579,0.104960378933212,0.9998429551679517,-0.09543339837129118,0.8280793777155453,0.9998479593710528,FALSE,FALSE,n.s.
Q9Z2D0,Mtmr9,0.339092286970118,0.7217810937153845,0.9998429551679517,0.9461037539269846,0.21159352398112619,0.9998479593710528,FALSE,FALSE,n.s.
Q7TSI3,Ppp6r1,-0.6537181961168103,0.18189003173254623,0.9998429551679517,-0.1486325799911165,0.7517548771831581,0.9998479593710528,FALSE,FALSE,n.s.
Q9R008,Mvk,0.26266627434452783,0.7196162541734843,0.9998429551679517,0.7346388096324403,0.21418489406047683,0.9998479593710528,FALSE,FALSE,n.s.
P97494,Gclc,-0.3199651595111928,0.542809289439635,0.9998429551679517,0.4508721834355666,0.39105591236054527,0.9998479593710528,FALSE,FALSE,n.s.
Q9EPU4,Cpsf1,0.32926604754197314,0.37246763366789315,0.9998429551679517,-0.2866287370306065,0.5622048080686652,0.9998479593710528,FALSE,FALSE,n.s.
Q9DBC0,Selenoo,-1.034179336561309,0.39001377214690225,0.9998429551679517,-0.6777889463337515,0.5451222804645267,0.9998479593710528,FALSE,FALSE,n.s.
B7ZNF6,Ctnnd2,-0.4279781979280494,0.24222099049449078,0.9998429551679517,-0.1399202659959785,0.6930400858176573,0.9998479593710528,FALSE,FALSE,n.s.
Q8BKE6,Cyp20a1,-1.164044935203228,0.10982342613606554,0.9998429551679517,0.07371064710143853,0.8258769294524098,0.9998479593710528,FALSE,FALSE,n.s.
Q924D1,Cyp2j9,-0.7772030684178343,0.3954611566176306,0.9998429551679517,-0.5260652729074132,0.5404927292997861,0.9998479593710528,FALSE,FALSE,n.s.
O88455,Dhcr7,-0.38074689960841107,0.620611862982523,0.9998429551679517,1.4155988869241538,0.3153628561202944,0.9998479593710528,FALSE,FALSE,n.s.
O88851,Rbbp9,0.3300586651053357,0.583487176806858,0.9998429551679517,0.7690804783727465,0.3527369966430144,0.9998479593710528,FALSE,FALSE,n.s.
P56371,Rab4a,-0.9563549022561585,0.1279231151162819,0.9998429551679517,-0.1897132913419406,0.8085176887336074,0.9998479593710528,FALSE,FALSE,n.s.
O88307,Sorl1,-0.26674053957699534,0.5919152590463228,0.9998429551679517,-0.3285404947157924,0.345020862534655,0.9998479593710528,FALSE,FALSE,n.s.
Q7TMY7,Ipo8,0.970054236726736,0.23988927586578287,0.9998429551679517,-0.21582704483968942,0.697075329231243,0.9998479593710528,FALSE,FALSE,n.s.
Q60973,Rbbp7,0.5324763268316068,0.49417827862869823,0.9998429551679517,-0.7286169728645508,0.44340320017661616,0.9998479593710528,FALSE,FALSE,n.s.
Q9WV55,Vapa,0.5131483297698004,0.5064465358232865,0.9998429551679517,-0.6129849133147973,0.4312370404549678,0.9998479593710528,FALSE,FALSE,n.s.
Q9CWZ3,Rbm8a,1.190058727651404,0.3388199676746532,0.9998429551679517,0.4705014891012508,0.5993734994242781,0.9998479593710528,FALSE,FALSE,n.s.
Q8CH77,Nav1,-0.2792074800505589,0.23123374601540242,0.9998429551679517,0.11302059074754585,0.7072089429916926,0.9998479593710528,FALSE,FALSE,n.s.
Q3U0K8,Ogfod1,-0.5434016488299286,0.36393766967277585,0.9998429551679517,0.3854249232808862,0.5758733239666991,0.9998479593710528,FALSE,FALSE,n.s.
Q91ZT5,Fgd4,-0.07828470422665225,0.8280920674461463,0.9998429551679517,-0.8268587695602347,0.11307229265382224,0.9998479593710528,FALSE,FALSE,n.s.
Q8VD33,Sgtb,-0.7409849608644895,0.40288502122236103,0.9998429551679517,0.4772789813533664,0.5385193291128669,0.9998479593710528,FALSE,FALSE,n.s.
P63089,Ptn,-0.41365194458592275,0.5844864492190298,0.9998429551679517,-1.4097624621568303,0.35699995616505786,0.9998479593710528,FALSE,FALSE,n.s.
Q9CR39,Wdr45b,0.24533559146008319,0.5704552112416252,0.9998429551679517,0.46427917061725926,0.37110100622082975,0.9998479593710528,FALSE,FALSE,n.s.
Q61102,Abcb7,0.07699590568966014,0.8755494234084467,0.9998429551679517,1.059156033457376,0.06676725595264352,0.9998479593710528,FALSE,FALSE,n.s.
Q9JI19,Fibp,-0.85526882112706,0.21044890496546495,0.9998429551679517,-0.191827929018616,0.7319634531975314,0.9998479593710528,FALSE,FALSE,n.s.
O70400,Pdlim1,0.3945402987144353,0.5862368043254372,0.9998429551679517,0.5146006173266988,0.35688569337783516,0.9998479593710528,FALSE,FALSE,n.s.
Q9DB77,Uqcrc2,1.0238720073995822,0.3779738066476085,0.9998429551679517,0.6779117816695235,0.5653027954867915,0.9998479593710528,FALSE,FALSE,n.s.
Q9JKY0,Cnot9,0.9857403148214273,0.26632013652220843,0.9998429551679517,0.3309268529924152,0.6770775018426187,0.9998479593710528,FALSE,FALSE,n.s.
Q9CRA5,Golph3,0.5233709293673977,0.5877682501077571,0.9998429551679517,0.8995257418470477,0.3557599245905756,0.9998479593710528,FALSE,FALSE,n.s.
Q8BG30,Nelfa,-0.44650885124736434,0.5062091905344699,0.9998429551679517,0.530934742998481,0.43752518877676283,0.9998479593710528,FALSE,FALSE,n.s.
Q99N92,Mrpl27,-0.8591673170033427,0.45457473311192986,0.9998429551679517,0.7611869514485579,0.48991195514437863,0.9998479593710528,FALSE,FALSE,n.s.
Q8BGT8,Phyhipl,-0.45873439405303335,0.4850737527689375,0.9998429551679517,-0.4203233241075182,0.45953901835465205,0.9998479593710528,FALSE,FALSE,n.s.
Q8CGF5,Tlcd4,-0.1533707845004661,0.8181749992146945,0.9998429551679517,1.0613542910761942,0.1266519328980067,0.9998479593710528,FALSE,FALSE,n.s.
Q7TPD0,Ints3,-0.1287094648125353,0.8443044287465418,0.9998429551679517,1.2298265330920546,0.10097133372301866,0.9998479593710528,FALSE,FALSE,n.s.
Q9Z1Z2,Strap,0.310528738158335,0.5559666498277025,0.9998429551679517,0.4154167053022967,0.3893121069437665,0.9998479593710528,FALSE,FALSE,n.s.
Q9DBN4,P33monox,-0.7012858352411254,0.5320687743967094,0.9998429551679517,-0.6048093290053158,0.41323221509187336,0.9998479593710528,FALSE,FALSE,n.s.
P27600,Gna12,0.2927700410213455,0.6080829423947018,0.9998429551679517,0.4952373330576295,0.33751717955983385,0.9998479593710528,FALSE,FALSE,n.s.
Q8CH72,Trim32,-0.8798188691482474,0.10232126105285619,0.9998429551679517,0.09552015690077673,0.8434003877107281,0.9998479593710528,FALSE,FALSE,n.s.
Q99J83,Atg5,-0.27001829636399227,0.5089219502974904,0.9998429551679517,-0.41558864505961435,0.4369399643167874,0.9998479593710528,FALSE,FALSE,n.s.
Q99NB1,Acss1,-0.5653514954510837,0.3332755978144074,0.9998429551679517,0.3344654292216987,0.6126128638339307,0.9998479593710528,FALSE,FALSE,n.s.
Q3URE1,Acsf3,-0.3646713650323067,0.49932244875715914,0.9998429551679517,0.30977585548992015,0.44657382492130704,0.9998479593710528,FALSE,FALSE,n.s.
Q149F3,Gspt2,-0.3460728894173683,0.6136651118292171,0.9998429551679517,0.5962480650329598,0.33265707183980453,0.9998479593710528,FALSE,FALSE,n.s.
Q99P47,Cntnap4,0.2130688699075068,0.6096660458404237,0.9998429551679517,0.424932633381111,0.33668300273310425,0.9998479593710528,FALSE,FALSE,n.s.
A2AJ26,Abca2,-0.18919255240129781,0.5882504350243098,0.9998429551679517,-0.32637068303211014,0.35839803957271466,0.9998479593710528,FALSE,FALSE,n.s.
F8WIE5,Hectd1,-0.3646403811520956,0.1933483879205025,0.9998429551679517,-0.0738816237984022,0.7536579789804754,0.9998479593710528,FALSE,FALSE,n.s.
Q6IFT4,Arhgap20,0.1558551325471005,0.7925310024650304,0.9998429551679517,-1.0081832794729282,0.15472642806804085,0.9998479593710528,FALSE,FALSE,n.s.
Q6A0D4,Rftn1,1.3734918846713569,0.2087787970530701,0.9998429551679517,0.2122342673313318,0.7395340994613411,0.9998479593710528,FALSE,FALSE,n.s.
P39087,Grik2,0.23419318315332763,0.6622013079138213,0.9998429551679517,-0.5829581297827654,0.2862999072123042,0.9998479593710528,FALSE,FALSE,n.s.
P11404,Fabp3,0.7366330492695303,0.6013303557484372,0.9998429551679517,-1.0999131242757874,0.34738360980789185,0.9998479593710528,FALSE,FALSE,n.s.
Q62523,Zyx,-0.28496787523245237,0.5850264409958114,0.9998429551679517,0.3681206956555159,0.363844639557671,0.9998479593710528,FALSE,FALSE,n.s.
P97351,Rps3a,-0.5256235611285967,0.5062116533055672,0.9998429551679517,-0.6052738551572956,0.44273787873226156,0.9998479593710528,FALSE,FALSE,n.s.
P63056,Olfm3,0.4205023968402402,0.4634184654900766,0.9998429551679517,0.38745092666257097,0.4855984976565645,0.9998479593710528,FALSE,FALSE,n.s.
Q8K2D3,Edc3,0.5389356031952616,0.42406671251457095,0.9998429551679517,0.5257940034769716,0.5256102725921186,0.9998479593710528,FALSE,FALSE,n.s.
A0A0R4J2C2,Syt2,0.35771569430467054,0.649003630343201,0.9998429551679517,0.6811929290565139,0.3007438532029934,0.9998479593710528,FALSE,FALSE,n.s.
Q91YN9,Bag2,-1.4712663278888423,0.22539270481014234,0.9998429551679517,-0.31314515902397927,0.7248314980601516,0.9998479593710528,FALSE,FALSE,n.s.
A0AAA9WVX7,Celf2,-0.7265526501504941,0.3118734514939985,0.9998429551679517,-0.31748287808619874,0.6386379583040893,0.9998479593710528,FALSE,FALSE,n.s.
E9Q3M9,Cracdl,-0.48699023143831177,0.2132859790919415,0.9998429551679517,-0.1411906604275964,0.7379531430338908,0.9998479593710528,FALSE,FALSE,n.s.
Q9D0L8,Rnmt,-0.5140348098734516,0.28127687599681217,0.9998429551679517,-0.1985631891287274,0.6704266620173778,0.9998479593710528,FALSE,FALSE,n.s.
Q7TMB8,Cyfip1,-1.3862354341430176,0.4935356665202942,0.9998429551679517,-1.2395341061495497,0.4582005443737095,0.9998479593710528,FALSE,FALSE,n.s.
Q8BGP6,Slc25a40,-0.9691161976219248,0.14118580519912377,0.9998429551679517,0.2081668591553025,0.8106754525475082,0.9998479593710528,FALSE,FALSE,n.s.
Q9D3D0,Ttpal,-0.2163631563977532,0.7185846617572238,0.9998429551679517,0.5549409678570998,0.233343933844297,0.9998479593710528,FALSE,FALSE,n.s.
P05132,Prkaca,2.1357729244488364,0.01726599521699271,0.9998429551679517,-0.0735068060921914,0.9349367381086747,0.9998479593710528,TRUE,FALSE,Region-specific
Q61644,Pacsin1,0.6648549179908926,0.3573865816260018,0.9998429551679517,0.3515084599032294,0.5948436238347989,0.9998479593710528,FALSE,FALSE,n.s.
Q91WJ7,Spats2l,-0.6402025510598217,0.11541471019837964,0.9998429551679517,-0.16115855624767156,0.8371936304325144,0.9998479593710528,FALSE,FALSE,n.s.
P61406,Smg6,-0.2870489030385038,0.5608572487716978,0.9998429551679517,0.38323640578950363,0.3917931301559625,0.9998479593710528,FALSE,FALSE,n.s.
Q7TQE6,Maco1,-0.12420547359234096,0.7955976656476413,0.9998429551679517,-0.5288788456993472,0.15769865266178712,0.9998479593710528,FALSE,FALSE,n.s.
O35684,Serpini1,-0.6746718813189383,0.337784253310779,0.9998429551679517,0.26208477323407486,0.6157286601767221,0.9998479593710528,FALSE,FALSE,n.s.
Q9ERA6,Tfip11,0.4356616369398179,0.35391480986143553,0.9998429551679517,0.19936205129310378,0.5996827143746778,0.9998479593710528,FALSE,FALSE,n.s.
Q80UG2,Plxna4,-0.3683174468591677,0.34315313984545015,0.9998429551679517,0.24239378679921492,0.6105674342610871,0.9998479593710528,FALSE,FALSE,n.s.
F6ZDS4,Tpr,0.19979992259787874,0.3997675792844829,0.9998429551679517,-0.1309696707223426,0.5539650977628847,0.9998479593710528,FALSE,FALSE,n.s.
A0A1L1SQ51,Tln2,0.07210442198875208,0.7626745493040006,0.9998429551679517,0.3233515101738345,0.19133199379540783,0.9998479593710528,FALSE,FALSE,n.s.
E9PXF0,Pcdh17,-0.19695522662064255,0.5295430527020739,0.9998429551679517,-0.44370489257205603,0.42476389717867225,0.9998479593710528,FALSE,FALSE,n.s.
O08807,Prdx4,0.2740621080128225,0.7300195192200776,0.9998429551679517,1.1467562848233697,0.22449119313759486,0.9998479593710528,FALSE,FALSE,n.s.
Q99M04,Lias,-0.7544821753455719,0.21003907895695614,0.9998429551679517,0.14302080456722172,0.7447917075404845,0.9998479593710528,FALSE,FALSE,n.s.
Q9D1P0,Mrpl13,0.9895295024314291,0.26794711519836006,0.9998429551679517,0.4665886191017536,0.6869618367664431,0.9998479593710528,FALSE,FALSE,n.s.
O54946,Dnajb6,-1.1077820623830026,0.2657964539417768,0.9998429551679517,-0.1552698398445237,0.68929224456166,0.9998479593710528,FALSE,FALSE,n.s.
J3QN89,Aamp,-0.4955213431200445,0.26720842125918176,0.9998429551679517,0.23900863891312615,0.6880556609898244,0.9998479593710528,FALSE,FALSE,n.s.
G5E8R8,Ubxn7,-0.33729232682673155,0.4637356628254461,0.9998429551679517,0.2806598093935838,0.49188620880823153,0.9998479593710528,FALSE,FALSE,n.s.
O35969,Gamt,-1.1672623147073973,0.15038678405998557,0.9998429551679517,0.26334361544682827,0.8052713160086349,0.9998479593710528,FALSE,FALSE,n.s.
P60904,Dnajc5,0.41472903897312635,0.694877267727122,0.9998429551679517,1.242131034493827,0.2608547355367878,0.9998479593710528,FALSE,FALSE,n.s.
Q3TXS7,Psmd1,0.40578847369073623,0.4025468554032319,0.9998429551679517,-0.2883597303861105,0.5533065646607489,0.9998479593710528,FALSE,FALSE,n.s.
Q80YV4,Pank4,0.33753925835089027,0.5787271669665386,0.9998429551679517,-0.4104624456495356,0.3774109927376308,0.9998479593710528,FALSE,FALSE,n.s.
Q8BG92,Clvs2,-0.8610506894443881,0.3012039937057492,0.9998429551679517,0.31460969874661354,0.6553915611942582,0.9998479593710528,FALSE,FALSE,n.s.
Q99KE1,Me2,-0.26065058081623027,0.5942917929735356,0.9998429551679517,-0.3966063746375087,0.3623432384442057,0.9998479593710528,FALSE,FALSE,n.s.
A0A0A6YY91,Ncam1,0.268190099758345,0.6012492463542283,0.9998429551679517,0.4542404125121613,0.3554052892407925,0.9998479593710528,FALSE,FALSE,n.s.
Q99LI7,Cstf3,0.48760859731116435,0.19342526585413852,0.9998429551679517,0.16158428615304718,0.7635873573875576,0.9998479593710528,FALSE,FALSE,n.s.
Q99P72,Rtn4,0.18013079135314305,0.6470278234431321,0.9998429551679517,0.3825304660216883,0.31004772258729624,0.9998479593710528,FALSE,FALSE,n.s.
P28661,Septin4,-0.21694615353867405,0.739866440916976,0.9998429551679517,0.7928975079747687,0.2174749940629959,0.9998479593710528,FALSE,FALSE,n.s.
Q8JZN7,Rhot2,-0.9120785635427936,0.13431522980981314,0.9998429551679517,-0.1353497321660884,0.8232584367659193,0.9998479593710528,FALSE,FALSE,n.s.
Q9QUR6,Prep,-0.3582228626995071,0.3779086636387885,0.9998429551679517,-0.2044608413808042,0.5798159092173085,0.9998479593710528,FALSE,FALSE,n.s.
Q9QXW2,Fbxw5,1.2124886957054164,0.1281652389580573,0.9998429551679517,-0.20341076404119168,0.8296557993727913,0.9998479593710528,FALSE,FALSE,n.s.
Q9EP89,Lactb,0.23756171298514328,0.6354478323261342,0.9998429551679517,0.41079622387515463,0.3228313136657883,0.9998479593710528,FALSE,FALSE,n.s.
Q6ZQ88,Kdm1a,-0.44477878257614656,0.19870578910486042,0.9998429551679517,-0.1925642736639367,0.7595881658120996,0.9998479593710528,FALSE,FALSE,n.s.
Q8BVE8,Nsd2,-1.1002786158800437,0.1827701095607217,0.9998429551679517,0.18849180524746226,0.7757458543591448,0.9998479593710528,FALSE,FALSE,n.s.
P60840,Ensa,-0.5099052103071515,0.3758500936392245,0.9998429551679517,-0.23415946692565687,0.5830811173300342,0.9998479593710528,FALSE,FALSE,n.s.
Q7TNE3,Spag7,0.2016222589936249,0.8384912231303359,0.9998429551679517,1.162302952741713,0.12173243615980033,0.9998479593710528,FALSE,FALSE,n.s.
Q9WV89,Stxbp4,0.27408970110709585,0.521600028693938,0.9998429551679517,-0.29274562138993027,0.4392208773848402,0.9998479593710528,FALSE,FALSE,n.s.
Q8BSF4,Pisd,0.8060299921024663,0.2859811150257733,0.9998429551679517,-0.14676740816008813,0.6749387730440113,0.9998479593710528,FALSE,FALSE,n.s.
P45591,Cfl2,0.4946224760233362,0.6007729010467446,0.9998429551679517,1.115220280233017,0.3610908071045644,0.9998479593710528,FALSE,FALSE,n.s.
Q9WVI9,Mapk8ip1,-0.47534660629072284,0.5925245450492314,0.9998429551679517,-0.45697301438055166,0.36990434167037745,0.9998479593710528,FALSE,FALSE,n.s.
E9Q3G8,Nup153,-0.3310035859119419,0.37034997779653367,0.9998429551679517,-0.2041097901647893,0.5922987017757543,0.9998479593710528,FALSE,FALSE,n.s.
E9PY16,Adap1,0.4096750093973558,0.580177845932901,0.9998429551679517,0.4989930507115673,0.38295789214131437,0.9998479593710528,FALSE,FALSE,n.s.
Q80TL0,Ppm1e,0.8648882273281517,0.3811110339581646,0.9998429551679517,0.4361788425099104,0.5824172469154952,0.9998479593710528,FALSE,FALSE,n.s.
O35685,Nudc,0.24197149779464686,0.6621610008190669,0.9998429551679517,0.5487848074664176,0.3015402736046033,0.9998479593710528,FALSE,FALSE,n.s.
P58281,Opa1,0.22235916529763516,0.5908968045201528,0.9998429551679517,0.3538272868912024,0.3728898884923608,0.9998479593710528,FALSE,FALSE,n.s.
Q3UVR3,Ttbk2,0.3528178290192897,0.3047335835169952,0.9998429551679517,-0.13231358056225714,0.6597452013577962,0.9998479593710528,FALSE,FALSE,n.s.
Q8BK03,Miga2,1.0409733130919958,0.03787110297939955,0.9998429551679517,-0.06627629450053095,0.926713599111791,0.9998479593710528,TRUE,FALSE,Region-specific
P40749,Syt4,-0.5237998530541906,0.406324543832035,0.9998429551679517,0.3563197283879612,0.55904214184618,0.9998479593710528,FALSE,FALSE,n.s.
Q9WTN0,Ggps1,-0.7135958026071663,0.2572637028637109,0.9998429551679517,-0.2664124963051167,0.7084186759779156,0.9998479593710528,FALSE,FALSE,n.s.
P70211,Dcc,-0.5164653319859817,0.34106588862050835,0.9998429551679517,0.22921573992240704,0.6246448645706071,0.9998479593710528,FALSE,FALSE,n.s.
Q3TB63,Hspa8,-0.17400587699347975,0.869071125228831,0.9998429551679517,-1.4759663205048463,0.0968425915421136,0.9998479593710528,FALSE,FALSE,n.s.
Q8WTY4,Ciapin1,0.3077934271728518,0.698030971299298,0.9998429551679517,0.6126103979778799,0.2679711712890372,0.9998479593710528,FALSE,FALSE,n.s.
Q80TT2,Baiap3,0.8203465763418506,0.2804743652905608,0.9998429551679517,0.16051119021263538,0.6860881017390791,0.9998479593710528,FALSE,FALSE,n.s.
Q9D892,Itpa,0.564072491203116,0.5510922328924249,0.9998429551679517,0.7621856723093161,0.4157277982915849,0.9998479593710528,FALSE,FALSE,n.s.
P85094,Isoc2a,0.7579940472614051,0.5668736391630687,0.9998429551679517,0.8930172652592299,0.3999835591127942,0.9998479593710528,FALSE,FALSE,n.s.
Q8R5A6,Tbc1d22a,-1.2541701558650877,0.04437719449080498,0.9998429551679517,0.059821387879670576,0.9225737642432518,0.9998479593710528,TRUE,FALSE,Region-specific
P51655,Gpc4,-0.48318483007382995,0.33970245446721303,0.9998429551679517,0.2985070886803789,0.6272937891505259,0.9998479593710528,FALSE,FALSE,n.s.
P00493,Hprt1,0.2930021556648897,0.7626632584912972,0.9998429551679517,1.1606005763221914,0.20476898872816718,0.9998479593710528,FALSE,FALSE,n.s.
Q02257,Jup,-0.6993458077316355,0.10262882172953135,0.9998429551679517,-0.078025900481059507,0.8650292376723414,0.9998479593710528,FALSE,FALSE,n.s.
P52503,Ndufs6,-0.5426295046220878,0.35557378348983626,0.9998429551679517,0.4196860738941103,0.6120928887049287,0.9998479593710528,FALSE,FALSE,n.s.
Q8BTG3,Tcp11l1,-0.24595628591032873,0.5783197990748044,0.9998429551679517,-0.3497420997974174,0.39083563676806854,0.9998479593710528,FALSE,FALSE,n.s.
Q9CW46,Raver1,0.6324874042345588,0.2847354472861042,0.9998429551679517,0.21968788115349022,0.6844611666994483,0.9998479593710528,FALSE,FALSE,n.s.
Q8BGD5,Cpt1c,-0.35494845815035025,0.6287823653594106,0.9998429551679517,-0.7597505051658291,0.34123979550290634,0.9998479593710528,FALSE,FALSE,n.s.
B1ARU4,Macf1,-0.26292480789171335,0.7724178388864831,0.9998429551679517,-0.17729837550536368,0.198479261208241,0.9998479593710528,FALSE,FALSE,n.s.
Q9DC07,Nebl,-0.6034031661647834,0.376906111513314,0.9998429551679517,0.3328827626498115,0.5940120256379673,0.9998479593710528,FALSE,FALSE,n.s.
Q9D9V3,Echdc1,0.2781601724714716,0.5940409434584006,0.9998429551679517,0.5847994509794208,0.37722082073268604,0.9998479593710528,FALSE,FALSE,n.s.
Q99MR6,Srrt,-0.2574458441506852,0.4893765170843578,0.9998429551679517,-0.2938074391909942,0.4819626344596786,0.9998479593710528,FALSE,FALSE,n.s.
P70290,Mpp1,0.1926153776066717,0.7370807747267265,0.9998429551679517,0.727819843041698,0.2345944914233984,0.9998479593710528,FALSE,FALSE,n.s.
Q9CQE7,Ergic3,-0.16090317809032198,0.7299813358099294,0.9998429551679517,0.4543214063555382,0.24252098010563117,0.9998479593710528,FALSE,FALSE,n.s.
Q8R0Y6,Aldh1l1,0.30309283446988106,0.4724896584789593,0.9998429551679517,0.29832503121766146,0.5001072076091417,0.9998479593710528,FALSE,FALSE,n.s.
Q69ZK9,Nlgn2,0.4199842456496935,0.5513911592749647,0.9998429551679517,-0.5493951201855944,0.42129301459377955,0.9998479593710528,FALSE,FALSE,n.s.
Q9JIS8,Slc12a4,0.2038103516288949,0.5993516974662532,0.9998429551679517,0.27724292523660515,0.3736097643294336,0.9998479593710528,FALSE,FALSE,n.s.
Q8BHB9,Clic6,-0.12271737385439203,0.7605229127518218,0.9998429551679517,-0.6247118385134014,0.21265087290316995,0.9998479593710528,FALSE,FALSE,n.s.
Q4VAA2,Cdv3,-0.41589181598074004,0.5721531725534863,0.9998429551679517,-0.5730912145343906,0.40116158758405696,0.9998479593710528,FALSE,FALSE,n.s.
P97355,Sms,-0.09845511326764778,0.8703889130212074,0.9998429551679517,0.8151088978458036,0.10331046658769646,0.9998479593710528,FALSE,FALSE,n.s.
D3Z0M9,Ddx23,-0.6897051578610334,0.06307066212117328,0.9998429551679517,-0.04796063524037802,0.9108907816118607,0.9998479593710528,FALSE,FALSE,n.s.
Q9WUL7,Arl3,0.5723608563686136,0.5926327227818045,0.9998429551679517,1.016333808421309,0.3814785335585743,0.9998479593710528,FALSE,FALSE,n.s.
Q9D1E8,Agpat5,-0.47443358655322065,0.3642115785807049,0.9998429551679517,0.30704988897282853,0.6099315631270382,0.9998479593710528,FALSE,FALSE,n.s.
P97467,Pam,-0.1955059071593138,0.6859704652909806,0.9998429551679517,0.5708693992742077,0.2882292449075685,0.9998479593710528,FALSE,FALSE,n.s.
A0A0N4SVL0,Eif4g3,-0.5884330568020788,0.08926645666203088,0.9998429551679517,0.04655025918439825,0.8849594983680382,0.9998479593710528,FALSE,FALSE,n.s.
P16054,Prkce,0.26926781612617995,0.5385419161772026,0.9998429551679517,0.28312807660685274,0.43571763435688704,0.9998479593710528,FALSE,FALSE,n.s.
Q925J9,Med1,-0.42593350007134073,0.42306587906045656,0.9998429551679517,-0.44081635821175497,0.5516355217705902,0.9998479593710528,FALSE,FALSE,n.s.
Q8K394,Plcl2,-0.3862967051654554,0.291567423949917,0.9998429551679517,0.17183165516247895,0.6838070669328262,0.9998479593710528,FALSE,FALSE,n.s.
Q6NS46,Pdcd11,0.4886360902563876,0.15387419325902535,0.9998429551679517,-0.11309179281839116,0.8223052794791654,0.9998479593710528,FALSE,FALSE,n.s.
P61021,Rab5b,0.9208694095631124,0.5669258884678136,0.9998429551679517,1.2447857159965556,0.40929135472111466,0.9998479593710528,FALSE,FALSE,n.s.
Q61285,Abcd2,-0.37651337127687373,0.5454736012486737,0.9998429551679517,-0.3406314994109622,0.4309320801349421,0.9998479593710528,FALSE,FALSE,n.s.
P35802,Gpm6a,-1.4969174243183136,0.20421018525597912,0.9998429551679517,-0.33832102645774975,0.7726313143441798,0.9998479593710528,FALSE,FALSE,n.s.
Q9CXY9,Pigk,1.1016360670406666,0.11647155436422857,0.9998429551679517,-0.0879954444643564,0.8603820901578334,0.9998479593710528,FALSE,FALSE,n.s.
P41216,Acsl1,-0.05452516742082735,0.8942076497797014,0.9998429551679517,0.6317163301605271,0.0830018045129843,0.9998479593710528,FALSE,FALSE,n.s.
Q9JIY5,Htra2,-0.20038218928820514,0.7466111696251625,0.9998429551679517,-1.9586697472954717,0.2306441296587506,0.9998479593710528,FALSE,FALSE,n.s.
P39098,Man1a2,0.47234722658592104,0.4848996461644379,0.9998429551679517,0.5261619112985532,0.49260159055911834,0.9998479593710528,FALSE,FALSE,n.s.
B2RUK2,Erbin,-0.1901050465529532,0.6714602718424971,0.9998429551679517,-0.2798271532298798,0.30637816144754737,0.9998479593710528,FALSE,FALSE,n.s.
Q3UUF8,Ankrd34b,-0.5742442562690157,0.10582617127077906,0.9998429551679517,-0.0966844938132829,0.8724534286200324,0.9998479593710528,FALSE,FALSE,n.s.
Q4FK66,Prpf38a,0.742165287701789,0.3033003641093098,0.9998429551679517,-0.3331409937557771,0.6750116351120939,0.9998479593710528,FALSE,FALSE,n.s.
P39688,Fyn,0.42058325724841666,0.5613846977345276,0.9998429551679517,0.3700299505398157,0.4171847128223112,0.9998479593710528,FALSE,FALSE,n.s.
Q9DCD2,Xab2,-0.5291917286657175,0.5412218977030543,0.9998429551679517,-0.6049931002967235,0.43740846946868644,0.9998479593710528,FALSE,FALSE,n.s.
F8WIT2,Anxa6,0.46368538128695647,0.2901250125788745,0.9998429551679517,-0.16727041157202951,0.6888835694179927,0.9998479593710528,FALSE,FALSE,n.s.
Q9D6L8,Ppil3,0.5939107454797373,0.46860230616411724,0.9998429551679517,-0.6389929326948863,0.5104426988829445,0.9998479593710528,FALSE,FALSE,n.s.
Q9QXN3,Trip4,-0.20850181201753695,0.591692921139326,0.9998429551679517,-0.503983856541131,0.38757750807841795,0.9998479593710528,FALSE,FALSE,n.s.
Q61183,Papola,-0.357942169004051,0.4290460248784346,0.9998429551679517,0.31180335904222706,0.5508395607339589,0.9998479593710528,FALSE,FALSE,n.s.
Q62443,Nptx1,-0.2713000750282155,0.6521267190493653,0.9998429551679517,-0.5638942330600554,0.3287681529513383,0.9998479593710528,FALSE,FALSE,n.s.
O88630,Gosr1,0.29164647546384936,0.7364644915070823,0.9998429551679517,0.613735973803784,0.24464285518168558,0.9998479593710528,FALSE,FALSE,n.s.
Q91WU5,As3mt,0.13087118675585716,0.8473196303018681,0.9998429551679517,-0.7364064716198101,0.1345083106863909,0.9998479593710528,FALSE,FALSE,n.s.
P18572,Bsg,1.392644724695569,0.2828559053584686,0.9998429551679517,0.4417925333313909,0.6990572776201762,0.9998479593710528,FALSE,FALSE,n.s.
Q61687,Atrx,0.5834151741650819,0.05119324589894096,0.9998429551679517,0.02465471687610797,0.9307507919936484,0.9998479593710528,FALSE,FALSE,n.s.
Q9QZ88,Vps29,0.9501758521398455,0.4126137763877662,0.9998429551679517,0.6618578328120333,0.5694116674819241,0.9998479593710528,FALSE,FALSE,n.s.
Q91Y63,Slc13a3,-0.3013592059068625,0.7374552708669491,0.9998429551679517,-1.4489166086225194,0.2447868264911596,0.9998479593710528,FALSE,FALSE,n.s.
Q9JI59,Jam2,-0.26494616904637697,0.7563645530362799,0.9998429551679517,0.6872920019217134,0.22591011794697727,0.9998479593710528,FALSE,FALSE,n.s.
Q91V09,Wdr13,1.3709476088974166,0.2555170549042356,0.9998429551679517,0.4220254668862522,0.7268914553515881,0.9998479593710528,FALSE,FALSE,n.s.
Q9Z0V1,Kcnd3,0.5038173758391935,0.6310831332340878,0.9998429551679517,0.9840737150680574,0.3517239661428545,0.9998479593710528,FALSE,FALSE,n.s.
Q8BVA2,Tmem222,0.8696825824819041,0.4877398766718441,0.9998429551679517,0.7737004429589127,0.49549820871075817,0.9998479593710528,FALSE,FALSE,n.s.
Q8CAY6,Acat2,-0.6849802520923569,0.4677264487122308,0.9998429551679517,0.6984791233211591,0.5155748803417679,0.9998479593710528,FALSE,FALSE,n.s.
Q8BZA9,Tigar,0.10444138543080372,0.9149838923597892,0.9998429551679517,-1.2052695327929117,0.0685497512686821,0.9998479593710528,FALSE,FALSE,n.s.
Q3UNZ8,Cryzl2,0.4242456150789954,0.5158268770519872,0.9998429551679517,0.41619064179951265,0.46798573828709666,0.9998479593710528,FALSE,FALSE,n.s.
A2AEG6,Gpm6b,-1.4943469915108887,0.16181428517067628,0.9998429551679517,-0.26541414054347606,0.8220908764979618,0.9998479593710528,FALSE,FALSE,n.s.
Q9JIX0,Eny2,0.7406629346843249,0.5454256577859947,0.9998429551679517,0.6746459282395876,0.43852390048102424,0.9998479593710528,FALSE,FALSE,n.s.
Q6PDI5,Ecpas,-0.28066295388784873,0.34180531915004475,0.9998429551679517,0.12884564271104867,0.6421526708166356,0.9998479593710528,FALSE,FALSE,n.s.
Q9QWW1,Homer2,0.2946307628779696,0.5818910714641696,0.9998429551679517,-0.35052229715057526,0.4021891113366989,0.9998479593710528,FALSE,FALSE,n.s.
P10711,Tcea1,-0.578470338577881,0.34051904361429164,0.9998429551679517,-0.2912145388782415,0.6437150129268752,0.9998479593710528,FALSE,FALSE,n.s.
Q91VZ6,Smap1,0.4340063853003272,0.741764012627284,0.9998429551679517,-1.364769744405855,0.24250961244067853,0.9998479593710528,FALSE,FALSE,n.s.
Q61151,Ppp2r5e,-0.5521226094195597,0.500272913536549,0.9998429551679517,-0.5096392172206511,0.4840778642582314,0.9998479593710528,FALSE,FALSE,n.s.
Q8R1F1,Niban2,0.45279217424933316,0.4308945232526309,0.9998429551679517,-0.2941130751288147,0.5534671372629618,0.9998479593710528,FALSE,FALSE,n.s.
Q99NH2,Pard3,0.3104685881860402,0.501394894609481,0.9998429551679517,-0.3221041080198242,0.48324810702982335,0.9998479593710528,FALSE,FALSE,n.s.
O88693,Ugcg,-0.7005513079091905,0.2610253031687699,0.9998429551679517,-0.17854231787976635,0.7237614821041807,0.9998479593710528,FALSE,FALSE,n.s.
A0A1L1SVG6,Slc44a2,-0.36572071950289525,0.6129615025907701,0.9998429551679517,0.48626465481333336,0.37183493968413817,0.9998479593710528,FALSE,FALSE,n.s.
Q99M71,Epdr1,2.0979724225471283,0.013103094282026873,0.9998429551679517,-0.04870211721727601,0.9722512448440731,0.9998479593710528,TRUE,FALSE,Region-specific
Q922B2,Dars1,-0.4120453552006737,0.5228159214889075,0.9998429551679517,0.5173178333096343,0.46305401883529873,0.9998479593710528,FALSE,FALSE,n.s.
Q80Y55,Bsdc1,0.6535981470126487,0.38161257504626767,0.9998429551679517,0.45516103277889436,0.6045110769291223,0.9998479593710528,FALSE,FALSE,n.s.
Q9D4H8,Cul2,0.46061406819199474,0.24866307177362668,0.9998429551679517,0.15397379557212623,0.737466533087006,0.9998479593710528,FALSE,FALSE,n.s.
O08599,Stxbp1,0.3329876962529847,0.5176936522828866,0.9998429551679517,0.3517768673825023,0.4689008003430094,0.9998479593710528,FALSE,FALSE,n.s.
Q5SW75,Ssh2,0.23509819069403187,0.6213242986143483,0.9998429551679517,0.3784226515826412,0.36565453399351533,0.9998479593710528,FALSE,FALSE,n.s.
Q9Z1N5,Ddx39b,0.10773810883674763,0.9073219350916071,0.9998429551679517,1.6774176892269015,0.07968112429862838,0.9998479593710528,FALSE,FALSE,n.s.
P46638,Rab11b,0.5084859595103145,0.6806776207759508,0.9998429551679517,1.03643068177695,0.30635434698208425,0.9998479593710528,FALSE,FALSE,n.s.
Q6P1Y8,Inpp4b,-0.8786796076969249,0.09525655003887239,0.9998429551679517,-0.06307340969660372,0.8918497260854324,0.9998479593710528,FALSE,FALSE,n.s.
Q8VIM9,Irgq,-1.0542418493984806,0.32752508004825787,0.9998429551679517,-0.38882905529738215,0.6600893402519986,0.9998479593710528,FALSE,FALSE,n.s.
Q99L04,Dhrs1,-0.23562879731917338,0.5886364405159459,0.9998429551679517,0.524373223555999,0.3993383641300867,0.9998479593710528,FALSE,FALSE,n.s.
Q3URF8,Kctd21,-0.9082873502007881,0.3007205804345638,0.9998429551679517,0.2980574152699961,0.687553593593941,0.9998479593710528,FALSE,FALSE,n.s.
D3YVE8,Slc35g2,-0.9550971683702055,0.3802453888868586,0.9998429551679517,-0.5948572639078366,0.6086733798680761,0.9998479593710528,FALSE,FALSE,n.s.
P19246,Nefh,-0.3109125115227924,0.29788006827316865,0.9998429551679517,-0.12238718809946213,0.6913179267981928,0.9998479593710528,FALSE,FALSE,n.s.
Q9WU78,Pdcd6ip,-0.2374576130795853,0.5318832450169451,0.9998429551679517,0.2920937854929995,0.45799924127994107,0.9998479593710528,FALSE,FALSE,n.s.
Q99N57,Raf1,0.47218572731542374,0.42165348643685685,0.9998429551679517,-0.34148089950581895,0.5685942547132329,0.9998479593710528,FALSE,FALSE,n.s.
Q91XL9,Osbpl1a,-0.3294601036036538,0.5103401924980988,0.9998429551679517,-0.2869156394007235,0.4799774805626297,0.9998479593710528,FALSE,FALSE,n.s.
P62317,Snrpd2,0.4264367989698528,0.6580638319298819,0.9998429551679517,0.6850586090554472,0.3322894047547865,0.9998479593710528,FALSE,FALSE,n.s.
P62960,Ybx1,-1.2957050587903878,0.17838515117084333,0.9998429551679517,-0.2131231224539761,0.8119859135303527,0.9998479593710528,FALSE,FALSE,n.s.
O70507,Hcn4,-0.24466335741677642,0.6599597109690257,0.9998429551679517,-0.5733476246172065,0.33095099694270264,0.9998479593710528,FALSE,FALSE,n.s.
Q8R326,Pspc1,-0.394309933763293,0.5607937213761438,0.9998429551679517,0.5044960620588479,0.4303954127333497,0.9998479593710528,FALSE,FALSE,n.s.
Q9DCH4,Eif3f,-0.37444859025532545,0.7503349982202265,0.9998429551679517,-0.9744820873666148,0.2413881931120256,0.9998479593710528,FALSE,FALSE,n.s.
Q8BZQ7,Anapc2,-0.44691404274420976,0.5068147044495159,0.9998429551679517,0.4788918453354091,0.48572434181744667,0.9998479593710528,FALSE,FALSE,n.s.
B2RXS3,Scaper,-0.28571227664629045,0.3231810669836448,0.9998429551679517,-0.14275527735988747,0.6695967002764922,0.9998479593710528,FALSE,FALSE,n.s.
Q9CWE0,Mtfr1l,1.007992159522707,0.27785691427115533,0.9998429551679517,0.2743406594838621,0.7150344364544416,0.9998479593710528,FALSE,FALSE,n.s.
P97333,Nrp1,-0.5296356621885632,0.1692831001332012,0.9998429551679517,0.1030699080736527,0.8236416300567809,0.9998479593710528,FALSE,FALSE,n.s.
Q3TDQ1,Stt3b,-1.1239082973573886,0.34046118804096714,0.9998429551679517,0.6188153230580365,0.6529958819996174,0.9998479593710528,FALSE,FALSE,n.s.
Q8VHR5,Gatad2b,-0.4884453121537891,0.43735435427606695,0.9998429551679517,-0.19949382443914976,0.5565808853969246,0.9998479593710528,FALSE,FALSE,n.s.
Q9DCJ5,Ndufa8,-0.6099940071625046,0.6614265754705996,0.9998429551679517,-1.3340305815377635,0.3331117529556541,0.9998479593710528,FALSE,FALSE,n.s.
Q9WUP7,Uchl5,0.4330534794286838,0.49989559951445117,0.9998429551679517,0.4501725983048821,0.49470464697102334,0.9998479593710528,FALSE,FALSE,n.s.
Q8CHH9,Septin8,-1.0033055134801205,0.10412620401154633,0.9998429551679517,-0.06290155288170934,0.8906932320980652,0.9998479593710528,FALSE,FALSE,n.s.
Q9D024,Ccdc47,-0.578541600116192,0.3148656267008244,0.9998429551679517,-0.27812699311740924,0.6800591382921195,0.9998479593710528,FALSE,FALSE,n.s.
Q99MR0,Actl6b,-0.3030140644073955,0.6801997332177515,0.9998429551679517,0.7141679448439697,0.31476605262147334,0.9998479593710528,FALSE,FALSE,n.s.
Q8BGT7,Smndc1,0.6214966218579142,0.380976822826007,0.9998429551679517,-0.4623999480825251,0.6142178267455495,0.9998479593710528,FALSE,FALSE,n.s.
Q8BU04,Ubr7,-0.7699892238847883,0.1819674671063774,0.9998429551679517,0.10980926242322131,0.8132330003541971,0.9998479593710528,FALSE,FALSE,n.s.
O08576,Rundc3a,-0.568712513916483,0.4801286135769207,0.9998429551679517,-0.8539343661605744,0.5152257272499235,0.9998479593710528,FALSE,FALSE,n.s.
Q9R1R2,Trim3,-0.7270645533754261,0.14758199814728626,0.9998429551679517,0.10130464223384683,0.8477819993157687,0.9998479593710528,FALSE,FALSE,n.s.
Q9D9M5,Phospho2,0.47297112507094485,0.5873984344182298,0.9998429551679517,0.44193462411011714,0.40824324088137914,0.9998479593710528,FALSE,FALSE,n.s.
Q3TGW2,Eepd1,0.6886545686335998,0.3039001534921079,0.9998429551679517,0.33232169809564704,0.6921186366608119,0.9998479593710528,FALSE,FALSE,n.s.
Q68FE6,Ripor1,0.18073174555152524,0.6964914994706586,0.9998429551679517,0.45606848448823206,0.2997618880957321,0.9998479593710528,FALSE,FALSE,n.s.
P97393,Arhgap5,-0.13252745252167175,0.6290708745531003,0.9998429551679517,-0.24587957938773772,0.36740338840815157,0.9998479593710528,FALSE,FALSE,n.s.
Q69Z99,Znf512,-0.41538904193938375,0.25519906246971535,0.9998429551679517,-0.12732374959304807,0.741405724702974,0.9998479593710528,FALSE,FALSE,n.s.
Q6WKZ8,Ubr2,-0.13018695791044893,0.6936823648377513,0.9998429551679517,0.35855544290704744,0.3030911729598145,0.9998479593710528,FALSE,FALSE,n.s.
P97493,Txn2,0.8366459878962201,0.4968449129496536,0.9998429551679517,0.7378054078140022,0.5001691063514975,0.9998479593710528,FALSE,FALSE,n.s.
A3KFM7,Chd6,-0.46383266983343713,0.6095310916033537,0.9998429551679517,0.5107443703418906,0.3875435839431682,0.9998479593710528,FALSE,FALSE,n.s.
P81122,Irs2,-0.06702247557782882,0.8853697513133627,0.9998429551679517,0.7731147280546563,0.11180562993566634,0.9998479593710528,FALSE,FALSE,n.s.
P62897,Cycs,0.2495519439074399,0.8282329676018851,0.9998429551679517,1.6593751584435175,0.16928778363372646,0.9998479593710528,FALSE,FALSE,n.s.
Q80YE4,Aatk,-0.25060272713595644,0.6050009869243287,0.9998429551679517,0.6616091955633706,0.3928404582071671,0.9998479593710528,FALSE,FALSE,n.s.
Q91W86,Vps11,0.08512739532722001,0.8119164262715133,0.9998429551679517,0.36742070822967554,0.18602032194249535,0.9998479593710528,FALSE,FALSE,n.s.
A6H5Y3,Mtr,-0.04057598586300517,0.9184736965000975,0.9998429551679517,-0.8139588063538336,0.07972809974829527,0.9998479593710528,FALSE,FALSE,n.s.
Q9R1V7,Adam23,-0.7255801949490891,0.3575811612462396,0.9998429551679517,-0.34971882320483566,0.6406800701762618,0.9998479593710528,FALSE,FALSE,n.s.
Q8BKY8,Mterf2,-0.7007336566346869,0.10838820547953036,0.9998429551679517,-0.07233600121660698,0.8904359509545634,0.9998479593710528,FALSE,FALSE,n.s.
P70460,Vasp,-0.7981196196929865,0.05302231790517055,0.9998429551679517,-0.03577367686180358,0.9464448784417708,0.9998479593710528,FALSE,FALSE,n.s.
Q9CQR4,Acot13,-0.24609628935333094,0.8659844450889436,0.9998429551679517,1.8883303207714268,0.1342411747690381,0.9998479593710528,FALSE,FALSE,n.s.
Q9QYF1,Rdh11,0.45987556097434434,0.6249552839751458,0.9998429551679517,0.6599921439903667,0.3754229985944225,0.9998479593710528,FALSE,FALSE,n.s.
Q9EPR4,Slc23a2,-0.528664337415873,0.5785913386624653,0.9998429551679517,0.6714589758794534,0.4218196709178844,0.9998479593710528,FALSE,FALSE,n.s.
P11859,Agt,0.4704934935749185,0.6056251206878557,0.9998429551679517,0.8263409958920653,0.39494100511196867,0.9998479593710528,FALSE,FALSE,n.s.
Q8R0N6,Adhfe1,-1.0422811031752468,0.06458825750794132,0.9998429551679517,-0.04987899994519354,0.936035799115807,0.9998479593710528,FALSE,FALSE,n.s.
Q9DBN5,Lonp2,0.934731141413601,0.21399268573504035,0.9998429551679517,0.15897711701206554,0.7866435649063943,0.9998479593710528,FALSE,FALSE,n.s.
Q9QYJ3,Dnajb1,-0.5849308411203409,0.3225522336686446,0.9998429551679517,-0.2207867686181839,0.6786751233325123,0.9998479593710528,FALSE,FALSE,n.s.
Q8BHL3,Tbc1d10b,-0.30025638109362074,0.6380986300331684,0.9998429551679517,0.6339173708166524,0.3633627044732729,0.9998479593710528,FALSE,FALSE,n.s.
Q61823,Pdcd4,0.6351203036986458,0.2042724943535585,0.9998429551679517,-0.11829986512254421,0.7974012021665469,0.9998479593710528,FALSE,FALSE,n.s.
P12970,Rpl7a,-0.4314251918925926,0.543077180027809,0.9998429551679517,-0.545531058088186,0.4588331976114848,0.9998479593710528,FALSE,FALSE,n.s.
Q8BL06,Usp54,0.3703839366535192,0.5703740089594505,0.9998429551679517,-0.4078175253269425,0.43156768559131065,0.9998479593710528,FALSE,FALSE,n.s.
Q9Z1K6,Arih2,-0.7217575601061845,0.35314252262518414,0.9998429551679517,-0.2918148442245777,0.649224442682184,0.9998479593710528,FALSE,FALSE,n.s.
P60766,Cdc42,-0.27498275879782147,0.7880880624900897,0.9998429551679517,1.1866729500257935,0.21455773592566818,0.9998479593710528,FALSE,FALSE,n.s.
Q9R1V6,Adam22,0.44825501639081866,0.33578330910153265,0.9998429551679517,-0.18728677862106385,0.6671199221371286,0.9998479593710528,FALSE,FALSE,n.s.
Q8VDN4,Ccdc92,0.34664336776031685,0.7634730828245329,0.9998429551679517,-0.6206318284881014,0.23990489465273174,0.9998479593710528,FALSE,FALSE,n.s.
Q9JJ28,Flii,0.29495687446405605,0.5388158478771462,0.9998429551679517,0.31730260086268597,0.46461471226433093,0.9998479593710528,FALSE,FALSE,n.s.
Q9Z329,Itpr2,-0.4271879699259576,0.4372490829046566,0.9998429551679517,-0.1684448653094489,0.566311739654566,0.9998479593710528,FALSE,FALSE,n.s.
A0A0R4J0B5,Rusf1,0.8858208862424717,0.38272629723232787,0.9998429551679517,-0.13544252630786918,0.6211988738889571,0.9998479593710528,FALSE,FALSE,n.s.
Q8VBY2,Camkk1,-0.7166699506564963,0.08623646666720372,0.9998429551679517,-0.046467051305795676,0.9182536222537595,0.9998479593710528,FALSE,FALSE,n.s.
Q9D8N0,Eef1g,-0.5641531073064243,0.4457568366220461,0.9998429551679517,-0.3984259961970843,0.5588067015664351,0.9998479593710528,FALSE,FALSE,n.s.
P16388,Kcna1,-0.7472281518502367,0.43621750996970576,0.9998429551679517,0.6614345636159835,0.5684663562112041,0.9998479593710528,FALSE,FALSE,n.s.
O88271,Cfdp1,0.8012004921102579,0.3266124418709713,0.9998429551679517,0.3460003097306279,0.6784302032441274,0.9998479593710528,FALSE,FALSE,n.s.
P63143,Kcnab1,-0.21151820014451364,0.7387229358175906,0.9998429551679517,-0.6227970055289854,0.26664666322418806,0.9998479593710528,FALSE,FALSE,n.s.
P63330,Ppp2ca,-0.7657846382373433,0.5217093846774475,0.9998429551679517,-0.9163173801298415,0.48401226479133475,0.9998479593710528,FALSE,FALSE,n.s.
B1AYL1,Scn7a,-0.03136176850467122,0.9504932824408446,0.9998429551679517,0.7952848899005206,0.05574072955159459,0.9998479593710528,FALSE,FALSE,n.s.
Q3UHX2,Pdap1,0.7697272014649779,0.33288571463333627,0.9998429551679517,-0.39896940880480913,0.6735875214786182,0.9998479593710528,FALSE,FALSE,n.s.
P06537,Nr3c1,-0.3082594808864246,0.540711856877776,0.9998429551679517,-0.2982009401394208,0.4657984829626083,0.9998479593710528,FALSE,FALSE,n.s.
O89084,Pde4a,0.44781983215428317,0.2720086813817997,0.9998429551679517,0.16181525823594559,0.7345280144093909,0.9998479593710528,FALSE,FALSE,n.s.
Q3TLI0,Trappc10,-0.17296218084072948,0.6175220428489381,0.9998429551679517,0.2674358176016255,0.3897325279011784,0.9998479593710528,FALSE,FALSE,n.s.
Q99M80,Ptprt,0.21950763111968233,0.5433192934470361,0.9998429551679517,-0.45045466672452694,0.46473129317664713,0.9998479593710528,FALSE,FALSE,n.s.
Q61191,Hcfc1,-0.29058330667675925,0.4560607487275461,0.9998429551679517,-0.2374543563880409,0.5520258178180302,0.9998479593710528,FALSE,FALSE,n.s.
O55106,Strn,-0.046619032500611474,0.9140800937340792,0.9998429551679517,-0.8133285081175312,0.09483855890651459,0.9998479593710528,FALSE,FALSE,n.s.
Q8CCJ3,Ufl1,0.18060684615305997,0.5285533244345406,0.9998429551679517,0.27383819195870707,0.48096091592824763,0.9998479593710528,FALSE,FALSE,n.s.
Q499E0,Brinp3,-0.7773466569423844,0.10981040173169926,0.9998429551679517,-0.11496905131142923,0.9000272713989234,0.9998479593710528,FALSE,FALSE,n.s.
Q01730,Rsu1,-1.5884265320418856,0.04178242454864052,0.9998429551679517,0.03629289862567828,0.9682269189911747,0.9998479593710528,TRUE,FALSE,Region-specific
Q8K2G4,Bbs7,-0.5942539414941358,0.11758431809434836,0.9998429551679517,-0.053122173351554086,0.893025098017416,0.9998479593710528,FALSE,FALSE,n.s.
P70365,Ncoa1,-0.24606389545787524,0.6456015310235776,0.9998429551679517,-0.6712357790088211,0.3652413496269765,0.9998479593710528,FALSE,FALSE,n.s.
P60853,Lzts1,-0.5115648207054461,0.08185196643884712,0.9998429551679517,0.07518898403152793,0.9293275881837932,0.9998479593710528,FALSE,FALSE,n.s.
P0C090,Rc3h2,0.6771196478229642,0.3108971568330426,0.9998429551679517,-0.25668796894066903,0.7005850630933308,0.9998479593710528,FALSE,FALSE,n.s.
Q8CI78,Rmnd1,-0.7254660392811345,0.1717398915309866,0.9998429551679517,0.09857241225696313,0.8398960821598179,0.9998479593710528,FALSE,FALSE,n.s.
Q61194,Pik3c2a,0.39530748326053106,0.288479236090056,0.9998429551679517,0.09135584182592879,0.7232659356778754,0.9998479593710528,FALSE,FALSE,n.s.
Q68FM7,Arhgef11,-0.18655114593983135,0.6620579570878906,0.9998429551679517,-0.33472807081607436,0.34999452460579916,0.9998479593710528,FALSE,FALSE,n.s.
P62908,Rps3,0.2228558353586222,0.7420831889489479,0.9998429551679517,0.7611731528117883,0.27019228536490614,0.9998479593710528,FALSE,FALSE,n.s.
J3QNT7,Epn2,-0.4356518568332886,0.4162106709275498,0.9998429551679517,-0.36040831821952735,0.5962694879902899,0.9998479593710528,FALSE,FALSE,n.s.
P43006,Slc1a2,-0.30979235731761146,0.707806467011049,0.9998429551679517,0.7970576611046682,0.30512087666019244,0.9998479593710528,FALSE,FALSE,n.s.
Q8CBE3,Wdr37,-0.6519961423273372,0.3902007684566061,0.9998429551679517,0.32601806293761765,0.6230399503718163,0.9998479593710528,FALSE,FALSE,n.s.
Q68FH4,Galk2,1.0601683007878495,0.10099868934862455,0.9998429551679517,-0.0985495575133713,0.9131020997052797,0.9998479593710528,FALSE,FALSE,n.s.
Q9Z2M6,Ubl3,0.9958970268853243,0.3389008297096885,0.9998429551679517,0.4067938835089246,0.675342761049007,0.9998479593710528,FALSE,FALSE,n.s.
Q3UVG3,Fam91a1,0.23092739621264222,0.5978411250421959,0.9998429551679517,0.4184244347594659,0.4164642030469655,0.9998479593710528,FALSE,FALSE,n.s.
Q8CFE6,Slc38a2,1.0802967334404803,0.2959933766933545,0.9998429551679517,-0.3439558391625596,0.7184020199241681,0.9998479593710528,FALSE,FALSE,n.s.
E9PWE8,Dpysl3,0.40015211086134095,0.5820667163558844,0.9998429551679517,0.5807897069398802,0.4325748493415955,0.9998479593710528,FALSE,FALSE,n.s.
Q62351,Tfrc,0.2157032617538,0.6295684569058624,0.9998429551679517,0.3975972194937874,0.3853348501739632,0.9998479593710528,FALSE,FALSE,n.s.
Q9Z110,Aldh18a1,-0.6005226941102847,0.20536863472157024,0.9998429551679517,-0.10407170147990001,0.8098562396327663,0.9998479593710528,FALSE,FALSE,n.s.
Q9DBX2,Pdcl,0.18971406229046506,0.787339009109015,0.9998429551679517,0.7548567629832438,0.2280298290838899,0.9998479593710528,FALSE,FALSE,n.s.
Q61142,Spin1,0.8109912000352795,0.24234452705784224,0.9998429551679517,-0.1302718817511521,0.7731707607923731,0.9998479593710528,FALSE,FALSE,n.s.
E9PZJ8,Ascc3,0.35889826153878185,0.366815584722353,0.9998429551679517,0.14204831018437528,0.6488386945399296,0.9998479593710528,FALSE,FALSE,n.s.
Q8CAQ8,Immt,-0.7560348644699427,0.32464234186736296,0.9998429551679517,0.2875180691952058,0.6913066144666946,0.9998479593710528,FALSE,FALSE,n.s.
Q9D924,Isca1,0.6916687179187334,0.5515155704198548,0.9998429551679517,-0.8149634072524665,0.46450507838221056,0.9998479593710528,FALSE,FALSE,n.s.
Q3TLS3,Gdpgp1,0.5843254554241943,0.46777249085395395,0.9998429551679517,0.49202299019257106,0.5483077716031808,0.9998479593710528,FALSE,FALSE,n.s.
Q8JZN5,Acad9,0.28935194534911524,0.6352430739621434,0.9998429551679517,0.5819718798132374,0.3808425979943747,0.9998479593710528,FALSE,FALSE,n.s.
E9PV41,Diaph1,-0.20358898365164468,0.5030034945248996,0.9998429551679517,-0.21551138395691827,0.5131857361006371,0.9998479593710528,FALSE,FALSE,n.s.
Q8R550,Sh3kbp1,-0.596484234740279,0.21284949858922753,0.9998429551679517,-0.09976385929133567,0.8036041034298771,0.9998479593710528,FALSE,FALSE,n.s.
P61514,Rpl37a,0.9319316139842291,0.5769653036997668,0.9998429551679517,-0.5997964448006209,0.43949856531043585,0.9998479593710528,FALSE,FALSE,n.s.
Q9CR16,Ppid,0.813961300695579,0.21595813533613903,0.9998429551679517,0.16707013455926106,0.8007213625197449,0.9998479593710528,FALSE,FALSE,n.s.
Q99L13,Hibadh,0.11194754869131421,0.9213013962311505,0.9998429551679517,1.7544602415918271,0.09540298974659768,0.9998479593710528,FALSE,FALSE,n.s.
Q7TSG2,Ctdp1,0.3464478678336083,0.4072372112776431,0.9998429551679517,-0.36282234056660817,0.6099216283174801,0.9998479593710528,FALSE,FALSE,n.s.
A2ARP8,Map1a,0.16240384307603972,0.5749814171496423,0.9998429551679517,0.22202841497717862,0.44226263232676155,0.9998479593710528,FALSE,FALSE,n.s.
Q9D2P8,Mobp,-0.6590154203147243,0.4186920760311347,0.9998429551679517,-0.5108211728083997,0.5997609133463793,0.9998479593710528,FALSE,FALSE,n.s.
Q99KH8,Stk24,0.069769586422875493,0.8805569099038979,0.9998429551679517,-0.6463292549135897,0.13806880607053576,0.9998479593710528,FALSE,FALSE,n.s.
P12815,Pdcd6,0.7830015420502605,0.5940618485398725,0.9998429551679517,-1.2453875999978083,0.42471783375964034,0.9998479593710528,FALSE,FALSE,n.s.
A3KGB4,Tbc1d8b,-0.7329739279239661,0.3061592295737316,0.9998429551679517,-0.2700243608352917,0.7138575847814632,0.9998479593710528,FALSE,FALSE,n.s.
P26450,Pik3r1,-0.5516767480485266,0.3493879199000768,0.9998429551679517,-0.2330450675381736,0.670737393746369,0.9998479593710528,FALSE,FALSE,n.s.
Q9CQI3,Gmfb,0.7079793079474803,0.4674471558430413,0.9998429551679517,0.6160113998680752,0.5526897392624508,0.9998479593710528,FALSE,FALSE,n.s.
D3Z7X0,Acad12,0.288677185528828,0.49537520832955684,0.9998429551679517,-0.31860892070341706,0.5249208489177817,0.9998479593710528,FALSE,FALSE,n.s.
Q9CQ45,Nenf,0.2867495727659367,0.6079623753153929,0.9998429551679517,-0.3921012600203213,0.4131005700125806,0.9998479593710528,FALSE,FALSE,n.s.
Q62179,Sema4b,0.33591793182571167,0.47855424070195574,0.9998429551679517,-0.21195400603718248,0.5426010158797039,0.9998479593710528,FALSE,FALSE,n.s.
Q9D8S9,Bola1,0.8278263910904202,0.14836748271365807,0.9998429551679517,-0.130214311973161,0.8728130639406315,0.9998479593710528,FALSE,FALSE,n.s.
Q9D1J1,Necap2,-0.09066083172563218,0.898781243950201,0.9998429551679517,1.1397400451249429,0.12244116188779688,0.9998479593710528,FALSE,FALSE,n.s.
P51880,Fabp7,-0.9713527910425772,0.24465181425207025,0.9998429551679517,0.33946040516869735,0.7769294926913812,0.9998479593710528,FALSE,FALSE,n.s.
O08797,Serpinb9,-0.11797629097360149,0.8633965434600263,0.9998429551679517,0.8831076806248104,0.15827015199256098,0.9998479593710528,FALSE,FALSE,n.s.
Q4KMM3,Oxr1,0.5372862132007841,0.2678011128435422,0.9998429551679517,0.15113605211587838,0.7538806820350268,0.9998479593710528,FALSE,FALSE,n.s.
Q3U2P1,Sec24a,-0.15436459231848498,0.7485048916317195,0.9998429551679517,-0.414360191501424,0.27330555169441145,0.9998479593710528,FALSE,FALSE,n.s.
O88520,Shoc2,-0.3696859664895824,0.8207307352212949,0.9998429551679517,1.0654799428401778,0.20112965682409964,0.9998479593710528,FALSE,FALSE,n.s.
A2AN08,Ubr4,-0.11091728405980614,0.5755970104755885,0.9998429551679517,0.14576755971731487,0.4465845603433056,0.9998479593710528,FALSE,FALSE,n.s.
Q80XA6,Reps2,-0.9430919271258408,0.07861989546014916,0.9998429551679517,0.03754947045244321,0.9436249443713717,0.9998479593710528,FALSE,FALSE,n.s.
Q9CYW4,Hdhd3,0.994742295652861,0.6455525220729155,0.9998429551679517,1.1756092396422038,0.3767863062276514,0.9998479593710528,FALSE,FALSE,n.s.
Q9ERK4,Cse1l,0.18279883590355755,0.6876086993523172,0.9998429551679517,0.40417855257650814,0.33501130251509914,0.9998479593710528,FALSE,FALSE,n.s.
G3X8U3,QNG1,1.5816723254276006,0.12707058948072486,0.9998429551679517,0.11293737655487474,0.8957392275162059,0.9998479593710528,FALSE,FALSE,n.s.
A0A1W2P7Q6,Xpot,-0.38161195288532124,0.4255709482724046,0.9998429551679517,-0.2514040255868614,0.5974879998121214,0.9998479593710528,FALSE,FALSE,n.s.
P97822,Anp32e,-0.36045618746186014,0.7455830739734914,0.9998429551679517,1.194799106926027,0.2776351075468539,0.9998479593710528,FALSE,FALSE,n.s.
P09055,Itgb1,-0.14184520695239658,0.8121191915999815,0.9998429551679517,0.6102223714728596,0.21117271956242098,0.9998479593710528,FALSE,FALSE,n.s.
Q9JHS9,Cwc15,-0.7871159962270033,0.18197260727824205,0.9998429551679517,-0.2080860792336414,0.8413519244450118,0.9998479593710528,FALSE,FALSE,n.s.
Q80TI0,Gramd1b,-0.7624747621602067,0.09403523913118025,0.9998429551679517,0.03347800893363903,0.9296293710148388,0.9998479593710528,FALSE,FALSE,n.s.
P54276,Msh6,0.62719781741984,0.1667502402454912,0.9998429551679517,-0.11144231396911283,0.8571129038789577,0.9998479593710528,FALSE,FALSE,n.s.
Q9CVD2,Atxn3,0.3473030888062003,0.6315854783554855,0.9998429551679517,2.793923082113333,0.3922916937254021,0.9998479593710528,FALSE,FALSE,n.s.
Q7TMM9,Tubb2a,0.21789084146894916,0.8759038184014725,0.9998429551679517,2.471282922638742,0.14816976824767944,0.9998479593710528,FALSE,FALSE,n.s.
Q60759,Gcdh,-0.1633604039373061,0.8216776180152549,0.9998429551679517,0.9231147770314587,0.20263457689096193,0.9998479593710528,FALSE,FALSE,n.s.
Q8CH09,Sugp2,0.1595517042811654,0.5779995908112622,0.9998429551679517,0.2406125030435262,0.44672616107394936,0.9998479593710528,FALSE,FALSE,n.s.
Q04735,Cdk16,-1.0416308808208479,0.08899355611268277,0.9998429551679517,0.04977764450260969,0.9362855859185946,0.9998479593710528,FALSE,FALSE,n.s.
Q8CIH5,Plcg2,-0.15739507567840016,0.8055570323829324,0.9998429551679517,-1.5688804066885105,0.2197819133103757,0.9998479593710528,FALSE,FALSE,n.s.
Q8BG26,Rusc1,-0.3706761624181564,0.5615643509418269,0.9998429551679517,-0.5824294778730835,0.4639105100064423,0.9998479593710528,FALSE,FALSE,n.s.
Q8BGC4,Ptgr3,-0.44760734024814264,0.6474227584000088,0.9998429551679517,-0.9034330514204773,0.37842685563151823,0.9998479593710528,FALSE,FALSE,n.s.
Q8BFR5,Tufm,0.14915694290724055,0.8285402409068018,0.9998429551679517,0.7615873334086145,0.1977279259990921,0.9998479593710528,FALSE,FALSE,n.s.
Q99J31,Ophn1,-0.1050260322488944,0.7782557740018126,0.9998429551679517,-0.3776786516310428,0.24830044906653195,0.9998479593710528,FALSE,FALSE,n.s.
Q8K4R4,Pitpnc1,-1.3460209375266212,0.06409531096953587,0.9998429551679517,-0.03225596745485515,0.9627566704751012,0.9998479593710528,FALSE,FALSE,n.s.
O55142,Rpl35a,1.1843915511896326,0.5071306498395166,0.9998429551679517,0.8293177861418642,0.5198495339512882,0.9998479593710528,FALSE,FALSE,n.s.
B0V2N1,Ptprs,0.290092162998329,0.548086885229735,0.9998429551679517,0.3278865204697391,0.47899813433837646,0.9998479593710528,FALSE,FALSE,n.s.
P97386,Lig3,-0.5468148798789315,0.3629420736500846,0.9998429551679517,0.40576649114749974,0.6646817251582224,0.9998479593710528,FALSE,FALSE,n.s.
E9Q9Q6,Cdh18,-0.14058406357693684,0.7511364089492081,0.9998429551679517,-0.5448382346538183,0.2767545533439081,0.9998479593710528,FALSE,FALSE,n.s.
Q6GQT9,Nomo1,-0.36296633041486476,0.40966720769333953,0.9998429551679517,-0.1832804626911363,0.6182887099848983,0.9998479593710528,FALSE,FALSE,n.s.
P56376,Acyp1,0.5882674107659988,0.6324085935363215,0.9998429551679517,1.041012180534134,0.3956932466923094,0.9998479593710528,FALSE,FALSE,n.s.
Q8VE19,Mios,0.12252278958349119,0.7530842698094359,0.9998429551679517,-0.36854904102798475,0.27515191691729407,0.9998479593710528,FALSE,FALSE,n.s.
P07724,Alb,-0.9399315243488554,0.09722454877060166,0.9998429551679517,0.047572091020814576,0.9311058860780661,0.9998479593710528,FALSE,FALSE,n.s.
O35465,Fkbp8,0.21494189689369067,0.6700348945474968,0.9998429551679517,-0.6015959067371053,0.3584877943896919,0.9998479593710528,FALSE,FALSE,n.s.
Q8JZR0,Acsl5,0.5400649857799534,0.18276478331314908,0.9998429551679517,0.07291106333544282,0.8457781556948716,0.9998479593710528,FALSE,FALSE,n.s.
Q5SXA9,Wwc1,0.39622656612192614,0.161097556141764,0.9998429551679517,-0.06414052651989953,0.8677314568633288,0.9998479593710528,FALSE,FALSE,n.s.
Q91YD3,Dcp1a,-0.15252566657446762,0.699392324006902,0.9998429551679517,0.4839558160939145,0.3295959714029636,0.9998479593710528,FALSE,FALSE,n.s.
P09470,Ace,-0.6433732110563827,0.1281229287429393,0.9998429551679517,-0.08005550379241211,0.90104467417319,0.9998479593710528,FALSE,FALSE,n.s.
Q8K3J1,Ndufs8,0.44063098856407934,0.7341597670183369,0.9998429551679517,-1.2608631413393638,0.2950161709313051,0.9998479593710528,FALSE,FALSE,n.s.
Q8BJU0,Sgta,1.1068915830975339,0.3499385417065469,0.9998429551679517,0.4387168033435307,0.6802957770766642,0.9998479593710528,FALSE,FALSE,n.s.
O88848,Arl6,-0.3597935059042111,0.6588572815323179,0.9998429551679517,0.5489288343485401,0.3714472703004905,0.9998479593710528,FALSE,FALSE,n.s.
P63005,Pafah1b1,0.27380182207141485,0.5745155494685874,0.9998429551679517,0.40582781371349635,0.45605380707235654,0.9998479593710528,FALSE,FALSE,n.s.
Q62178,Sema4a,0.0848058520200199,0.877265442258149,0.9998429551679517,-1.0467910341751778,0.15349331535817093,0.9998479593710528,FALSE,FALSE,n.s.
Q5SSW2,Psme4,0.30996020707756466,0.5088268884789513,0.9998429551679517,-0.23927183154817724,0.522088397897376,0.9998479593710528,FALSE,FALSE,n.s.
Q9QXJ4,Arl10,-0.3237185022698062,0.5713445772095893,0.9998429551679517,-0.549083418822132,0.4602046598630121,0.9998479593710528,FALSE,FALSE,n.s.
Q3V3N7,Bbs1,-0.15583376770539784,0.8279427641338044,0.9998429551679517,-0.5458994371899809,0.20379610213073437,0.9998479593710528,FALSE,FALSE,n.s.
Q91VE6,Nifk,0.35679385529657265,0.3140911286813282,0.9998429551679517,-0.13110537196154975,0.7176593110587304,0.9998479593710528,FALSE,FALSE,n.s.
Q9CXI0,Coq5,-0.6039045699933622,0.39515885509027104,0.9998429551679517,0.30247822554268156,0.6368190711169488,0.9998479593710528,FALSE,FALSE,n.s.
P62814,Atp6v1b2,0.30365971664293034,0.7777198298140493,0.9998429551679517,1.1924385667381667,0.25429008138924525,0.9998479593710528,FALSE,FALSE,n.s.
A2AWA9,Rabgap1,0.15093081476416823,0.6871441859085083,0.9998429551679517,0.3281957976626241,0.34487098611154,0.9998479593710528,FALSE,FALSE,n.s.
Q9CZP7,Cdc37l1,0.24590001171349046,0.5475101128224957,0.9998429551679517,0.3702369719148934,0.4845240615458758,0.9998479593710528,FALSE,FALSE,n.s.
Q80WQ2,Vac14,-0.2551591893744518,0.47028053811711923,0.9998429551679517,-0.2544912518378787,0.5618566106833471,0.9998479593710528,FALSE,FALSE,n.s.
O08914,Faah,-0.6745907690070629,0.3989954521614054,0.9998429551679517,0.36468735828515064,0.6333852404328999,0.9998479593710528,FALSE,FALSE,n.s.
Q9ERE7,Mesd,0.5213383249692155,0.49658311499921304,0.9998429551679517,0.5943267478891779,0.5360731128924868,0.9998479593710528,FALSE,FALSE,n.s.
Q80UP8,Slc20a2,-0.5864015382664743,0.3814838751074007,0.9998429551679517,-0.33772254828402837,0.6512162090530784,0.9998479593710528,FALSE,FALSE,n.s.
Q6PD26,Pigs,0.13567327116151412,0.8161926544213549,0.9998429551679517,-0.4783323886981517,0.2165427916324001,0.9998479593710528,FALSE,FALSE,n.s.
E9PZP8,Herc1,-0.0617137609060124,0.7770654579896747,0.9998429551679517,0.2624601573523607,0.2558906624356856,0.9998479593710528,FALSE,FALSE,n.s.
Q99KC8,Vwa5a,0.24304914631929544,0.5595547168191712,0.9998429551679517,0.31215373879712616,0.47372257304393295,0.9998479593710528,FALSE,FALSE,n.s.
Q80UK0,Sestd1,0.38222617295474365,0.42011818293177117,0.9998429551679517,0.31959854123283254,0.6131744831339829,0.9998479593710528,FALSE,FALSE,n.s.
Q9CZU3,Mtrex,-0.03975677957640006,0.8927608343680322,0.9998429551679517,-0.4156451247330411,0.14068329171663244,0.9998479593710528,FALSE,FALSE,n.s.
Q9Z1R4,D17h6s53e,0.5488754082807158,0.6087939696343048,0.9998429551679517,-1.1203562695229632,0.4248785924191952,0.9998479593710528,FALSE,FALSE,n.s.
E9QLA5,Inf2,-0.24376135787077496,0.5681459583250045,0.9998429551679517,0.29294337567376677,0.46558155835262816,0.9998479593710528,FALSE,FALSE,n.s.
Q8VEK3,Hnrnpu,-1.2822067891843252,0.07913502163463555,0.9998429551679517,0.033151734408801196,0.954648892304897,0.9998479593710528,FALSE,FALSE,n.s.
Q62432,Smad2,-0.13283187086823042,0.7505749652446155,0.9998429551679517,-0.47030474368856195,0.28382247424152096,0.9998479593710528,FALSE,FALSE,n.s.
Q62245,Sos1,-0.02618913234956551,0.931765494897585,0.9998429551679517,-0.47500567850657643,0.10263872591723734,0.9998479593710528,FALSE,FALSE,n.s.
Q9D0R2,Tars1,-0.10675813754505799,0.7920932377295095,0.9998429551679517,0.45637679726042174,0.242547826355095,0.9998479593710528,FALSE,FALSE,n.s.
Q9Z1Q5,Clic1,-0.6048493435476436,0.5459929685591849,0.9998429551679517,-0.6787027223491318,0.4886823819291519,0.9998479593710528,FALSE,FALSE,n.s.
Q99LC5,Etfa,0.6117302084692364,0.4177447129177655,0.9998429551679517,-0.3592988356063957,0.6174701321612106,0.9998479593710528,FALSE,FALSE,n.s.
F7BJB9,Morc3,-0.7041619687646085,0.4123929658073898,0.9998429551679517,0.4694041757197285,0.6228690089951373,0.9998479593710528,FALSE,FALSE,n.s.
E9Q9K8,Akap6,0.2420192654706676,0.4392604458074607,0.9998429551679517,-0.15428727037527304,0.5960101602376523,0.9998479593710528,FALSE,FALSE,n.s.
E9PXF8,Sbf2,-0.2611646225624621,0.3253577548538156,0.9998429551679517,-0.11643132984270889,0.7104259624422857,0.9998479593710528,FALSE,FALSE,n.s.
Q8VH37,Hdac8,-0.5879538130087087,0.31410511482147396,0.9998429551679517,-0.2100468204590301,0.7218321732381426,0.9998479593710528,FALSE,FALSE,n.s.
P21619,Lmnb2,0.2982299170402369,0.6392393759639767,0.9998429551679517,0.49754887885769783,0.39696771426669797,0.9998479593710528,FALSE,FALSE,n.s.
P51885,Lum,1.2601795141571934,0.40789491258595867,0.9998429551679517,0.26254385057814633,0.6287998228558158,0.9998479593710528,FALSE,FALSE,n.s.
Q8R1X6,Spart,-0.3057651267335103,0.507254908158238,0.9998429551679517,-0.20788073810086746,0.5297321969329924,0.9998479593710528,FALSE,FALSE,n.s.
O55201,Supt5h,-0.18771776158527076,0.597739468436995,0.9998429551679517,-0.36506288171334883,0.4394925659931971,0.9998479593710528,FALSE,FALSE,n.s.
Q9WUZ9,Entpd5,0.2432679227823764,0.8205848002159186,0.9998429551679517,-1.1884616411149802,0.2166885538078646,0.9998479593710528,FALSE,FALSE,n.s.
Q65Z40,Wapl,0.009061786332443568,0.9761697983414286,0.9998429551679517,1.4361312508517508,0.06131412609603941,0.9998479593710528,FALSE,FALSE,n.s.
Q8CIV8,Tbce,0.38159685673873905,0.48934720065207404,0.9998429551679517,0.3847992037924542,0.5483738780245739,0.9998479593710528,FALSE,FALSE,n.s.
P46737,Brcc3,0.7055553489303387,0.3719375586297107,0.9998429551679517,0.3680014930786647,0.6659953458564243,0.9998479593710528,FALSE,FALSE,n.s.
E0CYV0,Pcmt1,-1.0046562402109336,0.29512747950119816,0.9998429551679517,-0.2874081554157998,0.7436010286116823,0.9998479593710528,FALSE,FALSE,n.s.
Q9Z2X2,Psmd10,0.748211049523827,0.4794302074483838,0.9998429551679517,-0.5387437725871558,0.559466163451561,0.9998479593710528,FALSE,FALSE,n.s.
Q922Y1,Ubxn1,-1.0565312491906644,0.3580206232409903,0.9998429551679517,0.4519989684517412,0.6810362701079602,0.9998479593710528,FALSE,FALSE,n.s.
A6H6E2,Mmrn2,-0.04266895716757837,0.908190298195254,0.9998429551679517,-0.4388040036240747,0.13110006102779004,0.9998479593710528,FALSE,FALSE,n.s.
Q8R3P0,Aspa,0.30459475027047267,0.7671777462247654,0.9998429551679517,0.944036652662903,0.2721537457209733,0.9998479593710528,FALSE,FALSE,n.s.
Q8BH86,Dglucy,-0.5723712941639992,0.1997280554154068,0.9998429551679517,-0.10475350258261183,0.8398156658121889,0.9998479593710528,FALSE,FALSE,n.s.
Q9DBT5,Ampd2,-0.5935388087629563,0.2698595470099162,0.9998429551679517,-0.1260200275083657,0.7697947473310947,0.9998479593710528,FALSE,FALSE,n.s.
Q8K1R7,Nek9,-0.3252256349570642,0.4459425213937299,0.9998429551679517,-0.2566603412975823,0.5938229405089018,0.9998479593710528,FALSE,FALSE,n.s.
Q6P5H2,Nes,-0.6394819930738816,0.14451435899332946,0.9998429551679517,0.03994003428994843,0.8953085200446802,0.9998479593710528,FALSE,FALSE,n.s.
Q9R0N5,Syt5,0.07499985005649318,0.9484603028108527,0.9998429551679517,0.5240673807884774,0.09247015346131614,0.9998479593710528,FALSE,FALSE,n.s.
Q3TC93,Hs1bp3,0.48482297627058246,0.3494166541099718,0.9998429551679517,-0.15395471473012243,0.6918745082798423,0.9998479593710528,FALSE,FALSE,n.s.
B1AT82,Prpsap1,-2.1451214921935353,0.12287458731128663,0.9998429551679517,0.06778531868109793,0.9185935980970737,0.9998479593710528,FALSE,FALSE,n.s.
P47791,Gsr,0.3047314579888119,0.6844491997557878,0.9998429551679517,0.5636573847231089,0.35703338727595446,0.9998479593710528,FALSE,FALSE,n.s.
Q8BL99,Dop1a,-0.11776432985953876,0.7820453454476594,0.9998429551679517,0.5820500524958345,0.25969155909783465,0.9998479593710528,FALSE,FALSE,n.s.
Q91YP0,L2hgdh,0.3737251395341404,0.44738819403910657,0.9998429551679517,-0.36049881538072054,0.5947040466742491,0.9998479593710528,FALSE,FALSE,n.s.
O35900,Lsm2,0.022718109332434615,0.9805259175142501,0.9998429551679517,2.0274690412070075,0.06157308904944221,0.9998479593710528,FALSE,FALSE,n.s.
Q5DU41,Lrrc8b,-0.19848797743200614,0.6197932179024312,0.9998429551679517,-0.260795944771518,0.42267062999992355,0.9998479593710528,FALSE,FALSE,n.s.
P36916,Gnl1,-0.7092188232136816,0.30556296705266794,0.9998429551679517,-0.21769224961099964,0.7370109927726074,0.9998479593710528,FALSE,FALSE,n.s.
P16675,Ctsa,-0.3922180932934777,0.43289220743780465,0.9998429551679517,0.22609230402800642,0.6098138927312732,0.9998479593710528,FALSE,FALSE,n.s.
P70280,Vamp7,0.6578050115331798,0.41346235678999643,0.9998429551679517,0.5033577409400651,0.6293599579138136,0.9998479593710528,FALSE,FALSE,n.s.
Q9JHI7,Exosc9,-0.3388185470456619,0.6347280858261832,0.9998429551679517,0.5690299607732301,0.40848226386053704,0.9998479593710528,FALSE,FALSE,n.s.
J3QMX0,Rpp14,0.3521397588487112,0.4761933919873831,0.9998429551679517,0.39741359194756354,0.567017834667635,0.9998479593710528,FALSE,FALSE,n.s.
Q3UHG7,Dennd11,-1.0472719231791356,0.20948480993110297,0.9998429551679517,0.16819189668362977,0.8338815842697543,0.9998479593710528,FALSE,FALSE,n.s.
Q9D289,Trappc6b,-0.6391357794957472,0.39867895075981363,0.9998429551679517,-0.25956352881744565,0.6447225206720747,0.9998479593710528,FALSE,FALSE,n.s.
P47809,Map2k4,0.3461961678296714,0.6793412905362082,0.9998429551679517,0.6993108264705646,0.3640773878177953,0.9998479593710528,FALSE,FALSE,n.s.
P07214,Sparc,-0.353805986462278,0.3874162841942124,0.9998429551679517,-0.2636699006246588,0.6569671305427859,0.9998479593710528,FALSE,FALSE,n.s.
D3Z4E6,Vezt,-0.12733116431388153,0.8240365876269796,0.9998429551679517,-0.6970653834436785,0.22124971628860596,0.9998479593710528,FALSE,FALSE,n.s.
Q80YD1,Supv3l1,-0.7821605824372176,0.1627196900459283,0.9998429551679517,0.08442885278645107,0.8826693125222227,0.9998479593710528,FALSE,FALSE,n.s.
Q8C0L0,Tmx4,-0.10735562973656203,0.8893570119538994,0.9998429551679517,-1.3044598078746497,0.15607256638509373,0.9998479593710528,FALSE,FALSE,n.s.
P56695,Wfs1,-0.4971418066519939,0.2990023633665592,0.9998429551679517,0.14837941760976095,0.7465571229504842,0.9998479593710528,FALSE,FALSE,n.s.
P56873,Znrd2,0.23756725020170077,0.5768821058489448,0.9998429551679517,0.6809113220919372,0.4691730211887448,0.9998479593710528,FALSE,FALSE,n.s.
Q3U213,Serac1,0.6203130899312694,0.31632079252919393,0.9998429551679517,0.22350386368701314,0.7298567071047759,0.9998479593710528,FALSE,FALSE,n.s.
Q8R1A4,Dock7,-0.35757729982953096,0.3053909711502688,0.9998429551679517,-0.10105442619086992,0.7408996340832777,0.9998479593710528,FALSE,FALSE,n.s.
Q8VDD5,Myh9,0.17627830603803912,0.4396919038009146,0.9998429551679517,0.11607428655342596,0.6067620835019452,0.9998479593710528,FALSE,FALSE,n.s.
Q5U4E0,Lhfpl4,0.7493605322150545,0.24701908512478998,0.9998429551679517,0.4075821600771965,0.8002804628788194,0.9998479593710528,FALSE,FALSE,n.s.
Q99LC8,Eif2b1,0.07010080945993208,0.8871213364610424,0.9998429551679517,0.7162616676097516,0.16047108240892827,0.9998479593710528,FALSE,FALSE,n.s.
Q9D0M0,Exosc7,-0.31537049127985683,0.5768807828523366,0.9998429551679517,-0.4368599560693781,0.47083125864790465,0.9998479593710528,FALSE,FALSE,n.s.
Q8CG03,Pde5a,0.06487983152477428,0.9294760131590332,0.9998429551679517,0.77160447255006,0.11869942596948475,0.9998479593710528,FALSE,FALSE,n.s.
Q6P9R2,Oxsr1,0.18486003761390307,0.764711283968192,0.9998429551679517,0.7588218629595385,0.28374837512213774,0.9998479593710528,FALSE,FALSE,n.s.
P57722,Pcbp3,0.9216173374844835,0.5056675290198687,0.9998429551679517,0.7767571376998219,0.5430988556949794,0.9998479593710528,FALSE,FALSE,n.s.
Q9CZ28,Snf8,0.40744489327207833,0.47258986025740424,0.9998429551679517,-0.48437123222978634,0.5763434679832959,0.9998479593710528,FALSE,FALSE,n.s.
Q3UHD2,Gfod1,-0.9712152107720455,0.2571750333712423,0.9998429551679517,-0.2314753478728604,0.7917825487224953,0.9998479593710528,FALSE,FALSE,n.s.
Q8R5H1,Usp15,-0.33765391370517794,0.32583947018300397,0.9998429551679517,0.1287400639269601,0.7232224801488938,0.9998479593710528,FALSE,FALSE,n.s.
Q920R0,Als2,0.6114368712747978,0.0574180090833515,0.9998429551679517,0.004499976824744483,0.9918044467781608,0.9998479593710528,FALSE,FALSE,n.s.
Q8JZV7,Amdhd2,-0.18991159614918887,0.8549740397302212,0.9998429551679517,-0.9512948755442461,0.1945832783044632,0.9998479593710528,FALSE,FALSE,n.s.
Q9CZY3,Ube2v1,0.7214521574445893,0.7261925230628367,0.9998429551679517,2.155726732099905,0.3238028925794659,0.9998479593710528,FALSE,FALSE,n.s.
Q9EPL2,Clstn1,-0.3366881446322914,0.4941669399297903,0.9998429551679517,-0.32665292353438635,0.5563920871700352,0.9998479593710528,FALSE,FALSE,n.s.
Q8BK64,Ahsa1,-0.08959236995160111,0.9148894214174186,0.9998429551679517,1.1400769377772149,0.13569185446728277,0.9998479593710528,FALSE,FALSE,n.s.
Q3UKJ7,Smu1,0.249637848950454,0.6355861627463125,0.9998429551679517,0.3163851540718078,0.41528635822580917,0.9998479593710528,FALSE,FALSE,n.s.
A2AJI0,Map7d1,-0.5959202946150749,0.12298137564330223,0.9998429551679517,-0.036251842886493885,0.9280778832295016,0.9998479593710528,FALSE,FALSE,n.s.
Q9Z2I0,Letm1,0.09387107273878331,0.8413126741749214,0.9998429551679517,0.57663586162766,0.20978864449166307,0.9998479593710528,FALSE,FALSE,n.s.
Q5XPI3,Rnf123,0.6871054295039934,0.4157329459356509,0.9998429551679517,-0.20962601645458462,0.6356624970243774,0.9998479593710528,FALSE,FALSE,n.s.
Q8K273,Mmgt1,1.039385021620073,0.23190263834049993,0.9998429551679517,0.2839588368105243,0.8196846156917661,0.9998479593710528,FALSE,FALSE,n.s.
Q8K010,Oplah,-0.6058793027322904,0.21612469469494724,0.9998429551679517,-0.11217753705737986,0.8356372630694239,0.9998479593710528,FALSE,FALSE,n.s.
Q80X85,Mrps7,0.5337238951005144,0.4050669527681263,0.9998429551679517,0.3390277924301622,0.6469012444995899,0.9998479593710528,FALSE,FALSE,n.s.
Q922Q8,Lrrc59,0.5064586153854993,0.571547747670301,0.9998429551679517,0.5594937663511376,0.4807716395232947,0.9998479593710528,FALSE,FALSE,n.s.
Q3UHC7,Dab2ip,-0.4764010896843885,0.2254414231288004,0.9998429551679517,0.11298800186334203,0.8270939232623808,0.9998479593710528,FALSE,FALSE,n.s.
A2RSX7,Tyw5,-0.26672629420291727,0.5407788437728327,0.9998429551679517,-0.4368191966737292,0.5118415686984923,0.9998479593710528,FALSE,FALSE,n.s.
Q8BFR4,Gns,0.6183182790874957,0.4262655561094719,0.9998429551679517,-0.2904966999640619,0.6264949672430781,0.9998479593710528,FALSE,FALSE,n.s.
Q99N93,Mrpl16,0.14363179019498296,0.7916660037129222,0.9998429551679517,-0.6552468456954835,0.2614728627581926,0.9998479593710528,FALSE,FALSE,n.s.
Q78ZM0,Snx3,-0.7180529668781119,0.7016447160048005,0.9998429551679517,1.6268090952373218,0.3518807993750642,0.9998479593710528,FALSE,FALSE,n.s.
P35821,Ptpn1,0.2868504283819962,0.6091397711173387,0.9998429551679517,-0.357130954111012,0.4445780036184066,0.9998479593710528,FALSE,FALSE,n.s.
O35526,Stx1a,0.11919390110171642,0.8651906956823823,0.9998429551679517,-0.7078218514351984,0.18870520519787456,0.9998479593710528,FALSE,FALSE,n.s.
P67871,Csnk2b,0.0906013377968139,0.9392067087405842,0.9998429551679517,1.4122765858815984,0.11497256540806243,0.9998479593710528,FALSE,FALSE,n.s.
Q9Z2Z6,Slc25a20,-0.252918204667767,0.6837628554511788,0.9998429551679517,-0.5471333934629548,0.37078648281350723,0.9998479593710528,FALSE,FALSE,n.s.
P13707,Gpd1,-0.01917639609263703,0.9704395320844252,0.9998429551679517,1.053821995657223,0.08418834970424482,0.9998479593710528,FALSE,FALSE,n.s.
Q9CXR1,Dhrs7,-0.20621473511538002,0.7041130523431718,0.9998429551679517,0.508367545733616,0.3512372185863639,0.9998479593710528,FALSE,FALSE,n.s.
O54931,Pakap,0.5502699774503501,0.396186371503426,0.9998429551679517,-0.843201040228671,0.6591800966802559,0.9998479593710528,FALSE,FALSE,n.s.
P98203,Arvcf,0.5103774679711776,0.43211584738666897,0.9998429551679517,-0.2797698227629534,0.6238287503182103,0.9998479593710528,FALSE,FALSE,n.s.
Q78ZA7,Nap1l4,-0.5048552805534422,0.5258334383633189,0.9998429551679517,-0.557300865805012,0.5308129502556849,0.9998479593710528,FALSE,FALSE,n.s.
Q60949,Tbc1d1,-0.6633718620780763,0.2940144923718785,0.9998429551679517,0.2034191969277449,0.7626514168061846,0.9998479593710528,FALSE,FALSE,n.s.
Q60751,Igf1r,-0.6349353237188918,0.11645143594887372,0.9998429551679517,-0.027019300057553926,0.9403393084940377,0.9998479593710528,FALSE,FALSE,n.s.
O08749,Dld,0.2773653997603468,0.7239610422754477,0.9998429551679517,0.7843154845601921,0.33331693293091835,0.9998479593710528,FALSE,FALSE,n.s.
Q80TN4,Dnajc16,-0.8150849436810059,0.11479367432350936,0.9998429551679517,-0.03602182390035064,0.943042864519551,0.9998479593710528,FALSE,FALSE,n.s.
A0A0A0MQE5,Camsap1,-0.3766475753438894,0.2674702723335214,0.9998429551679517,-0.11555180586555536,0.7904575151751473,0.9998479593710528,FALSE,FALSE,n.s.
Q3USJ8,Fchsd2,-1.1907800177278454,0.5143740774644071,0.9998429551679517,-0.23646499176310748,0.5436212616479709,0.9998479593710528,FALSE,FALSE,n.s.
Q91YD9,Wasl,0.47206111818300844,0.1805158846841484,0.9998429551679517,0.09625652498182553,0.8778304645541368,0.9998479593710528,FALSE,FALSE,n.s.
A0A0J9YTU3,Specc1,-0.2563166474901848,0.46042456876734106,0.9998429551679517,-0.15811594368492957,0.5980452734643655,0.9998479593710528,FALSE,FALSE,n.s.
Q9QXL8,Nme7,-0.3965449997654913,0.40871625046019167,0.9998429551679517,-0.21248002446886205,0.6498004018365422,0.9998479593710528,FALSE,FALSE,n.s.
Q6ZQK4,Ppp2r5c,-0.6807695655534788,0.09696185467868007,0.9998429551679517,-0.018785619514307614,0.9621301545173226,0.9998479593710528,FALSE,FALSE,n.s.
Q9D164,Fxyd6,0.4851825445508568,0.5323263673477534,0.9998429551679517,0.6850480050767608,0.5270830389059888,0.9998479593710528,FALSE,FALSE,n.s.
Q922Q4,Pycr2,-0.5931998499761568,0.4643094941469714,0.9998429551679517,0.3735035588247988,0.5955440122002023,0.9998479593710528,FALSE,FALSE,n.s.
Q8BJW6,Eif2a,0.22315973333833752,0.5935216084719392,0.9998429551679517,0.2971961435494101,0.4663445934295354,0.9998479593710528,FALSE,FALSE,n.s.
Q8BHZ0,Cyria,-1.4185264306100336,0.2787492245633751,0.9998429551679517,0.3738350190875434,0.7816793132372021,0.9998479593710528,FALSE,FALSE,n.s.
Q8BTM8,Flna,0.03211990022484972,0.8872740499403647,0.9998429551679517,-0.3165879122191176,0.17326030785522217,0.9998479593710528,FALSE,FALSE,n.s.
B2RWX1,Arhgap21,-0.4395859822009454,0.17121930866937746,0.9998429551679517,-0.04122049967475873,0.8893768499619514,0.9998479593710528,FALSE,FALSE,n.s.
Q9CQU3,Rer1,-1.6947790214401866,0.23177217643448444,0.9998429551679517,0.19490588958273955,0.8292697961011193,0.9998479593710528,FALSE,FALSE,n.s.
Q6PCX7,Rgma,-1.1547771527026074,0.40364348644371134,0.9998429551679517,-0.5566677242841229,0.6574314884362382,0.9998479593710528,FALSE,FALSE,n.s.
Q9CZR8,Tsfm,0.5118038008900803,0.5876970661253766,0.9998429551679517,0.5970714521396636,0.47372328945531383,0.9998479593710528,FALSE,FALSE,n.s.
E9PWP6,Rims1,-0.3263058501535817,0.31205971923700404,0.9998429551679517,0.13384973489659127,0.7497645461196649,0.9998479593710528,FALSE,FALSE,n.s.
P61089,Ube2n,-0.40284259997387034,0.6945208830104446,0.9998429551679517,0.8734791732474365,0.36735964701661905,0.9998479593710528,FALSE,FALSE,n.s.
P29758,Oat,-0.36077355240675774,0.5399031254080106,0.9998429551679517,-0.4438796852807425,0.5223751495323121,0.9998479593710528,FALSE,FALSE,n.s.
Q9CQE3,Mrps17,-0.41927851292845614,0.7201225901356114,0.9998429551679517,0.8324449379239188,0.34280049482432345,0.9998479593710528,FALSE,FALSE,n.s.
Q9R078,Prkab1,0.05403065394190028,0.9099926086476006,0.9998429551679517,0.6191997937242915,0.15298135870796997,0.9998479593710528,FALSE,FALSE,n.s.
Q9CXW4,Rpl11,-0.7310429212582809,0.5397682503027998,0.9998429551679517,-0.7849954837364992,0.5232082686380624,0.9998479593710528,FALSE,FALSE,n.s.
Q02248,Ctnnb1,-1.0207456853904433,0.13612392073029186,0.9998429551679517,0.061494411591649784,0.9270250644404989,0.9998479593710528,FALSE,FALSE,n.s.
O70475,Ugdh,-0.4387128366896646,0.2970319424262975,0.9998429551679517,-0.12108129818310187,0.766162545038036,0.9998479593710528,FALSE,FALSE,n.s.
Q9JKR6,Hyou1,0.2624146436664655,0.5566093822707634,0.9998429551679517,0.2901675409073394,0.5066509880986108,0.9998479593710528,FALSE,FALSE,n.s.
Q8K2Q7,Brox,0.24775494821550395,0.7424338170853453,0.9998429551679517,0.6028904798652085,0.320951570167321,0.9998479593710528,FALSE,FALSE,n.s.
Q5F2E7,Nufip2,-0.3569395378833784,0.5577927747078646,0.9998429551679517,0.5525499361447693,0.5057458186971362,0.9998479593710528,FALSE,FALSE,n.s.
B7ZMP1,Xpnpep3,0.41140355499851455,0.5818246354121364,0.9998429551679517,0.6699433497669866,0.4817873700873053,0.9998479593710528,FALSE,FALSE,n.s.
Q80VD1,Fam98b,-0.7677857942907161,0.2891904248871199,0.9998429551679517,-0.23493093508790533,0.7745772442190942,0.9998479593710528,FALSE,FALSE,n.s.
Q8K0D5,Gfm1,0.4853898628483689,0.22663837793870265,0.9998429551679517,0.083419131458067175,0.8371397461456741,0.9998479593710528,FALSE,FALSE,n.s.
Q91VL8,Terf2ip,-0.1580064719463737,0.7815589667359932,0.9998429551679517,0.7798607675709125,0.2822936254579096,0.9998479593710528,FALSE,FALSE,n.s.
P48302,Ednrb,-0.7408313199137072,0.4998740235006282,0.9998429551679517,-0.5231342875408738,0.5640642978017341,0.9998479593710528,FALSE,FALSE,n.s.
P32233,Drg1,-0.37722719831790863,0.45353907437681684,0.9998429551679517,0.21436171512514776,0.6104458247018112,0.9998479593710528,FALSE,FALSE,n.s.
P14576,Srp54,0.45850718245756433,0.6166035688701883,0.9998429551679517,0.29263665178569337,0.4475176801682985,0.9998479593710528,FALSE,FALSE,n.s.
P38647,Hspa9,-0.19842355770642978,0.6525324859882375,0.9998429551679517,-0.37009850230270563,0.4118041722724197,0.9998479593710528,FALSE,FALSE,n.s.
Q6ZQH8,Nup188,-0.21789955088525606,0.673541491033075,0.9998429551679517,0.28406824297835953,0.3907987598144822,0.9998479593710528,FALSE,FALSE,n.s.
Q9QZQ8,Macroh2a1,0.41758373694663603,0.5533865037848222,0.9998429551679517,0.4961484502062132,0.5110594248073796,0.9998479593710528,FALSE,FALSE,n.s.
P63154,Crnkl1,-0.09683738631249594,0.828163067728575,0.9998429551679517,-0.4929869687329633,0.2362899978521893,0.9998479593710528,FALSE,FALSE,n.s.
Q8K2Z8,Ube2q2,0.43365095048213415,0.4044051506375197,0.9998429551679517,-0.13059646496293126,0.6602120500584394,0.9998479593710528,FALSE,FALSE,n.s.
Q9DAM7,Tmem263,1.002388847335098,0.19337334773353335,0.9998429551679517,0.11968438532623074,0.871734632189647,0.9998479593710528,FALSE,FALSE,n.s.
O54692,Zw10,-0.689892341088848,0.2281916644125957,0.9998429551679517,-0.09716856445319935,0.8373895409048507,0.9998479593710528,FALSE,FALSE,n.s.
Q9ER39,Tor1a,-0.3840013903553615,0.5426798557076788,0.9998429551679517,-0.408747004153086,0.5232309259718371,0.9998479593710528,FALSE,FALSE,n.s.
Q6PDJ1,Cachd1,-0.6477097224422329,0.40809566276123127,0.9998429551679517,0.2199332609679765,0.6578516633540292,0.9998479593710528,FALSE,FALSE,n.s.
O88738,Birc6,0.2497473438172553,0.24990920143290749,0.9998429551679517,0.066162079926764,0.8160382818290547,0.9998479593710528,FALSE,FALSE,n.s.
Q9Z1M0,P2rx7,-0.6394375102311425,0.3147353689714566,0.9998429551679517,0.320434025903552,0.7512394705016464,0.9998479593710528,FALSE,FALSE,n.s.
Q9R226,Khdrbs3,-0.46105786957803035,0.5590582628705666,0.9998429551679517,-0.7901504241525338,0.5069342864783573,0.9998479593710528,FALSE,FALSE,n.s.
Q9DBE0,Csad,-0.3409418593337601,0.709378621484308,0.9998429551679517,-0.5405669531022582,0.35680040174745387,0.9998479593710528,FALSE,FALSE,n.s.
Q6A0A9,FAM120A,0.49439371972795926,0.278992204767591,0.9998429551679517,0.08628502704166302,0.7874320063321034,0.9998479593710528,FALSE,FALSE,n.s.
Q8C8T7,Elfn1,-1.4091705484740316,0.08471201392996612,0.9998429551679517,0.019453100732197182,0.9819423128062044,0.9998479593710528,FALSE,FALSE,n.s.
Q9JJA4,Wdr12,-0.4011613413033421,0.5019911971183428,0.9998429551679517,-0.2318642677382377,0.5648107408051355,0.9998479593710528,FALSE,FALSE,n.s.
Q9EPN1,Nbea,0.09532289542756012,0.7436738668666203,0.9998429551679517,0.28702878291056216,0.32341794828260817,0.9998479593710528,FALSE,FALSE,n.s.
Q99LX0,Park7,0.8491591204917822,0.3068371216469562,0.9998429551679517,0.25641995330305506,0.7608358751390942,0.9998479593710528,FALSE,FALSE,n.s.
Q9QYE6,Golga5,0.12605827434606673,0.7840507153965655,0.9998429551679517,-0.4313252838420341,0.28407016530991197,0.9998479593710528,FALSE,FALSE,n.s.
Q922H4,Gmppa,-0.46008880622928,0.6093667920623723,0.9998429551679517,0.5587333247919388,0.45876078514629504,0.9998479593710528,FALSE,FALSE,n.s.
Q400C8,Amz2,-0.4225447792765136,0.20819919842039938,0.9998429551679517,-0.09532372906536647,0.859959014353137,0.9998479593710528,FALSE,FALSE,n.s.
Q3UMU9,Hdgfl2,-0.1345274940742253,0.8905538182481547,0.9998429551679517,-0.7190273756161744,0.17826316552335772,0.9998479593710528,FALSE,FALSE,n.s.
Q8VDG5,Ppcs,-0.08944737258128216,0.8292121194065052,0.9998429551679517,0.6531679222581838,0.23960504876754746,0.9998479593710528,FALSE,FALSE,n.s.
P41105,Rpl28,-0.8796693548081862,0.37319776429958307,0.9998429551679517,0.39964545651449057,0.6957934844926776,0.9998479593710528,FALSE,FALSE,n.s.
P01027,C3,-0.6107675636704802,0.219818243198123,0.9998429551679517,-0.08501440144833246,0.8493097227905763,0.9998479593710528,FALSE,FALSE,n.s.
Q9EPE9,Atp13a1,0.06774410884093147,0.8362698613342987,0.9998429551679517,0.36793109371903027,0.23296284618760102,0.9998479593710528,FALSE,FALSE,n.s.
P63260,Actg1,-0.3758594852473472,0.6802938454344931,0.9998429551679517,-0.8721655656173951,0.3889704781170562,0.9998479593710528,FALSE,FALSE,n.s.
Q9CQN1,Trap1,-0.22678376488999052,0.6093798536874764,0.9998429551679517,0.32617218756201743,0.460511559109564,0.9998479593710528,FALSE,FALSE,n.s.
P17047,Lamp2,1.659161567821164,0.17461244058901645,0.9998429551679517,0.15630333905398375,0.895496048262143,0.9998479593710528,FALSE,FALSE,n.s.
P97372,Psme2,0.022364515159451884,0.9785699920099058,0.9998429551679517,-0.944812434430121,0.09154776164966393,0.9998479593710528,FALSE,FALSE,n.s.
Q5H8C4,Vps13a,-0.2909041036136214,0.182019903096705,0.9998429551679517,0.02932748575737453,0.8881612383643038,0.9998479593710528,FALSE,FALSE,n.s.
Q8BL03,Slc25a29,-0.0076403567805436515,0.9863479047380188,0.9998429551679517,0.7943021631317568,0.08409966333187868,0.9998479593710528,FALSE,FALSE,n.s.
Q9WVD5,Slc25a15,-0.3793932721084524,0.4424226747141111,0.9998429551679517,0.3074189212965351,0.6281245080404744,0.9998479593710528,FALSE,FALSE,n.s.
Q9D104,Srp19,0.40830445957438327,0.7600089988239931,0.9998429551679517,0.5727059551553552,0.3106591893677257,0.9998479593710528,FALSE,FALSE,n.s.
Q9CR67,Tmem33,-1.2735071125028772,0.39221803891390855,0.9998429551679517,-0.4404647057446292,0.6787909317991361,0.9998479593710528,FALSE,FALSE,n.s.
S4R270,Bin2,-0.849027550318988,0.2460623035261804,0.9998429551679517,-0.12068063881997462,0.825014230308947,0.9998479593710528,FALSE,FALSE,n.s.
Q8BZ98,Dnm3,-0.6404178922900324,0.13236049308365816,0.9998429551679517,-0.03431924638394887,0.9389301387365607,0.9998479593710528,FALSE,FALSE,n.s.
Q6PGE7,Slc6a7,1.314930297012344,0.3605039114142774,0.9998429551679517,0.4100668499028963,0.7108153148104341,0.9998479593710528,FALSE,FALSE,n.s.
Q9D0M3,Cyc1,1.8667638416460353,0.2304555878450365,0.9998429551679517,-0.34021231525353984,0.8410815546941779,0.9998479593710528,FALSE,FALSE,n.s.
Q8VDL4,Adpgk,-0.13820957474973908,0.8831132420019939,0.9998429551679517,1.3311667553682105,0.18851393946273529,0.9998479593710528,FALSE,FALSE,n.s.
Q60900,Elavl3,0.14297218873972167,0.8825382108394922,0.9998429551679517,-1.093087183138512,0.18941039578563573,0.9998479593710528,FALSE,FALSE,n.s.
Q810U5,Ccdc50,-0.4482401043400425,0.3252782009314847,0.9998429551679517,-0.3547409333389105,0.7467552069156665,0.9998479593710528,FALSE,FALSE,n.s.
P57784,Snrpa1,-0.41942954442394453,0.6740007781094077,0.9998429551679517,-0.6600867494865944,0.3982218162703487,0.9998479593710528,FALSE,FALSE,n.s.
Q05CL8,Larp7,-0.5216880351786618,0.11116413558573045,0.9998429551679517,-0.015970870493100305,0.9613197186808109,0.9998479593710528,FALSE,FALSE,n.s.
Q811G0,Bbs9,-0.14859005673997588,0.7593332393807304,0.9998429551679517,-0.7305690652037584,0.3131726972757494,0.9998479593710528,FALSE,FALSE,n.s.
Q9Z2M7,Pmm2,0.5140059660139666,0.49414705365106326,0.9998429551679517,0.3289531681016414,0.5785746129979823,0.9998479593710528,FALSE,FALSE,n.s.
Q5M8N0,Cnrip1,0.6728824634025522,0.4953050983628766,0.9998429551679517,0.6893308119608501,0.5776330585321103,0.9998479593710528,FALSE,FALSE,n.s.
Q9CS84,Nrxn1,0.09908622031396952,0.8390772331949563,0.9998429551679517,0.5327185829954225,0.23406290188953377,0.9998479593710528,FALSE,FALSE,n.s.
Q6DID7,Wls,-0.13086284031812456,0.8528209040068044,0.9998429551679517,0.7074401846807631,0.22057722975464902,0.9998479593710528,FALSE,FALSE,n.s.
Q99NF3,Cep41,-0.09995725040811718,0.7478666292526419,0.9998429551679517,0.3285859733493804,0.3256193682003703,0.9998479593710528,FALSE,FALSE,n.s.
Q9DC69,Ndufa9,0.2730939370389095,0.7694902473480109,0.9998429551679517,0.9457919735730224,0.30430517552180275,0.9998479593710528,FALSE,FALSE,n.s.
Q9CQ22,Lamtor1,-1.2856549395935017,0.22289100261632233,0.9998429551679517,-0.182135879635854,0.850928012648403,0.9998479593710528,FALSE,FALSE,n.s.
Q9CQJ6,Denr,0.3350699321156731,0.5640345246232458,0.9998429551679517,0.4166209562255555,0.509854757799129,0.9998479593710528,FALSE,FALSE,n.s.
Q64442,Sord,-0.8913896439426032,0.21023641718305797,0.9998429551679517,-0.11526324516873007,0.8637125966998165,0.9998479593710528,FALSE,FALSE,n.s.
Q8BH82,Napepld,-0.3971615120119999,0.403044446919093,0.9998429551679517,0.203239192160338,0.6709819948086412,0.9998479593710528,FALSE,FALSE,n.s.
Q3UBG2,Pid1,-0.6979304968749964,0.3264860687309721,0.9998429551679517,-0.24169098890348895,0.747590962083525,0.9998479593710528,FALSE,FALSE,n.s.
Q9QZB7,Actr10,0.582459573396235,0.27829116825666045,0.9998429551679517,-0.13334214353455634,0.7958664469398444,0.9998479593710528,FALSE,FALSE,n.s.
A2A7S7,Yars1,0.23186126763691056,0.5490230642267897,0.9998429551679517,0.2417324211390974,0.5252571159010669,0.9998479593710528,FALSE,FALSE,n.s.
O55029,Copb2,0.38383959723107264,0.3321847889100653,0.9998429551679517,0.11941749328219341,0.7421828546349942,0.9998479593710528,FALSE,FALSE,n.s.
Q66JZ4,TCAIM,0.8857835207296539,0.09829905654276969,0.9998429551679517,0.013611065111030444,0.9761181879372103,0.9998479593710528,FALSE,FALSE,n.s.
Q61205,Pafah1b3,0.4615436204718106,0.49307262105625005,0.9998429551679517,-0.41959865073799224,0.5814599156839382,0.9998479593710528,FALSE,FALSE,n.s.
P49070,Camlg,-0.7332806621787072,0.4099944012750002,0.9998429551679517,-0.2969583660128775,0.6648754108971119,0.9998479593710528,FALSE,FALSE,n.s.
P97785,Gfra1,0.27318795382654093,0.7401060805031594,0.9998429551679517,-0.9346700309611544,0.33491270964183495,0.9998479593710528,FALSE,FALSE,n.s.
A0A0U1RPL0,Atxn2l,-0.12023270212310239,0.7341987973728297,0.9998429551679517,-0.4076809329030801,0.34118210817578776,0.9998479593710528,FALSE,FALSE,n.s.
O35136,Ncam2,-0.239734582153115,0.6018315352430793,0.9998429551679517,0.31851177172459916,0.47360542664708283,0.9998479593710528,FALSE,FALSE,n.s.
O08804,Serpinb6b,-0.7551811929603387,0.40021568615415726,0.9998429551679517,0.23018062590029664,0.6758464010480327,0.9998479593710528,FALSE,FALSE,n.s.
Q4VC33,Maea,0.24281187806662166,0.6362301853461396,0.9998429551679517,-0.3220637671566125,0.4399850881862436,0.9998479593710528,FALSE,FALSE,n.s.
Q80TS3,Adgrl3,0.3923700147076831,0.4251036922412811,0.9998429551679517,-0.2509160342819272,0.6511170142247815,0.9998479593710528,FALSE,FALSE,n.s.
Q9QXK3,Copg2,-0.46684093953381084,0.317790549721651,0.9998429551679517,-0.1366625782429652,0.7588431816752764,0.9998479593710528,FALSE,FALSE,n.s.
Q8C167,Prepl,0.236207461028057,0.634119021527032,0.9998429551679517,0.3849093654463836,0.442584929861113,0.9998479593710528,FALSE,FALSE,n.s.
P62911,Rpl32,-0.4363225110300391,0.5967514868243218,0.9998429551679517,0.5180287965718674,0.4800084717989733,0.9998479593710528,FALSE,FALSE,n.s.
Q9R1T4,Septin6,-0.31893930886813676,0.6900986564222152,0.9998429551679517,0.6197298402553683,0.3867020415275484,0.9998479593710528,FALSE,FALSE,n.s.
Q9CXF4,Tbc1d15,-0.33437932908713053,0.3960660498211217,0.9998429551679517,-0.15816103646893115,0.6808835115861568,0.9998479593710528,FALSE,FALSE,n.s.
Q60928,Ggt1,0.9945216692830753,0.2055940948358769,0.9998429551679517,0.11424790151014193,0.8715128662672126,0.9998479593710528,FALSE,FALSE,n.s.
Q6NXM3,Tmem130,-0.24460635226823965,0.7571170748301752,0.9998429551679517,-0.4353808367929209,0.3207289388500177,0.9998479593710528,FALSE,FALSE,n.s.
Q8BHT6,B3glct,0.6166183394715657,0.18185383714576825,0.9998429551679517,-0.06975276801414775,0.8961509812358632,0.9998479593710528,FALSE,FALSE,n.s.
Q8R1T1,Chmp7,0.5264213526533216,0.36134333843011024,0.9998429551679517,0.24139890990149665,0.7172032402880095,0.9998479593710528,FALSE,FALSE,n.s.
Q5RJG7,Crppa,0.6997376458128823,0.2109577240938936,0.9998429551679517,-0.10009353678088363,0.8680057051204668,0.9998479593710528,FALSE,FALSE,n.s.
Q9QXT0,Cnpy2,-0.905320999999341,0.392351678144884,0.9998429551679517,-0.585359393290634,0.6866639157635566,0.9998479593710528,FALSE,FALSE,n.s.
P59644,Inpp5j,-0.19866671361544136,0.7150295339957721,0.9998429551679517,0.3475224585540633,0.36401100773246864,0.9998479593710528,FALSE,FALSE,n.s.
P10630,Eif4a2,0.5696990437475623,0.46275226292400884,0.9998429551679517,-0.42189588539319667,0.6166282770678724,0.9998479593710528,FALSE,FALSE,n.s.
G5E924,Hnrnpl,-0.26891661287471486,0.6907188503416231,0.9998429551679517,1.2549425587171974,0.3894316793715521,0.9998479593710528,FALSE,FALSE,n.s.
E9QJV4,Prpf39,0.20734044815420372,0.5759146821882519,0.9998429551679517,1.0875327041455742,0.5045145966958582,0.9998479593710528,FALSE,FALSE,n.s.
Q9CV53,Gcsh,-0.7719748888812065,0.5904329690637043,0.9998429551679517,-1.1565417437368541,0.490514691848994,0.9998479593710528,FALSE,FALSE,n.s.
Q99JH7,Clstn3,0.3578924366290798,0.6438315330915425,0.9998429551679517,0.5990453634541166,0.43763592106018423,0.9998479593710528,FALSE,FALSE,n.s.
O88544,Cops4,0.3222006001363319,0.5979472839188593,0.9998429551679517,0.41429368749405837,0.48397876037944987,0.9998479593710528,FALSE,FALSE,n.s.
A0A0R4J140,Cluh,-0.018524934015521702,0.9622576555117885,0.9998429551679517,0.6126558826055349,0.11974567298797893,0.9998479593710528,FALSE,FALSE,n.s.
P62301,Rps13,-0.2831028594544277,0.8304239374959363,0.9998429551679517,1.4625367672819185,0.2517466686324575,0.9998479593710528,FALSE,FALSE,n.s.
P63250,Kcnj3,0.7073994607346866,0.262818553195188,0.9998429551679517,0.14908455832664133,0.8193636942641436,0.9998479593710528,FALSE,FALSE,n.s.
Q3TRG2,Map3k20,2.6403782359127907,0.2866522196085051,0.9998429551679517,0.15069856202172116,0.795701087205611,0.9998479593710528,FALSE,FALSE,n.s.
Q8VEB6,Elac1,0.36996571738053735,0.787997042260429,0.9998429551679517,-0.6681494171371054,0.2948244994340638,0.9998479593710528,FALSE,FALSE,n.s.
Q61418,Clcn4,0.10114512393229322,0.915182185369017,0.9998429551679517,1.1184361970262646,0.16776921881064508,0.9998479593710528,FALSE,FALSE,n.s.
Q9Z2C9,Mtmr7,0.05192018516625992,0.8643003503807182,0.9998429551679517,0.4288121033990283,0.2190731287779305,0.9998479593710528,FALSE,FALSE,n.s.
Q8VD37,Sgip1,-0.09242191946493619,0.8330865900507409,0.9998429551679517,0.5735504280156569,0.2505415351196713,0.9998479593710528,FALSE,FALSE,n.s.
P70188,Kifap3,-0.3210760160001365,0.4901168452843412,0.9998429551679517,0.29568282746963503,0.5940256419825745,0.9998479593710528,FALSE,FALSE,n.s.
Q9CRD2,Emc2,0.629431318088795,0.14889030525638414,0.9998429551679517,0.06990513182995958,0.9354654171740597,0.9998479593710528,FALSE,FALSE,n.s.
Q3U6K8,Vdac1,0.9137662386249401,0.4181599536458047,0.9998429551679517,0.49449522847837235,0.6663844491237034,0.9998479593710528,FALSE,FALSE,n.s.
A2A8R0,Zfyve9,-0.22105522437550584,0.4871578562597346,0.9998429551679517,-0.1794433762589576,0.5975754740855621,0.9998479593710528,FALSE,FALSE,n.s.
P61329,Fgf12,-0.7323265206319309,0.5497534202200405,0.9998429551679517,-0.6873006007670783,0.5358463065137209,0.9998479593710528,FALSE,FALSE,n.s.
Q8BQX9,Kcnab3,-0.11219275848110949,0.8213274439282074,0.9998429551679517,-0.7101540226497154,0.2644035860403961,0.9998479593710528,FALSE,FALSE,n.s.
A0A0R4J078,Ubxn4,-1.0704910095368094,0.500109652673451,0.9998429551679517,-0.8060026292996896,0.5859752555622213,0.9998479593710528,FALSE,FALSE,n.s.
Q8C1Y8,Ccz1,-0.8388735076536721,0.16007267465919714,0.9998429551679517,-0.055267440975835115,0.9260318036180949,0.9998479593710528,FALSE,FALSE,n.s.
Q8BJY1,Psmd5,-0.3917990950376992,0.7193581757148446,0.9998429551679517,-0.7942029619784474,0.367345728782268,0.9998479593710528,FALSE,FALSE,n.s.
Q8VDG3,Parn,-0.9777165085990689,0.15814011083787072,0.9998429551679517,0.0733048491902809,0.9290631609669029,0.9998479593710528,FALSE,FALSE,n.s.
Q11136,Pepd,-0.29730499990939213,0.6842836329287896,0.9998429551679517,-0.6510438928311063,0.40310367256850355,0.9998479593710528,FALSE,FALSE,n.s.
E9Q5J9,Tpm3,-0.4227667248852559,0.6998534201313811,0.9998429551679517,-0.8957027698506601,0.3878217404485672,0.9998479593710528,FALSE,FALSE,n.s.
Q9DB20,Atp5po,0.7933169605244417,0.5136786711637086,0.9998429551679517,0.6480891761525627,0.5742313598400839,0.9998479593710528,FALSE,FALSE,n.s.
Q5NCX5,Neurl4,-0.5110870083730578,0.43851469706848534,0.9998429551679517,0.23842761524422137,0.6494330898305386,0.9998479593710528,FALSE,FALSE,n.s.
Q69Z38,Peak1,-0.30743497019710514,0.4011579418333936,0.9998429551679517,-0.18379210312899857,0.6868389696676211,0.9998479593710528,FALSE,FALSE,n.s.
P21279,Gnaq,-0.1348068734882758,0.8991583356535529,0.9998429551679517,1.3547188240343102,0.18893767632993705,0.9998479593710528,FALSE,FALSE,n.s.
P63046,Sult4a1,0.5971381843613397,0.5064087203504556,0.9998429551679517,-0.5912856831494315,0.581781791517539,0.9998479593710528,FALSE,FALSE,n.s.
Q8R3K3,Ptcd2,0.10274387532621153,0.8871026387202563,0.9998429551679517,-0.5882290242089613,0.2015283877206338,0.9998479593710528,FALSE,FALSE,n.s.
Q8R1G2,Cmbl,0.38708656872073305,0.6464773978693162,0.9998429551679517,0.6726122663616237,0.44245033147821733,0.9998479593710528,FALSE,FALSE,n.s.
E9PVA8,Gcn1,0.04648462003004006,0.8171469012839676,0.9998429551679517,-0.2269821117061579,0.2719370591630949,0.9998479593710528,FALSE,FALSE,n.s.
P48024,Eif1,0.8242435893084652,0.30790374714422264,0.9998429551679517,0.2172250869523536,0.7812942726726977,0.9998479593710528,FALSE,FALSE,n.s.
P50429,Arsb,-1.03969009566596,0.30428258416961573,0.9998429551679517,0.24525304593306868,0.7851245338741116,0.9998479593710528,FALSE,FALSE,n.s.
Q64471,Gstt1,-0.055044881417322944,0.8910364148465304,0.9998429551679517,-0.6322744834056212,0.19846681094005947,0.9998479593710528,FALSE,FALSE,n.s.
Q91YM4,Tbrg4,0.880429121731988,0.17806086120592435,0.9998429551679517,0.05783748782763387,0.9118537873759077,0.9998479593710528,FALSE,FALSE,n.s.
P28028,Braf,0.30800445035403506,0.5433480307818292,0.9998429551679517,-0.33955207558081135,0.5467543312496004,0.9998479593710528,FALSE,FALSE,n.s.
Q7TT37,Elp1,0.22829374398604707,0.5163427634198876,0.9998429551679517,0.21560607339665316,0.5737810957042093,0.9998479593710528,FALSE,FALSE,n.s.
Q91WC0,Setd3,0.3366808888504146,0.3868220250334685,0.9998429551679517,0.13903418765654998,0.7037786839200015,0.9998479593710528,FALSE,FALSE,n.s.
Q9D0I4,Stx17,-0.5259997563839188,0.25484454495394887,0.9998429551679517,-0.09821443702836913,0.8357767744577816,0.9998479593710528,FALSE,FALSE,n.s.
P50580,Pa2g4,-0.33380598675478484,0.5199234123319383,0.9998429551679517,0.2974031630426637,0.5707869373731413,0.9998479593710528,FALSE,FALSE,n.s.
P80314,Cct2,0.07438830075030978,0.8994454679410281,0.9998429551679517,0.6991300639143821,0.19149188040382023,0.9998479593710528,FALSE,FALSE,n.s.
Q8VEG4,Exd2,0.25550689001648225,0.5916701387279181,0.9998429551679517,0.5922732099417355,0.4993471602411318,0.9998479593710528,FALSE,FALSE,n.s.
E9Q8P8,Fam131b,-0.7587118275989616,0.22269562537509618,0.9998429551679517,-0.09953210041942467,0.8683428798465546,0.9998479593710528,FALSE,FALSE,n.s.
Q810B6,Ankfy1,0.07518435552475838,0.8394336083119494,0.9998429551679517,0.3986890129605554,0.2516738985819996,0.9998479593710528,FALSE,FALSE,n.s.
P35290,Rab24,0.42325825478416074,0.5572119628962772,0.9998429551679517,0.4378185173862755,0.5341719360085387,0.9998479593710528,FALSE,FALSE,n.s.
P62257,Ube2h,0.2704857708748438,0.7315195188088148,0.9998429551679517,0.6365400822505232,0.3601789582454519,0.9998479593710528,FALSE,FALSE,n.s.
Q9D554,Sf3a3,-0.582991079387479,0.3398550304765896,0.9998429551679517,0.1672194611972869,0.7520208491173042,0.9998479593710528,FALSE,FALSE,n.s.
Q9D7B6,Acad8,-0.2150600223244516,0.7132341775712401,0.9998429551679517,-0.4255166198055096,0.3788737085484081,0.9998479593710528,FALSE,FALSE,n.s.
D3YUB6,Btbd8,-0.6338612122664703,0.1595911339343102,0.9998429551679517,0.02933801687421662,0.9325177719156854,0.9998479593710528,FALSE,FALSE,n.s.
Q6P5E6,Gga2,-0.22212395908697283,0.7478871423822785,0.9998429551679517,0.2962131484895316,0.3442787669950363,0.9998479593710528,FALSE,FALSE,n.s.
Q6DFW4,Nop58,0.33084106222833093,0.38324931558186115,0.9998429551679517,0.15201804058670074,0.7091883121767567,0.9998479593710528,FALSE,FALSE,n.s.
Q7TNG5,Eml2,0.48255190630013495,0.4756044656155691,0.9998429551679517,0.3647809225740654,0.6168558134279746,0.9998479593710528,FALSE,FALSE,n.s.
Q99KW9,Itfg1,0.7558007329069023,0.3073873336132906,0.9998429551679517,-0.20849578127473906,0.7852615206702069,0.9998479593710528,FALSE,FALSE,n.s.
Q922J9,Far1,-0.16562047438594085,0.8263357569989128,0.9998429551679517,-0.6272417391174526,0.26654112796027724,0.9998479593710528,FALSE,FALSE,n.s.
Q9R099,Tbl2,0.6226764129701475,0.23958189468455535,0.9998429551679517,0.09486030831505204,0.8535506080788944,0.9998479593710528,FALSE,FALSE,n.s.
Q9CXX9,Cuedc2,0.3035752790685184,0.7223965362175673,0.9998429551679517,0.6101952920268287,0.3713775899044417,0.9998479593710528,FALSE,FALSE,n.s.
Q8R1N0,Znf830,-0.4068121269013162,0.5027278968502014,0.9998429551679517,-0.47223076765975147,0.5917738942689148,0.9998479593710528,FALSE,FALSE,n.s.
Q9Z1K7,Apc2,0.2585537822847984,0.6302616775078392,0.9998429551679517,0.3010733535107422,0.4642780331910592,0.9998479593710528,FALSE,FALSE,n.s.
Q62348,Tsn,0.5168695514359944,0.6064082985074517,0.9998429551679517,0.7568140284186933,0.48837721109334586,0.9998479593710528,FALSE,FALSE,n.s.
Q00623,Apoa1,-0.3667336255450859,0.5930881462903802,0.9998429551679517,0.3911021151116182,0.5017209689088555,0.9998479593710528,FALSE,FALSE,n.s.
Q8K1A6,Cc2d1a,0.0016117908103554896,0.9966672975505615,0.9998429551679517,0.7650640903588137,0.09829111959397906,0.9998479593710528,FALSE,FALSE,n.s.
Q3UW53,Niban1,0.38937163656138446,0.5262107604576255,0.9998429551679517,0.25106752421123435,0.5688473068395956,0.9998479593710528,FALSE,FALSE,n.s.
Q99K67,Aass,-0.3003833424779678,0.578481335171936,0.9998429551679517,0.27968441652211246,0.5167015152727914,0.9998479593710528,FALSE,FALSE,n.s.
Q6PHS6,Snx13,-0.314626088196513,0.35637009533361685,0.9998429551679517,0.13835459298725605,0.738907720032473,0.9998479593710528,FALSE,FALSE,n.s.
Q80U19,Daam2,-0.16488962933445206,0.6464684698255648,0.9998429551679517,-0.23367718898102283,0.4490730372793721,0.9998479593710528,FALSE,FALSE,n.s.
Q9QXD8,Limd1,-0.45660196342206955,0.48948736642197,0.9998429551679517,-0.16366441529642234,0.6063863160454781,0.9998479593710528,FALSE,FALSE,n.s.
P52479,Usp10,0.5437634190778975,0.4389471216851677,0.9998429551679517,-0.33653433778766945,0.6571702956425267,0.9998479593710528,FALSE,FALSE,n.s.
Q9Z2N8,Actl6a,-0.7731437335165061,0.37201065409748113,0.9998429551679517,0.3451811539723826,0.7241247343039452,0.9998479593710528,FALSE,FALSE,n.s.
Q8BN59,Larp6,-0.30222383281443455,0.5823539858398089,0.9998429551679517,-0.4252932593315339,0.5138790195927652,0.9998479593710528,FALSE,FALSE,n.s.
Q8BH95,Echs1,0.5547707902479402,0.5318292493308525,0.9998429551679517,0.5728507426863689,0.5644757515373727,0.9998479593710528,FALSE,FALSE,n.s.
P70268,Pkn1,-0.3886218414009652,0.23381522499765017,0.9998429551679517,-0.06572207579049837,0.8625262890491916,0.9998479593710528,FALSE,FALSE,n.s.
Q60668,Hnrnpd,0.7175067495405836,0.3071291497205374,0.9998429551679517,-0.1576600131832239,0.7892885247313802,0.9998479593710528,FALSE,FALSE,n.s.
Q8K2B3,Sdha,-0.5069753636659191,0.38001152904541313,0.9998429551679517,-0.21507734327000957,0.7164515749947449,0.9998479593710528,FALSE,FALSE,n.s.
E9PV14,Epb41l1,0.18361011891645693,0.6214748823697344,0.9998429551679517,0.2492361121077513,0.47500232056307634,0.9998479593710528,FALSE,FALSE,n.s.
Q7TME0,Plppr4,-0.48800886850682584,0.3543128822369177,0.9998429551679517,0.25820150579919066,0.7422120119558715,0.9998479593710528,FALSE,FALSE,n.s.
Q9D6R2,Idh3a,-0.19414519498977553,0.8605718922585524,0.9998429551679517,-1.1495549164930778,0.23632761662955434,0.9998479593710528,FALSE,FALSE,n.s.
Q8K070,Samd14,-0.13039329915372638,0.7061847415684581,0.9998429551679517,0.27558088038839323,0.3911079495323634,0.9998479593710528,FALSE,FALSE,n.s.
A2CG49,Kalrn,-0.025802103985593287,0.9168848889528547,0.9998429551679517,-0.7570246374093964,0.18049096821669783,0.9998479593710528,FALSE,FALSE,n.s.
B1AS29,Grik3,0.3218247791590177,0.46248534910373773,0.9998429551679517,-0.2937365838857566,0.634965191301003,0.9998479593710528,FALSE,FALSE,n.s.
Q5U430,Ubr3,0.23709088631175637,0.5607671216046439,0.9998429551679517,0.21959533615380272,0.5370229268826625,0.9998479593710528,FALSE,FALSE,n.s.
O35114,Scarb2,0.14652703240723722,0.8720021374139555,0.9998429551679517,-1.3434778304873694,0.22603377594058144,0.9998479593710528,FALSE,FALSE,n.s.
Q8R3H9,Ttc4,0.20939077929206784,0.6013199683158943,0.9998429551679517,-0.3900807593019432,0.4968559363563909,0.9998479593710528,FALSE,FALSE,n.s.
Q91WG8,Gne,-0.5060571366104857,0.3927972264253572,0.9998429551679517,-0.2616558182290123,0.7056936412053414,0.9998479593710528,FALSE,FALSE,n.s.
P34914,Ephx2,-0.182844681569039,0.6624245884092563,0.9998429551679517,-0.3518064502637057,0.43608936609244764,0.9998479593710528,FALSE,FALSE,n.s.
B2RQC6,Cad,-0.24789065606294688,0.37741994251848165,0.9998429551679517,0.10700739036303318,0.7212860675779325,0.9998479593710528,FALSE,FALSE,n.s.
P81117,Nucb2,0.06828851404128691,0.9066855555922031,0.9998429551679517,-0.7908931355592657,0.1922581695059488,0.9998479593710528,FALSE,FALSE,n.s.
Q9ERV1,Mkrn2,0.1553215192182321,0.7798398603741552,0.9998429551679517,0.4096875832817194,0.3192142682962502,0.9998479593710528,FALSE,FALSE,n.s.
Q8BXB3,Slc8a1,-0.3264071038097075,0.5605693430437404,0.9998429551679517,-0.33338943438955476,0.5390817374572963,0.9998479593710528,FALSE,FALSE,n.s.
Q920L1,Fads1,0.8814232067283405,0.39783182217046714,0.9998429551679517,-0.4107200093992314,0.7022406584983283,0.9998479593710528,FALSE,FALSE,n.s.
Q8BNW9,Kbtbd11,-0.49553406616706436,0.5332357163510061,0.9998429551679517,-0.5805204209964092,0.5668664266492505,0.9998479593710528,FALSE,FALSE,n.s.
P62281,Rps11,0.4251341280865842,0.6081923783485017,0.9998429551679517,0.5248798232427708,0.4921883119375754,0.9998479593710528,FALSE,FALSE,n.s.
Q99KN2,Ciao1,0.5928493756771052,0.30889290422927146,0.9998429551679517,0.1351163337113356,0.792327254582692,0.9998479593710528,FALSE,FALSE,n.s.
Q9CYA0,Creld2,-1.3284850785541014,0.2905661029693699,0.9998429551679517,0.35937744050535847,0.8106544826938311,0.9998479593710528,FALSE,FALSE,n.s.
Q8K3Z9,Pom121,0.1366801986170735,0.7144448376137709,0.9998429551679517,-0.2685326959300193,0.3872415769080647,0.9998479593710528,FALSE,FALSE,n.s.
P61255,Rpl26,1.1934865591238268,0.2696807247530766,0.9998429551679517,0.21227077558858612,0.8320200956210955,0.9998479593710528,FALSE,FALSE,n.s.
P47934,Crat,-0.10989546122427556,0.8693001720269471,0.9998429551679517,-0.6821413833938865,0.23266384408651325,0.9998479593710528,FALSE,FALSE,n.s.
Q9Z1Q9,Vars1,-0.3218347086400673,0.44318087679820195,0.9998429551679517,0.18756082677460179,0.6597412428260065,0.9998479593710528,FALSE,FALSE,n.s.
Q8C145,Slc39a6,-0.32469126996694553,0.5732367342645295,0.9998429551679517,-0.30231842844457635,0.5296978201505569,0.9998479593710528,FALSE,FALSE,n.s.
Q80XP9,Wnk3,0.5066476183821561,0.2087488460324649,0.9998429551679517,0.045360862985463525,0.8943590993178482,0.9998479593710528,FALSE,FALSE,n.s.
E9PW83,Fam184a,0.20159103436585035,0.48145300150350556,0.9998429551679517,-0.17236982236147053,0.6218946966369574,0.9998479593710528,FALSE,FALSE,n.s.
Q9DAR7,Dcps,0.068234503497081,0.928583242498356,0.9998429551679517,0.9111217348789505,0.17506481186723694,0.9998479593710528,FALSE,FALSE,n.s.
Q6NSR8,Npepl1,-0.45248116414192663,0.5159432083362749,0.9998429551679517,-0.4698264407306679,0.5881491410946434,0.9998479593710528,FALSE,FALSE,n.s.
A2A6T1,Cdr2l,-0.5298348558284829,0.5453964695483506,0.9998429551679517,0.3388270771177301,0.559262554207719,0.9998479593710528,FALSE,FALSE,n.s.
Q99J99,Mpst,0.021773194352146807,0.9820968180417945,0.9998429551679517,1.492474446720399,0.12270231433525271,0.9998479593710528,FALSE,FALSE,n.s.
Q8R464,Cadm4,2.009854295487228,0.16660479150731303,0.9998429551679517,-0.14695262179845942,0.9384039397733401,0.9998479593710528,FALSE,FALSE,n.s.
Q9CR98,Fam136a,0.32649326190222167,0.7289631424869341,0.9998429551679517,-0.8592164102003023,0.376127591200336,0.9998479593710528,FALSE,FALSE,n.s.
Q6PD31,Trak1,-0.16067935691604243,0.6997541600556652,0.9998429551679517,-0.34009611365836956,0.4053450076691272,0.9998479593710528,FALSE,FALSE,n.s.
Q7TQK5,Ccdc93,-0.17903648974184455,0.6246570257199704,0.9998429551679517,-0.23253214321916782,0.48076028750150834,0.9998479593710528,FALSE,FALSE,n.s.
Q9QYS2,Grm3,-0.37669800978821083,0.5112889998251512,0.9998429551679517,-0.27140134970573065,0.5943153471132072,0.9998479593710528,FALSE,FALSE,n.s.
P11679,Krt8,-0.43253248016797,0.276188814277018,0.9998429551679517,-0.12398296103927456,0.8294614391830706,0.9998479593710528,FALSE,FALSE,n.s.
O88704,Hcn1,0.2846855153516718,0.5756694474669177,0.9998429551679517,0.3987710873006295,0.5300297509480796,0.9998479593710528,FALSE,FALSE,n.s.
P46978,Stt3a,-0.6587134287517633,0.5615607204396666,0.9998429551679517,-0.6718827556554126,0.5443246705506202,0.9998479593710528,FALSE,FALSE,n.s.
Q8R0H9,Gga1,-0.8167168749705297,0.3747111713537902,0.9998429551679517,-0.28857409214054863,0.7312160266011656,0.9998479593710528,FALSE,FALSE,n.s.
Q9CQ75,Ndufa2,-0.6345083701197637,0.45984862369210644,0.9998429551679517,-0.4669209528518345,0.6461461716561548,0.9998479593710528,FALSE,FALSE,n.s.
Q8VE88,Fam114a2,0.37777716320384175,0.5083161757178916,0.9998429551679517,0.26661212957001945,0.5977521037978559,0.9998479593710528,FALSE,FALSE,n.s.
Q9CY27,Tecr,0.5856370862620084,0.5627086427184662,0.9998429551679517,0.7220184554355098,0.5439196152765842,0.9998479593710528,FALSE,FALSE,n.s.
Q9CPT5,Nop16,0.656055852875258,0.13103869752124997,0.9998429551679517,0.03073923800041894,0.9758065224424126,0.9998479593710528,FALSE,FALSE,n.s.
Q9DBG7,Srpra,-0.3312342519260298,0.32328963475314154,0.9998429551679517,0.10007570587654213,0.78388473366817,0.9998479593710528,FALSE,FALSE,n.s.
Q80U72,Scrib,-1.1706338917461334,0.22297192189133913,0.9998429551679517,-0.0706265090962543,0.8843096748513368,0.9998479593710528,FALSE,FALSE,n.s.
Q62086,Pon2,0.3630817796213359,0.7551612938832175,0.9998429551679517,0.9574911790162576,0.35239239333562833,0.9998479593710528,FALSE,FALSE,n.s.
Q3U2A8,Vars2,0.28870550152044683,0.5181746640191525,0.9998429551679517,-0.21220168598727102,0.5894237308584107,0.9998479593710528,FALSE,FALSE,n.s.
Q9QXW9,Slc7a8,0.010097525517716517,0.9854126432266215,0.9998429551679517,0.8822741983846687,0.12222066899458411,0.9998479593710528,FALSE,FALSE,n.s.
Q9CR95,Necap1,-0.18871903216444735,0.8646018281721928,0.9998429551679517,1.3252011731423132,0.24321363042987146,0.9998479593710528,FALSE,FALSE,n.s.
Q5SUR0,Pfas,0.7449201715109097,0.13579655221861334,0.9998429551679517,-0.013335474455657274,0.9720849514375707,0.9998479593710528,FALSE,FALSE,n.s.
Q9D6K8,Fundc2,-0.16749134581750216,0.7836427693832095,0.9998429551679517,0.7433695868222071,0.32455290699758166,0.9998479593710528,FALSE,FALSE,n.s.
Q8C0J2,Atg16l1,0.03488187336121278,0.9311481816205451,0.9998429551679517,0.604115593471858,0.17705215558462228,0.9998479593710528,FALSE,FALSE,n.s.
Q9ES46,Parvb,-0.10975443843916492,0.8203647882079275,0.9998429551679517,-0.6026140266306922,0.28789886259007347,0.9998479593710528,FALSE,FALSE,n.s.
P09925,Surf1,-0.19854691692741833,0.7645769413874226,0.9998429551679517,-0.3158673277554464,0.34445749181676866,0.9998479593710528,FALSE,FALSE,n.s.
Q8BG94,Commd7,0.18050871779661073,0.7433317843452476,0.9998429551679517,0.7041844985869963,0.36638219280654005,0.9998479593710528,FALSE,FALSE,n.s.
Q6GQW0,Abtb3,-0.49948023935497055,0.2750882290751596,0.9998429551679517,0.09167188256634962,0.8347088148921569,0.9998479593710528,FALSE,FALSE,n.s.
Q9QZC2,Plxnc1,0.22292569324869738,0.49534292445162,0.9998429551679517,0.18020766259383111,0.6146811875134559,0.9998479593710528,FALSE,FALSE,n.s.
P32037,Slc2a3,0.46656591860194335,0.6289033278587389,0.9998429551679517,-0.7601036765831116,0.4816298029082594,0.9998479593710528,FALSE,FALSE,n.s.
Q8BGQ1,Vipas39,0.6767290639005448,0.2872772788953656,0.9998429551679517,-0.12269840921643733,0.8232722984844466,0.9998479593710528,FALSE,FALSE,n.s.
Q5KU39,Vps41,0.016840075617854416,0.9586662041862033,0.9998429551679517,0.38663793896029996,0.1519130362616038,0.9998479593710528,FALSE,FALSE,n.s.
Q91YK0,Lrrc49,0.6751160453242789,0.34718736857638227,0.9998429551679517,0.2620316153857073,0.7634025612534998,0.9998479593710528,FALSE,FALSE,n.s.
P20108,Prdx3,1.3592993367954922,0.5057182645660626,0.9998429551679517,-0.8042239062710402,0.6052799143579286,0.9998479593710528,FALSE,FALSE,n.s.
E9PV24,Fga,-0.09574969640047243,0.8549390691082022,0.9998429551679517,0.5394766579249018,0.25608086675431574,0.9998479593710528,FALSE,FALSE,n.s.
Q3URD3,Slmap,-0.30966258667091856,0.28550873611133365,0.9998429551679517,-0.05529904922284827,0.8257790683092011,0.9998479593710528,FALSE,FALSE,n.s.
Q8CB77,Eloa,0.06972602626964576,0.9314075330132212,0.9998429551679517,-0.622317371006978,0.18004672005230782,0.9998479593710528,FALSE,FALSE,n.s.
D3YZZ5,Tmed7,0.8259661449499952,0.6483454901423658,0.9998429551679517,1.5631142568016123,0.4631691229135843,0.9998479593710528,FALSE,FALSE,n.s.
Q8K2T8,Paf1,-0.5341304915396461,0.23388736462309584,0.9998429551679517,-0.0779362141879264,0.8779514385405611,0.9998479593710528,FALSE,FALSE,n.s.
A0A286YCX6,Trappc8,0.16641913312512793,0.5929511684022286,0.9998429551679517,-0.1683549874794109,0.518925303432242,0.9998479593710528,FALSE,FALSE,n.s.
Q9JM63,Kcnj10,0.38861212206867424,0.7107617867156033,0.9998429551679517,-1.2417431051899184,0.40130438553363934,0.9998479593710528,FALSE,FALSE,n.s.
Q9D0L7,Armc10,-0.8183007029610266,0.22831306816039604,0.9998429551679517,-0.09988569349089857,0.8837861138183959,0.9998479593710528,FALSE,FALSE,n.s.
Q9EQC5,Scyl1,-0.4529207456549886,0.39944180688686326,0.9998429551679517,-0.1716491785941876,0.7127165183262988,0.9998479593710528,FALSE,FALSE,n.s.
P17095,Hmga1,0.7587271749669151,0.4392957554710312,0.9998429551679517,-0.5409547686635815,0.6730904154470536,0.9998479593710528,FALSE,FALSE,n.s.
Q99MN9,Pccb,-0.7981752735112162,0.14806688538540258,0.9998429551679517,0.02812116027674873,0.9645064472354008,0.9998479593710528,FALSE,FALSE,n.s.
P54731,Faf1,0.7093248495945728,0.14713170063190656,0.9998429551679517,-0.027958652424340796,0.9654870613428523,0.9998479593710528,FALSE,FALSE,n.s.
Q99PL5,Rrbp1,-0.2999257334362909,0.3059677572394914,0.9998429551679517,0.08147809864377138,0.8067250431227974,0.9998479593710528,FALSE,FALSE,n.s.
Q9QWR8,Naga,-1.1617206930782669,0.14358198241205702,0.9998429551679517,0.040113924997174304,0.9692121610457416,0.9998479593710528,FALSE,FALSE,n.s.
Q8K0E8,Fgb,-0.3539724056943548,0.5850708434408685,0.9998429551679517,0.5376220037084295,0.527733631133672,0.9998479593710528,FALSE,FALSE,n.s.
Q8BKI2,Tnrc6b,-0.22713778457264913,0.4039539865903299,0.9998429551679517,-0.13429055614872104,0.7093067883752843,0.9998479593710528,FALSE,FALSE,n.s.
P16460,Ass1,0.44396014603417244,0.5154922250144494,0.9998429551679517,0.3634416718291064,0.5979743949708696,0.9998479593710528,FALSE,FALSE,n.s.
Q68FG2,Sptbn2,-0.2327591138745614,0.4844458822572414,0.9998429551679517,-0.15352227774354357,0.6290973069537367,0.9998479593710528,FALSE,FALSE,n.s.
Q02614,Sap30bp,0.05084666894696581,0.9377775727657706,0.9998429551679517,1.0005716863115646,0.17595723939780852,0.9998479593710528,FALSE,FALSE,n.s.
Q9CZT8,Rab3b,0.22726845238016088,0.8260828373969595,0.9998429551679517,1.2718282083773318,0.2877773594014828,0.9998479593710528,FALSE,FALSE,n.s.
P62754,Rps6,0.7157414438560039,0.5163285902232846,0.9998429551679517,0.6115641277410793,0.597587582183599,0.9998479593710528,FALSE,FALSE,n.s.
Q9R0N0,Galk1,-1.3220343032539368,0.34340424655024065,0.9998429551679517,-0.28220219312431016,0.770717155437632,0.9998479593710528,FALSE,FALSE,n.s.
P24270,Cat,-0.12247283064759694,0.7737455218302391,0.9998429551679517,0.5602725120009564,0.34055745041674423,0.9998479593710528,FALSE,FALSE,n.s.
P06909,Cfh,-0.37494671915697353,0.12073938350906405,0.9998429551679517,-0.0023799447827045593,0.993951852690589,0.9998479593710528,FALSE,FALSE,n.s.
Q3TY65,Ica1l,-0.8857516337147264,0.14499199224176143,0.9998429551679517,0.023398923042955017,0.9699898398713747,0.9998479593710528,FALSE,FALSE,n.s.
Q9QY76,Vapb,-0.08469065971883727,0.8948448501695602,0.9998429551679517,0.9308579620662766,0.2204552307087307,0.9998479593710528,FALSE,FALSE,n.s.
Q8K0V2,Dcun1d3,-0.274949305132395,0.7092854779048907,0.9998429551679517,-0.569704566219576,0.4064352059723219,0.9998479593710528,FALSE,FALSE,n.s.
D3Z4S3,Ptrhd1,-0.5374280756061669,0.3119416992246326,0.9998429551679517,-0.2234223895940716,0.8041753077386863,0.9998479593710528,FALSE,FALSE,n.s.
Q8BLE7,Slc17a6,0.013757376902801715,0.9890011572288833,0.9998429551679517,1.1294060414051743,0.12724009462822156,0.9998479593710528,FALSE,FALSE,n.s.
P58021,Tm9sf2,0.3073404913402928,0.6303094416035244,0.9998429551679517,-0.6190499905464473,0.48605572562264654,0.9998479593710528,FALSE,FALSE,n.s.
Q7TPH6,Mycbp2,0.09979652058703088,0.5869527120396194,0.9998429551679517,0.12248899343482658,0.5295387858417289,0.9998479593710528,FALSE,FALSE,n.s.
A0A087WRG0,Pfkfb2,-0.45731575434452876,0.2540334174912016,0.9998429551679517,0.08329304627900401,0.8632642535607226,0.9998479593710528,FALSE,FALSE,n.s.
Q80ZX0,Sec24b,-0.31273471924298374,0.5644160620995204,0.9998429551679517,-0.2828120061955277,0.5531774055762859,0.9998479593710528,FALSE,FALSE,n.s.
Q8C050,Rps6ka5,0.23256461696143974,0.5621468949882618,0.9998429551679517,0.21687271829666113,0.5558118339738914,0.9998479593710528,FALSE,FALSE,n.s.
Q6P4T2,Snrnp200,0.07498191039307545,0.7558613703324301,0.9998429551679517,0.21706674525530764,0.3626435818121443,0.9998479593710528,FALSE,FALSE,n.s.
Q8BM85,Tbck,0.05839678343468647,0.9011592795463415,0.9998429551679517,0.6470052644941691,0.217411478975555,0.9998479593710528,FALSE,FALSE,n.s.
Q91W96,Anapc4,-0.21995426994192577,0.5611616119317716,0.9998429551679517,-0.24222610680992357,0.5576069055426627,0.9998479593710528,FALSE,FALSE,n.s.
Q8CCF0,Prpf31,0.30456985898972316,0.5284134082323989,0.9998429551679517,0.2703986448225606,0.5904607206690258,0.9998479593710528,FALSE,FALSE,n.s.
Q7TNE1,Sugct,0.28486817375798784,0.5209156773832203,0.9998429551679517,0.29402828974718354,0.5979963242340545,0.9998479593710528,FALSE,FALSE,n.s.
Q6DFW0,C9orf72,-0.4491387739843469,0.487683014996958,0.9998429551679517,-0.4290291571579162,0.6323476427352062,0.9998479593710528,FALSE,FALSE,n.s.
Q8K0G5,Eipr1,0.6093611552323012,0.33220722429149285,0.9998429551679517,0.14572306727717685,0.7880341277298348,0.9998479593710528,FALSE,FALSE,n.s.
Q60673,Ptprn,0.23782069093860195,0.48580844891795444,0.9998429551679517,-0.4109637460643068,0.6347050882266803,0.9998479593710528,FALSE,FALSE,n.s.
Q2TBE6,Pi4k2a,-0.5421468069198536,0.3328488161915254,0.9998429551679517,-0.15338099084028167,0.7880372724988691,0.9998479593710528,FALSE,FALSE,n.s.
P11862,Gas2,1.1481133324319062,0.21889495522034633,0.9998429551679517,0.07294266809013532,0.9021015270411619,0.9998479593710528,FALSE,FALSE,n.s.
P97950,Rab33a,0.3937022515313591,0.42616065546541027,0.9998429551679517,0.3462053366239811,0.6949675794626627,0.9998479593710528,FALSE,FALSE,n.s.
Q61704,Itih3,-1.1791649414626342,0.2576010853335168,0.9998429551679517,-0.0704658326159699,0.8637654253069432,0.9998479593710528,FALSE,FALSE,n.s.
Q9EQU5,Set,0.7542852796868044,0.5758184160311824,0.9998429551679517,0.6750300358436933,0.5456512275775185,0.9998479593710528,FALSE,FALSE,n.s.
B2RX08,Sptb,0.14341017957048297,0.5601800825677516,0.9998429551679517,0.13335503771360027,0.5612976388695723,0.9998479593710528,FALSE,FALSE,n.s.
Q5SWZ5,Mprip,0.21889938153302346,0.39355973435879377,0.9998429551679517,0.08976621392009144,0.7280991983964001,0.9998479593710528,FALSE,FALSE,n.s.
P26339,Chga,0.6475898845975266,0.322831725688364,0.9998429551679517,-0.18330438842582714,0.7988906396349847,0.9998479593710528,FALSE,FALSE,n.s.
Q9D061,Acbd6,-0.7332072273843654,0.34514504168614146,0.9998429551679517,-0.22984445388077918,0.7769984009023643,0.9998479593710528,FALSE,FALSE,n.s.
Q6NVF0,Ocrl,-0.2906084905066461,0.572994850247978,0.9998429551679517,-0.2742835578644926,0.549366684225706,0.9998479593710528,FALSE,FALSE,n.s.
Q9D711,Pir,0.8436906470236621,0.4329659387378815,0.9998429551679517,0.3549249649898015,0.6896664990695742,0.9998479593710528,FALSE,FALSE,n.s.
Q8VE22,Mrps23,-0.26407221354300553,0.8237035694825046,0.9998429551679517,0.7457236588121763,0.29963070318578205,0.9998479593710528,FALSE,FALSE,n.s.
Q60967,Papss1,0.04475789196510677,0.9485589257194409,0.9998429551679517,-0.9306986685869311,0.17492625332087253,0.9998479593710528,FALSE,FALSE,n.s.
Q8C0Y0,Ppp4r4,-0.1357462879129805,0.8539673662255366,0.9998429551679517,-0.6589149905345145,0.26962130920994276,0.9998479593710528,FALSE,FALSE,n.s.
Q8BGB7,Enoph1,0.28448859325834125,0.7759484921781064,0.9998429551679517,-1.2283387736338953,0.3481436610334813,0.9998479593710528,FALSE,FALSE,n.s.
Q8CCH2,Nhlrc3,-0.2913983139947882,0.600572955521999,0.9998429551679517,0.3175039568560051,0.5238059025976292,0.9998479593710528,FALSE,FALSE,n.s.
Q9WTM5,Ruvbl2,-0.2555689841876057,0.5782431055907451,0.9998429551679517,0.2733043057509636,0.5461403660058366,0.9998479593710528,FALSE,FALSE,n.s.
A2AWP8,Arhgef10l,0.0775387626661875,0.9273678150355293,0.9998429551679517,-0.4235640359524704,0.19726126798449878,0.9998479593710528,FALSE,FALSE,n.s.
Q4PJX1,Odr4,0.4124106171522563,0.3483271221158716,0.9998429551679517,0.15283488368307446,0.7763651768291376,0.9998479593710528,FALSE,FALSE,n.s.
Q6PD28,Ppp2r5b,-0.9227553390668731,0.37292414377628735,0.9998429551679517,0.3475830691180848,0.7519062120623519,0.9998479593710528,FALSE,FALSE,n.s.
P52196,Tst,-0.07114149784217651,0.9508465666892244,0.9998429551679517,1.733842845017435,0.1741458605199911,0.9998479593710528,FALSE,FALSE,n.s.
Q8C2E4,Ptcd1,-0.5323546624546694,0.20508078849411351,0.9998429551679517,0.04949542251647425,0.9200562988791088,0.9998479593710528,FALSE,FALSE,n.s.
Q9DBU6,Rsrc1,-0.6995520322677682,0.5483724214216263,0.9998429551679517,0.49462225940925036,0.5768594442538505,0.9998479593710528,FALSE,FALSE,n.s.
Q80TL4,Phf24,0.40855688097164555,0.5470269470190728,0.9998429551679517,-0.46983115586109675,0.5783422635816182,0.9998479593710528,FALSE,FALSE,n.s.
P35550,Fbl,0.296601285371043,0.6269346618204654,0.9998429551679517,-0.40285448709164956,0.49869596116441817,0.9998479593710528,FALSE,FALSE,n.s.
Q99N87,Mrps5,0.6334577176407368,0.4462772796680242,0.9998429551679517,-0.17613038164908565,0.6795561847322147,0.9998479593710528,FALSE,FALSE,n.s.
Q9ESU6,Brd4,-0.12469937691410235,0.8574828724327986,0.9998429551679517,-1.0317098832750273,0.26835400136976584,0.9998479593710528,FALSE,FALSE,n.s.
Q3TIU4,Pde12,-0.4116985615704328,0.6293704403291225,0.9998429551679517,0.3714233758459881,0.49673577861321405,0.9998479593710528,FALSE,FALSE,n.s.
Q6R891,Ppp1r9b,-0.5988509288205192,0.1575825230409341,0.9998429551679517,0.0145794178586156,0.9689956469045491,0.9998479593710528,FALSE,FALSE,n.s.
Q5HZI9,Slc25a51,-0.7075779751397283,0.2295955568248801,0.9998429551679517,-0.10439777911764,0.8972894221619375,0.9998479593710528,FALSE,FALSE,n.s.
E9QQ10,Akap9,-0.0702628438256834,0.7234922503909342,0.9998429551679517,-0.1573108651021642,0.40386656473522886,0.9998479593710528,FALSE,FALSE,n.s.
Q3U3J1,Bckdha,0.6656414325088469,0.19985136123989727,0.9998429551679517,0.06842837356238718,0.9275874796674275,0.9998479593710528,FALSE,FALSE,n.s.
Q91VI7,Rnh1,0.06686777165052817,0.926235192963839,0.9998429551679517,0.8153166178821379,0.20127128857143345,0.9998479593710528,FALSE,FALSE,n.s.
Q8BRN9,Cc2d1b,-0.7749651807400885,0.15767723612006246,0.9998429551679517,0.01666075307198833,0.9698587870285256,0.9998479593710528,FALSE,FALSE,n.s.
Q8BG16,Slc6a15,-0.25074243542912816,0.42313505653088646,0.9998429551679517,0.15880277149513006,0.704521773205716,0.9998479593710528,FALSE,FALSE,n.s.
Q3UMB9,Washc4,0.3458957544045639,0.44094679466310716,0.9998429551679517,-0.1650862650463294,0.6867121571177026,0.9998479593710528,FALSE,FALSE,n.s.
Q01405,Sec23a,-0.41040402202740295,0.3871432272935814,0.9998429551679517,0.17899207431300804,0.7406194412789484,0.9998479593710528,FALSE,FALSE,n.s.
F8VPU2,Farp1,-0.1470557525837509,0.755193301723551,0.9998429551679517,-0.3416449985794064,0.3726723199477089,0.9998479593710528,FALSE,FALSE,n.s.
Q9CWR0,Arhgef25,0.368985574245741,0.7524638094147356,0.9998429551679517,0.8149251854674103,0.37550709404240457,0.9998479593710528,FALSE,FALSE,n.s.
Q91WK2,Eif3h,-0.48297591733906975,0.29157703443778393,0.9998429551679517,-0.10431594778131442,0.8369954216736102,0.9998479593710528,FALSE,FALSE,n.s.
Q6PIC6,Atp1a3,-0.5159876154704613,0.4146530496852566,0.9998429551679517,-0.23763816384562708,0.7145554382939208,0.9998479593710528,FALSE,FALSE,n.s.
Q5SUE8,Ankrd40,0.055883453038883965,0.9111188545466564,0.9998429551679517,-0.4457614576414217,0.21845197975485572,0.9998479593710528,FALSE,FALSE,n.s.
Q8BGT5,Gpt2,-0.12230827709552797,0.7344324002516807,0.9998429551679517,-0.3542631520632626,0.39514519538090875,0.9998479593710528,FALSE,FALSE,n.s.
Q9EP72,Emc7,-0.6515266507942512,0.23551952687280261,0.9998429551679517,0.0960967708552817,0.8943193316195188,0.9998479593710528,FALSE,FALSE,n.s.
Q9R0N3,Syt11,-0.954782242292496,0.314325493304673,0.9998429551679517,0.17105864516865826,0.8155310546283028,0.9998479593710528,FALSE,FALSE,n.s.
P20029,Hspa5,0.15239364997130464,0.8148364276192558,0.9998429551679517,-0.6258842608060503,0.315497320225759,0.9998479593710528,FALSE,FALSE,n.s.
Q9JKL5,Tesc,-0.22535673169967713,0.8396220647464869,0.9998429551679517,0.9831267880000194,0.29105004416636004,0.9998479593710528,FALSE,FALSE,n.s.
P61022,Chp1,0.6904131506373512,0.32886294315544684,0.9998429551679517,-0.16606916167352548,0.802025698817397,0.9998479593710528,FALSE,FALSE,n.s.
E9Q2E4,Hectd4,0.17800171670945533,0.4495318336879337,0.9998429551679517,0.07629723730881276,0.6816875856147657,0.9998479593710528,FALSE,FALSE,n.s.
Q3UE92,Xpnpep1,-0.36175181340657375,0.5343662284208368,0.9998429551679517,0.2933903169649467,0.5970391030681151,0.9998479593710528,FALSE,FALSE,n.s.
P16014,Chgb,-0.4887294061929157,0.3825035311751471,0.9998429551679517,-0.14793312161359376,0.7489319766119198,0.9998479593710528,FALSE,FALSE,n.s.
P63318,Prkcg,0.0072071281290376,0.9905111745673334,0.9998429551679517,0.6797438939485566,0.1410313142058105,0.9998479593710528,FALSE,FALSE,n.s.
Q9CQB5,Cisd2,-1.1192620213919497,0.366076424585067,0.9998429551679517,0.3040598664587636,0.7656568187444591,0.9998479593710528,FALSE,FALSE,n.s.
Q8BTY1,Kyat1,0.8657710295841676,0.2800450866749856,0.9998429551679517,0.16574203773001614,0.8520521249485274,0.9998479593710528,FALSE,FALSE,n.s.
Q9EPA7,Nmnat1,0.06347856084311615,0.9227086302829769,0.9998429551679517,1.3678053645965813,0.2096460027196391,0.9998479593710528,FALSE,FALSE,n.s.
P97450,Atp5pf,0.7707281581966735,0.39184094738534203,0.9998429551679517,0.37037210972838863,0.7410800984710635,0.9998479593710528,FALSE,FALSE,n.s.
Q3TIR1,Trappc13,-0.06515225929056331,0.9101738219940358,0.9998429551679517,0.8413117268820802,0.22310111754099096,0.9998479593710528,FALSE,FALSE,n.s.
Q80UP5,Ankrd13a,-0.46084558223686434,0.400478747101359,0.9998429551679517,-0.2042768844863603,0.7328159902142841,0.9998479593710528,FALSE,FALSE,n.s.
Q8VE18,Smg8,0.13765228432060136,0.6790110300174308,0.9998429551679517,-0.36210063095203715,0.4546885734585352,0.9998479593710528,FALSE,FALSE,n.s.
Q8CGB9,Ide,-0.00972122308409755,0.9811206822616607,0.9998429551679517,0.5806339135046641,0.15262022931298302,0.9998479593710528,FALSE,FALSE,n.s.
B1AZP2,Dlgap4,0.3024680320239133,0.5014223871900005,0.9998429551679517,0.21068462812190958,0.6323929763515546,0.9998479593710528,FALSE,FALSE,n.s.
Q9DAU1,Cnpy3,0.6017895648807507,0.4383620504183291,0.9998429551679517,-0.1985759144005276,0.695504940749082,0.9998479593710528,FALSE,FALSE,n.s.
Q9R0L7,Akap8l,-0.14904668565496035,0.7903147833715078,0.9998429551679517,0.5284277918004878,0.3439470495349179,0.9998479593710528,FALSE,FALSE,n.s.
Q8C129,Lnpep,-0.1571185765944744,0.6437073450252668,0.9998429551679517,-0.24391474306900954,0.4913579065116843,0.9998479593710528,FALSE,FALSE,n.s.
Q8R2Y0,Abhd6,-0.4561891210707228,0.44695221057536727,0.9998429551679517,0.21826337285528338,0.6883383669688865,0.9998479593710528,FALSE,FALSE,n.s.
Q3UMT1,Ppp1r12c,0.19903291511332674,0.6611132530388677,0.9998429551679517,-0.3008965169537553,0.47443563691320445,0.9998479593710528,FALSE,FALSE,n.s.
Q9DBJ1,Pgam1,-0.18510977033822118,0.7913397917323329,0.9998429551679517,-0.7084534987732362,0.3443431394120037,0.9998479593710528,FALSE,FALSE,n.s.
P59325,Eif5,0.7730208020348687,0.14684396196766428,0.9998429551679517,-0.008046966874270183,0.9889966724458905,0.9998479593710528,FALSE,FALSE,n.s.
G3X8Y3,Naa15,-0.3129570426112028,0.406230799786793,0.9998429551679517,0.14954166597079818,0.7300877675530449,0.9998479593710528,FALSE,FALSE,n.s.
Q03137,Epha4,0.5089665653023119,0.3014112388726791,0.9998429551679517,-0.07459348596722645,0.8353119269350067,0.9998479593710528,FALSE,FALSE,n.s.
F8VPN4,Agl,-0.16517715919549444,0.609452680647784,0.9998429551679517,0.20512326372588352,0.5272854528856512,0.9998479593710528,FALSE,FALSE,n.s.
Q9JKS5,Habp4,-0.3283529145944798,0.4586651394978861,0.9998429551679517,0.19450110045018826,0.6780923673255318,0.9998479593710528,FALSE,FALSE,n.s.
Q00519,Xdh,0.2990795140350909,0.6917052005976932,0.9998429551679517,-0.3888463781827321,0.44517078268469895,0.9998479593710528,FALSE,FALSE,n.s.
Q3U7U3,Fbxo7,-0.751540052044169,0.16485315015058896,0.9998429551679517,0.027885621968316333,0.9723252623954368,0.9998479593710528,FALSE,FALSE,n.s.
F8WI30,Snx7,-0.46071869898816425,0.27155270499500417,0.9998429551679517,0.08780315953435013,0.8656910146162666,0.9998479593710528,FALSE,FALSE,n.s.
Q9JLV1,Bag3,-0.20105208018721665,0.6462307016292641,0.9998429551679517,-0.3229563021414312,0.4916652090585527,0.9998479593710528,FALSE,FALSE,n.s.
Q3TCH7,Cul4a,0.4230657275653124,0.2911604504287071,0.9998429551679517,0.0784315074150715,0.8468135024982515,0.9998479593710528,FALSE,FALSE,n.s.
Q8BG32,Psmd11,0.3036705907272084,0.5438023264563847,0.9998429551679517,-0.8609318797150299,0.5941960714173838,0.9998479593710528,FALSE,FALSE,n.s.
Q9D404,Oxsm,-0.48136954606915905,0.46143966819272175,0.9998429551679517,-0.39121961839894703,0.6765943836335326,0.9998479593710528,FALSE,FALSE,n.s.
Q9D8X2,Ccdc124,-0.9421380428778947,0.4319790955517647,0.9998429551679517,-0.12287145638495245,0.706278318579209,0.9998479593710528,FALSE,FALSE,n.s.
Q8R3Q0,Saraf,0.17067018278688176,0.7903286966086238,0.9998429551679517,-0.9273894537791166,0.3482806553279606,0.9998479593710528,FALSE,FALSE,n.s.
Q2L4X1,Bzw2,0.0682132373329729,0.8843667376914653,0.9998429551679517,0.969596072168257,0.2545247471464163,0.9998479593710528,FALSE,FALSE,n.s.
Q8K124,Plekho2,0.24488111926182968,0.6403889314889967,0.9998429551679517,0.2877322907755198,0.4988255537065155,0.9998479593710528,FALSE,FALSE,n.s.
Q8BGT1,Flrt3,-0.4999237559563681,0.36208866661094363,0.9998429551679517,-0.2734859546531953,0.7771749002490596,0.9998479593710528,FALSE,FALSE,n.s.
Q9DBR0,Akap8,-0.365861134765741,0.5236883271092044,0.9998429551679517,-0.19733457686166064,0.6158183880416889,0.9998479593710528,FALSE,FALSE,n.s.
Q9D8W5,Psmd12,-0.10228308247431368,0.8396376945390894,0.9998429551679517,0.5255982522826725,0.3000191965758388,0.9998479593710528,FALSE,FALSE,n.s.
Q9WU22,Ptpn4,0.584973725010526,0.5278910699309405,0.9998429551679517,0.7106193756225558,0.6120433139736015,0.9998479593710528,FALSE,FALSE,n.s.
Q791T5,Mtch1,-1.0205761673270386,0.2876845270083242,0.9998429551679517,-0.20012171758164504,0.8525223952335272,0.9998479593710528,FALSE,FALSE,n.s.
P0C605,Prkg1,0.2950065344126862,0.5309335551107373,0.9998429551679517,0.2500777741637854,0.6094355561159137,0.9998479593710528,FALSE,FALSE,n.s.
Q8R1S0,Coq6,0.41951924837736526,0.561850320621649,0.9998429551679517,-0.3842236402988493,0.5787208383953605,0.9998479593710528,FALSE,FALSE,n.s.
Q8CI75,Dis3l2,-0.3675425636558001,0.35274751402130533,0.9998429551679517,-0.09952398634483109,0.7879078320556661,0.9998479593710528,FALSE,FALSE,n.s.
Q8R1V4,Tmed4,0.5993209116943448,0.22145801516100141,0.9998429551679517,-0.07738392451648171,0.9194503767363182,0.9998479593710528,FALSE,FALSE,n.s.
Q5PR73,Diras2,-0.7539414148021463,0.4895941176637346,0.9998429551679517,-0.47604791035202965,0.6513799895540953,0.9998479593710528,FALSE,FALSE,n.s.
Q99JX7,Nxf1,-0.2245967396508109,0.5760037579411355,0.9998429551679517,-0.29644920203554226,0.5650336868425739,0.9998479593710528,FALSE,FALSE,n.s.
P84099,Rpl19,-0.8571499304577714,0.6277087022425853,0.9998429551679517,-0.9259525304332514,0.5134300804773008,0.9998479593710528,FALSE,FALSE,n.s.
Q8BP00,Iqcb1,-0.30792074389575097,0.5150867975843714,0.9998429551679517,-0.2476481972753708,0.6261014244038414,0.9998479593710528,FALSE,FALSE,n.s.
Q9QUR8,Sema7a,-0.4738373711712951,0.21258589056299748,0.9998429551679517,0.041898976069724564,0.9286647234656311,0.9998479593710528,FALSE,FALSE,n.s.
Q8R502,Lrrc8c,0.1915553667228418,0.7263787496311397,0.9998429551679517,0.25627906032545394,0.4149449519961341,0.9998479593710528,FALSE,FALSE,n.s.
A2A5R2,Arfgef2,0.14414385268673313,0.6340649190280327,0.9998429551679517,-0.1680939639915084,0.507260569928549,0.9998479593710528,FALSE,FALSE,n.s.
Q6A152,Cyp4x1,0.12505110671304448,0.8358826568728785,0.9998429551679517,0.8167180653502414,0.30571295362817724,0.9998479593710528,FALSE,FALSE,n.s.
Q3UHD7,Astn1,-0.07988142496279531,0.8590487942269536,0.9998429551679517,0.4426546035785258,0.282644062358623,0.9998479593710528,FALSE,FALSE,n.s.
Q8VCA8,Scrn2,-1.059806144712865,0.359551823454824,0.9998429551679517,-0.3407293427618131,0.782192976344292,0.9998479593710528,FALSE,FALSE,n.s.
F8VPK0,Skic3,-0.26158868288802994,0.39198685628514507,0.9998429551679517,-0.07080124994997528,0.7499910293593764,0.9998479593710528,FALSE,FALSE,n.s.
Q9EQH3,Vps35,-0.7230703740078528,0.2146532810060455,0.9998429551679517,0.053242170375791986,0.9274730581089998,0.9998479593710528,FALSE,FALSE,n.s.
Q8CHI8,Ep400,-0.38711515705087884,0.33883669293417806,0.9998429551679517,-0.2088609875134729,0.8033669998927755,0.9998479593710528,FALSE,FALSE,n.s.
Q80U22,Rusc2,0.15857141491426494,0.767695350940059,0.9998429551679517,0.6040382000759258,0.37471425938270747,0.9998479593710528,FALSE,FALSE,n.s.
Q8R4V2,Dusp15,-0.731822627075933,0.14836689227591915,0.9998429551679517,0.008540929219059936,0.9945108724264557,0.9998479593710528,FALSE,FALSE,n.s.
A0A1L1SSC0,Lrrfip2,0.6619029330688335,0.19944136770290818,0.9998429551679517,-0.0283697705257784,0.9442916805876791,0.9998479593710528,FALSE,FALSE,n.s.
P14115,Rpl27a,1.6328737549416694,0.2691586094966563,0.9998429551679517,0.23288933806510534,0.8750226840460278,0.9998479593710528,FALSE,FALSE,n.s.
D3YXZ3,Klc2,-0.1802203880603974,0.7552780370196608,0.9998429551679517,0.40184385569139563,0.38901061379575397,0.9998479593710528,FALSE,FALSE,n.s.
Q9CRB8,Mtfp1,0.8209631176394858,0.37385523321837827,0.9998429551679517,0.3823926051658651,0.7704891122386751,0.9998479593710528,FALSE,FALSE,n.s.
P53995,Anapc1,-0.30576722422939606,0.49562911146092925,0.9998429551679517,-0.21787946665871524,0.6487384589919214,0.9998479593710528,FALSE,FALSE,n.s.
Q8CIE6,Copa,-0.19470195587892422,0.5546181175237191,0.9998429551679517,-0.18533607648155176,0.5897657989449481,0.9998479593710528,FALSE,FALSE,n.s.
Q99K28,Arfgap2,-0.4047296547219396,0.46695528366411965,0.9998429551679517,-0.19858608749347262,0.6775283410435037,0.9998479593710528,FALSE,FALSE,n.s.
Q9JIG7,Ccdc22,-0.1957515545187215,0.779795633478735,0.9998429551679517,0.6223454472535482,0.3650325453543788,0.9998479593710528,FALSE,FALSE,n.s.
Q9JMA1,Usp14,-0.53263692690216,0.31260798120861444,0.9998429551679517,-0.1246444432924688,0.8328261687969252,0.9998479593710528,FALSE,FALSE,n.s.
Q501J6,Ddx17,0.6846978026949981,0.25823606780589253,0.9998429551679517,0.09083615780066227,0.8873336597903132,0.9998479593710528,FALSE,FALSE,n.s.
P63325,Rps10,0.723211679874953,0.5377651286546317,0.9998429551679517,-0.5204502029533128,0.6085739782545541,0.9998479593710528,FALSE,FALSE,n.s.
Q8CBF3,Ephb1,0.33406830640738316,0.5257485649096798,0.9998429551679517,0.22877685193519065,0.6206233417701879,0.9998479593710528,FALSE,FALSE,n.s.
Q9D0G0,Mrps30,0.2395508823112881,0.682962800673925,0.9998429551679517,0.39584282001301024,0.4635374365380609,0.9998479593710528,FALSE,FALSE,n.s.
C0HKD8,Mfap1a,-1.043540860102651,0.3607516796690894,0.9998429551679517,-0.24166893830910852,0.7859143322271863,0.9998479593710528,FALSE,FALSE,n.s.
Q9Z0P5,Twf2,0.4338137279801355,0.6025318927142085,0.9998429551679517,0.4781152167821693,0.5442388548417698,0.9998479593710528,FALSE,FALSE,n.s.
A2AQ19,Rtf1,-0.420462555617771,0.33310129922804543,0.9998429551679517,-0.11672457224735094,0.8137515421225786,0.9998479593710528,FALSE,FALSE,n.s.
P13020,Gsn,0.11271192782620257,0.9009136549518958,0.9998429551679517,1.4786041005130224,0.24610179139481003,0.9998479593710528,FALSE,FALSE,n.s.
A2A654,Bptf,-0.039237625067784374,0.9126080659722458,0.9998429551679517,-0.5758006462702113,0.23441017504517153,0.9998479593710528,FALSE,FALSE,n.s.
Q8VDT9,Mrpl50,1.0061685549464419,0.2412022646676894,0.9998429551679517,-0.08442134370349391,0.9058676453588497,0.9998479593710528,FALSE,FALSE,n.s.
Q3UFS0,Zyg11b,0.3663374475170161,0.5592497466948942,0.9998429551679517,-0.31597962878228303,0.5878318636309194,0.9998479593710528,FALSE,FALSE,n.s.
Q80TE4,Sipa1l2,-0.477103016661919,0.4940471222318754,0.9998429551679517,-0.20750641440235393,0.6530994237752443,0.9998479593710528,FALSE,FALSE,n.s.
Q8VEM8,Slc25a3,-1.1960330366706013,0.25511476810998795,0.9998429551679517,0.12568894009094228,0.8920677819962655,0.9998479593710528,FALSE,FALSE,n.s.
Q9CQE1,Nipsnap3b,0.3668635205356618,0.6876555117795387,0.9998429551679517,0.6918935252932048,0.45973279432859593,0.9998479593710528,FALSE,FALSE,n.s.
Q923G3,Capzb,-0.4168984852851712,0.48747723116261177,0.9998429551679517,-0.289017143146715,0.6602221602799452,0.9998479593710528,FALSE,FALSE,n.s.
Q9R0M0,Celsr2,-0.5751531500961662,0.31931758142968764,0.9998429551679517,0.13413217083161041,0.8284037312277032,0.9998479593710528,FALSE,FALSE,n.s.
Q9R0C8,Vav3,0.2389030731865263,0.6249564414532959,0.9998429551679517,-0.33399944228005457,0.5234847953679695,0.9998479593710528,FALSE,FALSE,n.s.
Q9JHQ5,Lztfl1,0.24912018960317595,0.5789143266503318,0.9998429551679517,0.3580901000809058,0.5700093921346736,0.9998479593710528,FALSE,FALSE,n.s.
Q9CQV8,Ywhab,0.3670543338827313,0.7851914623996445,0.9998429551679517,1.264256847526291,0.3638839630576316,0.9998479593710528,FALSE,FALSE,n.s.
Q3ULJ0,Gpd1l,-0.20499815962100437,0.7827562629652791,0.9998429551679517,-0.7884720807014568,0.3666148606016717,0.9998479593710528,FALSE,FALSE,n.s.
Q99JZ4,Sar1a,0.38748752864069497,0.7539773063696249,0.9998429551679517,0.9945498088391063,0.39553153586479894,0.9998479593710528,FALSE,FALSE,n.s.
Q9DB15,Mrpl12,-0.707775595241522,0.4999526415313543,0.9998429551679517,-0.5782930339264185,0.6502911287812569,0.9998479593710528,FALSE,FALSE,n.s.
Q3UJU9,Rmdn3,0.13739022700945222,0.8479012460545443,0.9998429551679517,0.6432515282358977,0.30276846392927553,0.9998479593710528,FALSE,FALSE,n.s.
Q5SNZ0,Ccdc88a,-0.07030754350851684,0.7268884772322266,0.9998429551679517,-0.18123823044951798,0.42412762796340275,0.9998479593710528,FALSE,FALSE,n.s.
Q3U8Y7,Psmc3,0.2502770936262077,0.5837854906241803,0.9998429551679517,0.2535838489155984,0.5672446896192558,0.9998479593710528,FALSE,FALSE,n.s.
P48758,Cbr1,0.6399668826794709,0.398304433511367,0.9998429551679517,-0.2205044093363742,0.7530751369920552,0.9998479593710528,FALSE,FALSE,n.s.
Q9CPR7,Sike1,-0.012729139678845664,0.9848132611984379,0.9998429551679517,0.7629608162870407,0.16676615842608017,0.9998479593710528,FALSE,FALSE,n.s.
Q99N96,Mrpl1,0.1642608629776506,0.7472834738268288,0.9998429551679517,-0.4176069097585257,0.4046156970635483,0.9998479593710528,FALSE,FALSE,n.s.
Q91W87,Cyp2d22,0.469251559751886,0.5961921413911271,0.9998429551679517,0.5083048307383874,0.5558052076381386,0.9998479593710528,FALSE,FALSE,n.s.
Q3UM45,Ppp1r7,-0.4947588184968992,0.4947277080535839,0.9998429551679517,-0.31970298711553075,0.6577100337108142,0.9998479593710528,FALSE,FALSE,n.s.
Q5SVJ0,Camk2b,-0.3585695429618834,0.6695692892534859,0.9998429551679517,-0.44973993992736766,0.4829928585902651,0.9998479593710528,FALSE,FALSE,n.s.
Q9DD18,Dtd1,0.06664524190712122,0.9447146519345639,0.9998429551679517,-1.0149921235995838,0.2078930751831044,0.9998479593710528,FALSE,FALSE,n.s.
P16283,Slc4a3,-0.2019707424341849,0.6889015667136349,0.9998429551679517,0.36740753951671984,0.4637799653285638,0.9998479593710528,FALSE,FALSE,n.s.
Q62193,Rpa2,0.7115147973121998,0.2007729452044248,0.9998429551679517,0.039778762332347346,0.9527608658836522,0.9998479593710528,FALSE,FALSE,n.s.
M0QWP1,Agrn,0.20974485953024694,0.6026029607329422,0.9998429551679517,-0.19392649944000057,0.5511550803520264,0.9998479593710528,FALSE,FALSE,n.s.
Q5FWI3,Cemip2,-0.21547861515979133,0.7226903382795873,0.9998429551679517,-0.26450476477913343,0.43106939232051095,0.9998479593710528,FALSE,FALSE,n.s.
Q9D8X1,Cutc,0.15637643565735587,0.8975469946947783,0.9998429551679517,-1.3781892820795638,0.25622099383668007,0.9998479593710528,FALSE,FALSE,n.s.
Q8K2Y7,Mrpl47,0.36244062118071874,0.5893931225401894,0.9998429551679517,-0.6580055217904414,0.5650345064980644,0.9998479593710528,FALSE,FALSE,n.s.
Q8VBZ3,Clptm1,0.5716602419586019,0.47818727331074107,0.9998429551679517,0.317157055617083,0.6762448186133055,0.9998479593710528,FALSE,FALSE,n.s.
Q9JI39,Abcb10,0.26417945920079744,0.5355358565317567,0.9998429551679517,-0.43687007012635404,0.6193116726625804,0.9998479593710528,FALSE,FALSE,n.s.
Q6PAL8,Dennd5a,0.4435925494391031,0.45174174909939313,0.9998429551679517,0.20091609962079618,0.703306950240432,0.9998479593710528,FALSE,FALSE,n.s.
O54734,Ddost,-0.7122985173281873,0.5669438729793254,0.9998429551679517,0.9673192571378035,0.588346040385668,0.9998479593710528,FALSE,FALSE,n.s.
Q8K268,Abcf3,0.20348759108874628,0.6549795004471524,0.9998429551679517,0.3176532404314359,0.5004885970097925,0.9998479593710528,FALSE,FALSE,n.s.
P17563,Selenbp1,-0.18711090290558696,0.6339407862312609,0.9998429551679517,0.30730529191281114,0.5218869144167839,0.9998479593710528,FALSE,FALSE,n.s.
Q8R146,Apeh,-0.151222312905128,0.8273988200180898,0.9998429551679517,0.8061661105021268,0.3284418507678757,0.9998479593710528,FALSE,FALSE,n.s.
Q8R574,Prpsap2,-0.15204761592371902,0.8367894543633112,0.9998429551679517,0.7940017379669799,0.3190550920499116,0.9998479593710528,FALSE,FALSE,n.s.
Q8BFP9,Pdk1,-0.0878629370168902,0.832203672156201,0.9998429551679517,-0.5382037514225906,0.32420638698863524,0.9998479593710528,FALSE,FALSE,n.s.
Q3UHD1,Adgrb1,-0.17432913664157587,0.7143732105314127,0.9998429551679517,0.46278873443031027,0.4425668486844382,0.9998479593710528,FALSE,FALSE,n.s.
Q99KG3,Rbm10,0.0024306224246112783,0.9978786725655633,0.9998429551679517,1.2280635440909304,0.15906225324804416,0.9998479593710528,FALSE,FALSE,n.s.
Q9EP69,Sacm1l,-0.38007100793448784,0.5146704722545145,0.9998429551679517,-0.2530075444127711,0.6423538208264481,0.9998479593710528,FALSE,FALSE,n.s.
Q499X9,Mars2,0.13410198997231165,0.7146571624139462,0.9998429551679517,0.265895253252251,0.4424667975205415,0.9998479593710528,FALSE,FALSE,n.s.
A3KFU5,Pabpc4,-0.0608229324658118,0.9046363492548237,0.9998429551679517,-0.5209783488738079,0.252917781594962,0.9998479593710528,FALSE,FALSE,n.s.
Q810C0,Slitrk2,0.48441672025440596,0.38387004841482397,0.9998429551679517,-0.1990987833141651,0.7738717055023601,0.9998479593710528,FALSE,FALSE,n.s.
P61965,Wdr5,0.2316175343690565,0.6799380932670729,0.9998429551679517,0.3836702005997756,0.47793316990712775,0.9998479593710528,FALSE,FALSE,n.s.
P35700,Prdx1,0.6165140213976348,0.5575165801641293,0.9998429551679517,-0.6064299693798875,0.600478126890866,0.9998479593710528,FALSE,FALSE,n.s.
Q9Z130,Hnrnpdl,-0.03191991367518097,0.9692185412543773,0.9998429551679517,0.9544080479367465,0.1888298290571233,0.9998479593710528,FALSE,FALSE,n.s.
Q3UHJ0,Aak1,-0.4714121047249281,0.32119022746044873,0.9998429551679517,-0.10870323252550854,0.837104981151608,0.9998479593710528,FALSE,FALSE,n.s.
Q8CDN6,Txnl1,-0.734138332007947,0.4113516691229827,0.9998429551679517,0.2827281255983831,0.7471704196696103,0.9998479593710528,FALSE,FALSE,n.s.
Q61097,Ksr1,-0.451729914977325,0.27813409157986413,0.9998429551679517,-0.0596308917348048,0.8804664091292558,0.9998479593710528,FALSE,FALSE,n.s.
Q9D1H6,Ndufaf4,0.2319085240029647,0.688141232539645,0.9998429551679517,0.40352874657304355,0.47097202702234575,0.9998479593710528,FALSE,FALSE,n.s.
P31230,Aimp1,0.305919197351743,0.6201857483292381,0.9998429551679517,0.3403270256438898,0.5392269395733766,0.9998479593710528,FALSE,FALSE,n.s.
Q8R2Q4,Gfm2,-0.7551721576557452,0.1644960495217725,0.9998429551679517,-0.0030226397862872334,0.9953722302816124,0.9998479593710528,FALSE,FALSE,n.s.
E9Q1G8,Septin7,0.338870792902705,0.6472592150732559,0.9998429551679517,0.624084253935798,0.5126531222411422,0.9998479593710528,FALSE,FALSE,n.s.
Q9D9V7,Dennd6b,-0.029906712166129175,0.9671741884714419,0.9998429551679517,0.6376761896385447,0.19287766347879357,0.9998479593710528,FALSE,FALSE,n.s.
Q91Z69,Srgap1,-0.6692208597975554,0.19587967052938293,0.9998429551679517,-0.022798008789048727,0.9645115280819441,0.9998479593710528,FALSE,FALSE,n.s.
Q9QUJ7,Acsl4,0.033791166785005794,0.9239705149350292,0.9998429551679517,0.44079757151434945,0.23646414327570917,0.9998479593710528,FALSE,FALSE,n.s.
Q7TSE6,Stk38l,0.37760232869193666,0.5982578670867225,0.9998429551679517,0.3331655176088136,0.5622050322370266,0.9998479593710528,FALSE,FALSE,n.s.
O09106,Hdac1,0.2811914050910383,0.8038826505843695,0.9998429551679517,-0.6129801506928189,0.35658239243439,0.9998479593710528,FALSE,FALSE,n.s.
O70310,Nmt1,0.6447485612434999,0.22274214321294988,0.9998429551679517,0.05087250198871669,0.9378167560193851,0.9998479593710528,FALSE,FALSE,n.s.
Q8CE50,Snx30,-0.8286401471576176,0.2069901502769196,0.9998429551679517,0.031055857570902075,0.9547174456802459,0.9998479593710528,FALSE,FALSE,n.s.
Q8BHG1,Nrdc,0.3223023388794983,0.4752252474744969,0.9998429551679517,0.1455785257092396,0.6865364084463998,0.9998479593710528,FALSE,FALSE,n.s.
Q8BU33,Ilvbl,0.3445680173272531,0.4086329430624088,0.9998429551679517,0.16578323354749652,0.7532098449661602,0.9998479593710528,FALSE,FALSE,n.s.
P55194,Sh3bp1,0.5247148459839636,0.3874073001452152,0.9998429551679517,0.20425101600572643,0.7744381661119875,0.9998479593710528,FALSE,FALSE,n.s.
Q9DCZ1,Gmpr,-0.3788745890861047,0.60807208132217,0.9998429551679517,0.48739041470560374,0.5538968862206528,0.9998479593710528,FALSE,FALSE,n.s.
Q99JF5,Mvd,-0.35200657638919747,0.7342377173870117,0.9998429551679517,0.5286726986442681,0.4278635481084643,0.9998479593710528,FALSE,FALSE,n.s.
A0A1W2P872,Nova2,0.011037728450840795,0.9877309407232966,0.9998429551679517,0.9086084788980021,0.17492612857705825,0.9998479593710528,FALSE,FALSE,n.s.
P48722,Hspa4l,0.22496435999552308,0.5860427974276159,0.9998429551679517,0.2180062075253846,0.5768861025722567,0.9998479593710528,FALSE,FALSE,n.s.
Q9R069,Bcam,-0.1463319648542604,0.8051617930552457,0.9998429551679517,-0.5523136892494276,0.3577954617056822,0.9998479593710528,FALSE,FALSE,n.s.
Q9Z1Z0,Uso1,0.23698602700112567,0.5129897508968919,0.9998429551679517,0.15691547464363476,0.6503851682655983,0.9998479593710528,FALSE,FALSE,n.s.
Q9R1K9,Cetn2,-0.44061959903263087,0.3605506207976549,0.9998429551679517,-0.15908884676095297,0.8038470152034162,0.9998479593710528,FALSE,FALSE,n.s.
P70297,Stam,0.3346999805974864,0.5835482762791788,0.9998429551679517,-0.32506085114631655,0.5809030656418634,0.9998479593710528,FALSE,FALSE,n.s.
Q6PDS3,Sarm1,-0.42620103484416505,0.334240364989023,0.9998429551679517,0.12430375188887922,0.8306662641931376,0.9998479593710528,FALSE,FALSE,n.s.
Q91UZ1,Plcb4,0.2666044566019405,0.41333346993255704,0.9998429551679517,0.09889797535674207,0.7515996924691976,0.9998479593710528,FALSE,FALSE,n.s.
Q0KL02,Trio,-0.009247481740320281,0.9690804386148557,0.9998429551679517,0.29372655401526154,0.1959472754593105,0.9998479593710528,FALSE,FALSE,n.s.
Q8VE38,Oxnad1,-0.5088479136014117,0.4274041334837012,0.9998429551679517,0.21763803748329347,0.7378145546988232,0.9998479593710528,FALSE,FALSE,n.s.
Q8C6G8,Wdr26,0.39622425843027487,0.6298144034517017,0.9998429551679517,0.5147000772889633,0.5355264731691383,0.9998479593710528,FALSE,FALSE,n.s.
Q0KL01,Ubxn2b,-0.25501490863990445,0.6577386098895035,0.9998429551679517,-0.9629961939462134,0.507759182908714,0.9998479593710528,FALSE,FALSE,n.s.
P70302,Stim1,0.3518278162570722,0.5203218224110311,0.9998429551679517,-0.20108689204941657,0.6458204435502526,0.9998479593710528,FALSE,FALSE,n.s.
Q0KK55,Kndc1,0.16081323710198736,0.5572865314285069,0.9998429551679517,0.15219041803408945,0.6088635877927528,0.9998479593710528,FALSE,FALSE,n.s.
F7BE84,Ankrd50,0.11480451641237309,0.8373478422238778,0.9998429551679517,-0.39621741322147846,0.3291917115147692,0.9998479593710528,FALSE,FALSE,n.s.
P62717,Rpl18a,0.6220639592201678,0.5327053361986194,0.9998429551679517,0.3957894779968218,0.6338615365402509,0.9998479593710528,FALSE,FALSE,n.s.
O35954,Pitpnm1,0.4626098286981973,0.4116274583056161,0.9998429551679517,0.17566486231463013,0.7551837026599807,0.9998479593710528,FALSE,FALSE,n.s.
Q91V12,Acot7,0.06055051391043872,0.9161917546419208,0.9998429551679517,-0.8498189366903752,0.2506822044020653,0.9998479593710528,FALSE,FALSE,n.s.
E9QP99,Golga3,-0.2376665177653889,0.28977888162837684,0.9998429551679517,0.03330264730057143,0.8771876903247017,0.9998479593710528,FALSE,FALSE,n.s.
Q8VCS3,Fam20b,-0.5601763738528227,0.43151014399083915,0.9998429551679517,0.2831187738484658,0.7355141985659456,0.9998479593710528,FALSE,FALSE,n.s.
Q9EPB4,Pycard,-0.04562383450523504,0.9129426305156265,0.9998429551679517,0.41308052908712917,0.2542650624164796,0.9998479593710528,FALSE,FALSE,n.s.
P98192,Gnpat,0.43912406339233745,0.3264526701424483,0.9998429551679517,0.06582958739478267,0.8408883121671112,0.9998479593710528,FALSE,FALSE,n.s.
Q9ES34,Ube3b,0.030860768769164257,0.934067772021183,0.9998429551679517,0.39824578194193494,0.23330983639325484,0.9998479593710528,FALSE,FALSE,n.s.
Q04899,Cdk18,-0.4167103581615228,0.4359917479019233,0.9998429551679517,-0.16281139692218388,0.7314143938343068,0.9998479593710528,FALSE,FALSE,n.s.
P22723,Gabrg2,-1.0915103800171868,0.3153631431193037,0.9998429551679517,0.1429889314022866,0.8521303127751758,0.9998479593710528,FALSE,FALSE,n.s.
Q60847,Col12a1,0.5291013297365543,0.466900962484875,0.9998429551679517,0.4634487458188495,0.7006239421854316,0.9998479593710528,FALSE,FALSE,n.s.
Q9WTI7,Myo1c,0.3641744217612785,0.28694764948909934,0.9998429551679517,0.06699222277447789,0.8806063094693777,0.9998479593710528,FALSE,FALSE,n.s.
Q9D0D3,Mtpap,0.60440180760445394,0.18827124524110225,0.9998429551679517,0.012404130891851946,0.9797774873535113,0.9998479593710528,FALSE,FALSE,n.s.
K4PWM5,Diaph2,9.2492711199293e-4,0.9974240626488755,0.9998429551679517,-0.37569562757401626,0.17084096240560312,0.9998479593710528,FALSE,FALSE,n.s.
Q8BFU3,Rnf214,-0.15893066689963595,0.6927412912860655,0.9998429551679517,-0.2918670953057493,0.47563845611032296,0.9998479593710528,FALSE,FALSE,n.s.
Q14B80,Kcnc2,-0.14266268474933358,0.8966980519643428,0.9998429551679517,-0.8760362319312276,0.2718681086641833,0.9998479593710528,FALSE,FALSE,n.s.
Q80YA7,Dpp8,-0.08821269331090383,0.8656974552625151,0.9998429551679517,-0.44599216732468777,0.3029623552511673,0.9998479593710528,FALSE,FALSE,n.s.
Q8BPQ7,Sgsm1,-0.6706243594506807,0.24875406604414071,0.9998429551679517,-0.05351796678624211,0.9199825016512709,0.9998479593710528,FALSE,FALSE,n.s.
Q8CI96,Clip4,-0.7649806088199497,0.24122762889871913,0.9998429551679517,0.0656042042783353,0.9279014279572413,0.9998479593710528,FALSE,FALSE,n.s.
Q9D486,Cmip,0.39597748312798675,0.4943108861872806,0.9998429551679517,-0.18394928550517994,0.6748356948002238,0.9998479593710528,FALSE,FALSE,n.s.
Q9CPQ3,Tomm22,0.8158461660765187,0.5514091033430306,0.9998429551679517,-0.7617049151933172,0.6181583529717779,0.9998479593710528,FALSE,FALSE,n.s.
E9QAT0,Fmr1,0.7971706863525027,0.1981469341328505,0.9998429551679517,0.023825949465058158,0.971550456681995,0.9998479593710528,FALSE,FALSE,n.s.
Q80YR4,Znf598,-0.2990282350885519,0.23664644654088365,0.9998429551679517,0.0195429027677526,0.9335012318872791,0.9998479593710528,FALSE,FALSE,n.s.
Q91XU3,Pip4k2c,-0.5217555479953984,0.40101570109833606,0.9998429551679517,0.18271902721728928,0.7693455270732841,0.9998479593710528,FALSE,FALSE,n.s.
Q6P6M7,Sepsecs,1.104524175507693,0.5531956717762727,0.9998429551679517,0.7710775797068758,0.6186499337372182,0.9998479593710528,FALSE,FALSE,n.s.
P56528,Cd38,-0.10887054251721427,0.8473094997476941,0.9998429551679517,0.7319389182713065,0.3245777872730198,0.9998479593710528,FALSE,FALSE,n.s.
Q8BGZ1,Hpcal4,-0.19045485912736113,0.865567719569903,0.9998429551679517,-1.509824223016359,0.3072649437283471,0.9998479593710528,FALSE,FALSE,n.s.
Q8BS40,Cptp,-0.5354256111944584,0.39386723971146964,0.9998429551679517,-0.234872038529183,0.7794280130214746,0.9998479593710528,FALSE,FALSE,n.s.
Q8BMA6,Srp68,0.3441361570862833,0.47356125556241424,0.9998429551679517,0.18815509514161863,0.700112353428624,0.9998479593710528,FALSE,FALSE,n.s.
P54227,Stmn1,-1.115617312718276,0.2517002915790254,0.9998429551679517,-0.09455069855748593,0.9220478050417806,0.9998479593710528,FALSE,FALSE,n.s.
Q9CR27,Washc3,0.42833039923687505,0.7632248787635152,0.9998429551679517,1.0526252106249632,0.41081413695322033,0.9998479593710528,FALSE,FALSE,n.s.
Q8R016,Blmh,0.19372625991973305,0.6380493792370898,0.9998429551679517,0.2890280377572442,0.5360248118434727,0.9998479593710528,FALSE,FALSE,n.s.
Q811I0,Atpaf1,0.05312311931551034,0.9088753571530968,0.9998429551679517,0.6424306303653989,0.26556978055239566,0.9998479593710528,FALSE,FALSE,n.s.
Q9JMH6,Txnrd1,-0.3690656492565241,0.5315644917624698,0.9998429551679517,-0.2598389028730339,0.6431535634308593,0.9998479593710528,FALSE,FALSE,n.s.
Q8R2U0,Seh1l,0.4126173661199226,0.4476221014325561,0.9998429551679517,-0.19779719845735189,0.7271503948040994,0.9998479593710528,FALSE,FALSE,n.s.
P26645,Marcks,-0.3449135676004128,0.6723402727526643,0.9998429551679517,-0.5316286872640141,0.5025509813818276,0.9998479593710528,FALSE,FALSE,n.s.
Q8R088,Golph3l,0.10900537239933841,0.8676618363920987,0.9998429551679517,-0.4724591758152827,0.30732270737493,0.9998479593710528,FALSE,FALSE,n.s.
Q8C2E7,Washc5,0.005390149152348012,0.9863480105358013,0.9998429551679517,0.38893767058221357,0.1886721181045282,0.9998479593710528,FALSE,FALSE,n.s.
O35345,Kpna6,-0.14389326640616504,0.8261390485106846,0.9998429551679517,-0.7364238030195053,0.3489853099641018,0.9998479593710528,FALSE,FALSE,n.s.
Q9Z1G3,Atp6v1c1,-0.4617275786635296,0.3849301812130491,0.9998429551679517,0.13410320431190453,0.7902376191033658,0.9998479593710528,FALSE,FALSE,n.s.
P70441,Nherf1,-0.253726028915517,0.6574838138252553,0.9998429551679517,0.29503242197148605,0.5178217185364682,0.9998479593710528,FALSE,FALSE,n.s.
Q61146,Ocln,0.9064444017327545,0.3261845306125071,0.9998429551679517,-0.09252204214416546,0.8491743600806236,0.9998479593710528,FALSE,FALSE,n.s.
Q0P678,Zc3h18,-0.33296513991820653,0.4217873493763804,0.9998429551679517,0.14307952387261716,0.7538402513959516,0.9998479593710528,FALSE,FALSE,n.s.
O35387,Hax1,-0.5363211829249617,0.41806429139630435,0.9998429551679517,-0.20333989444416792,0.7577662193441773,0.9998479593710528,FALSE,FALSE,n.s.
Q8BYJ6,Tbc1d4,0.186475760138239,0.8018899681248384,0.9998429551679517,-0.30883314030101394,0.37483526874086304,0.9998479593710528,FALSE,FALSE,n.s.
Q5SRX1,Tom1l2,-0.043946001153926564,0.9523361936482806,0.9998429551679517,0.9366334782716851,0.22482058185368234,0.9998479593710528,FALSE,FALSE,n.s.
Q6P2B1,Tnpo3,-0.13770809813333124,0.7200186294120585,0.9998429551679517,0.3464452699381796,0.4571508235717876,0.9998479593710528,FALSE,FALSE,n.s.
Q922R1,Phaf1,0.587427410443982,0.42879630411867464,0.9998429551679517,0.2675443226794754,0.7489049300002582,0.9998479593710528,FALSE,FALSE,n.s.
Q9ERL9,Gucy1a1,0.4675223427633022,0.19842624901917091,0.9998429551679517,0.011644708893562205,0.9793355741001246,0.9998479593710528,FALSE,FALSE,n.s.
Q6Y7W8,Gigyf2,-0.2026447572132743,0.6482975761670839,0.9998429551679517,-0.36244034042793816,0.529931095561375,0.9998479593710528,FALSE,FALSE,n.s.
Q9CZC8,Scrn1,-0.3025107177662168,0.6078962226778198,0.9998429551679517,0.3115695077035567,0.570345661300514,0.9998479593710528,FALSE,FALSE,n.s.
E9PUL5,Prrt2,-0.8640899392636052,0.6204901567117742,0.9998429551679517,0.9560903703376368,0.5583514365461597,0.9998479593710528,FALSE,FALSE,n.s.
Q3U3Q1,Ulk3,0.43405510823663473,0.47764389755669545,0.9998429551679517,0.37102860512938646,0.7015505954457926,0.9998479593710528,FALSE,FALSE,n.s.
P62071,Rras2,-0.5114711907766872,0.4155755316226567,0.9998429551679517,-0.20367357825155127,0.7638374416434361,0.9998479593710528,FALSE,FALSE,n.s.
Q9CYR6,Pgm3,-0.12013544662844369,0.787157503474704,0.9998429551679517,-0.3393160986990332,0.39249956863041024,0.9998479593710528,FALSE,FALSE,n.s.
Q9D6D0,Slc25a27,0.6367510617895958,0.45838278738547866,0.9998429551679517,0.28081613580033005,0.7213735372467228,0.9998479593710528,FALSE,FALSE,n.s.
Q9ESJ4,Nckipsd,-0.34212144724323085,0.7004112882692279,0.9998429551679517,-0.5037252241718372,0.4794106610420621,0.9998479593710528,FALSE,FALSE,n.s.
Q9D8L5,Ccdc91,0.38684487708595855,0.5684341138041018,0.9998429551679517,-0.19475318339293643,0.6117133938161802,0.9998479593710528,FALSE,FALSE,n.s.
Q921P9,Tceal1,-0.6364891252672585,0.23733831351651058,0.9998429551679517,-0.05465845393472997,0.9428618660122079,0.9998479593710528,FALSE,FALSE,n.s.
Q3UDR8,Yipf3,0.16011876489854687,0.8644080009088493,0.9998429551679517,0.6104738016574798,0.3160427126898874,0.9998479593710528,FALSE,FALSE,n.s.
Q80TL1,Adcy2,-0.13914838428512355,0.6686319036556976,0.9998429551679517,0.29974011980183973,0.5120855725974762,0.9998479593710528,FALSE,FALSE,n.s.
P58137,Acot8,-0.5911724077993193,0.5473378466606815,0.9998429551679517,-0.5294583435423319,0.6334666532859302,0.9998479593710528,FALSE,FALSE,n.s.
Q9CZW5,Tomm70,-0.38747554526388506,0.48866516518104886,0.9998429551679517,-0.18990575872100107,0.6921679061039472,0.9998479593710528,FALSE,FALSE,n.s.
Q6NZJ6,Eif4g1,0.13884660253416703,0.7334173859403315,0.9998429551679517,0.286421162869615,0.4479535932587331,0.9998479593710528,FALSE,FALSE,n.s.
P62900,Rpl31,-0.4174033241271351,0.6849244372685721,0.9998429551679517,-0.8647096530069406,0.4964814837224798,0.9998479593710528,FALSE,FALSE,n.s.
P62075,Timm13,1.08567539935857,0.4585797346316706,0.9998429551679517,-0.4531398574311588,0.722881922666593,0.9998479593710528,FALSE,FALSE,n.s.
P0C192,Lrrc4b,-0.04629133228625533,0.9377308317295867,0.9998429551679517,-0.7967611893095166,0.2445510257537869,0.9998479593710528,FALSE,FALSE,n.s.
Q9Z277,Baz1b,-0.37469937928603714,0.20413902382199037,0.9998429551679517,-0.007528363839534896,0.97840483403941,0.9998479593710528,FALSE,FALSE,n.s.
O09012,Pex5,0.10873059916817361,0.8365807177180706,0.9998429551679517,-0.5221236145094694,0.34645852763665497,0.9998479593710528,FALSE,FALSE,n.s.
Q8R5A3,Apbb1ip,-0.10412461786354049,0.8869499207292959,0.9998429551679517,-0.47016101119615644,0.2960894754304664,0.9998479593710528,FALSE,FALSE,n.s.
Q9R118,Htra1,0.23199079727349584,0.6525896929223064,0.9998429551679517,0.4499049875233036,0.5308534186848706,0.9998479593710528,FALSE,FALSE,n.s.
P62192,Psmc1,-0.11411072761152678,0.8333740368811131,0.9998429551679517,-0.47172061775893076,0.3503062037000839,0.9998479593710528,FALSE,FALSE,n.s.
Q91WA9,Abcg4,-0.5102628169442098,0.5236875239717705,0.9998429551679517,-0.2799834255139214,0.660091877201398,0.9998479593710528,FALSE,FALSE,n.s.
P68404,Prkcb,0.219473488558023,0.7278042412883252,0.9998429551679517,0.3354210984575458,0.45673038476239525,0.9998479593710528,FALSE,FALSE,n.s.
Q9Z2D6,Mecp2,0.28720448583935004,0.549688713169493,0.9998429551679517,-0.281347907806706,0.6349161806835136,0.9998479593710528,FALSE,FALSE,n.s.
Q60803,Traf3,0.2752249238877505,0.4195790036194895,0.9998429551679517,-0.12086307621723968,0.7653456403784019,0.9998479593710528,FALSE,FALSE,n.s.
P18242,Ctsd,0.6279153750405723,0.3516013138780356,0.9998429551679517,-0.17810439385519447,0.8337816021806136,0.9998479593710528,FALSE,FALSE,n.s.
A0A0G2JGW6,Cdkl5,-0.2727416992629343,0.48875844973880944,0.9998429551679517,-0.1873519961737047,0.696913840148265,0.9998479593710528,FALSE,FALSE,n.s.
Q8BTZ7,Gmppb,0.14697767918582422,0.8478512121600418,0.9998429551679517,0.5807983350394345,0.33790785867408935,0.9998479593710528,FALSE,FALSE,n.s.
Q5NCI0,Urgcp,-0.5996415138644192,0.3385010612428894,0.9998429551679517,0.1583953009447952,0.8474435195535528,0.9998479593710528,FALSE,FALSE,n.s.
Q8BKC5,Ipo5,0.06443649658525571,0.8664688757302087,0.9998429551679517,0.377648673332037,0.32015561220516114,0.9998479593710528,FALSE,FALSE,n.s.
P14733,Lmnb1,0.37014464879215975,0.40376675414492524,0.9998429551679517,0.10779456982524344,0.7831750687414489,0.9998479593710528,FALSE,FALSE,n.s.
Q6NXI6,Rprd2,-0.01745524414688375,0.9605282947982208,0.9998429551679517,-0.5889041791554298,0.22651160620941704,0.9998479593710528,FALSE,FALSE,n.s.
Q6PD19,Armh3,-0.13984113699887588,0.7794399512448911,0.9998429551679517,0.411458413829095,0.40796466372295925,0.9998479593710528,FALSE,FALSE,n.s.
Q61550,Rad21,-0.1510395212682852,0.8611885511557823,0.9998429551679517,0.7801257647130336,0.3263416880688713,0.9998479593710528,FALSE,FALSE,n.s.
Q62073,Map3k7,-0.00848301299645693,0.9830697270990538,0.9998429551679517,-0.46824575707252325,0.20467700603227684,0.9998479593710528,FALSE,FALSE,n.s.
O55013,Trappc3,-0.7826043636282743,0.40765740300745446,0.9998429551679517,-0.2828914641910787,0.7803928989083333,0.9998479593710528,FALSE,FALSE,n.s.
Q91W39,Ncoa5,-0.36987011923998986,0.6423068889777959,0.9998429551679517,-0.45388670251789914,0.5459669893173051,0.9998479593710528,FALSE,FALSE,n.s.
Q9JM52,Mink1,-0.030663724013459032,0.9458391176190933,0.9998429551679517,-0.7524904359896134,0.24268204679671224,0.9998479593710528,FALSE,FALSE,n.s.
Q3TLH4,Prrc2c,-0.15051354711334644,0.6285619158188799,0.9998429551679517,-0.1833085263325329,0.5600417605607377,0.9998479593710528,FALSE,FALSE,n.s.
Q8C754,Vps52,-0.5557843512754025,0.40541848338522757,0.9998429551679517,0.1331189923723485,0.7836590103490801,0.9998479593710528,FALSE,FALSE,n.s.
Q9QZD4,Ercc4,0.3714371436623434,0.4699393203019965,0.9998429551679517,-0.23538665745986717,0.7193327303140455,0.9998479593710528,FALSE,FALSE,n.s.
Q9R1Q8,Tagln3,-0.6608929077923978,0.5446210887926817,0.9998429551679517,0.4918239297896631,0.6449033974958542,0.9998479593710528,FALSE,FALSE,n.s.
Q505F5,Lrrc47,0.876873989311586,0.276545320565412,0.9998429551679517,0.09213144278754871,0.913107796476408,0.9998479593710528,FALSE,FALSE,n.s.
P49443,Ppm1a,0.35617894757546775,0.5679257074917804,0.9998429551679517,0.3150319325341703,0.6217457141298715,0.9998479593710528,FALSE,FALSE,n.s.
Q3U186,Rars2,-0.34502736600216155,0.5250290785743547,0.9998429551679517,-0.2836419285147062,0.6650611805879454,0.9998479593710528,FALSE,FALSE,n.s.
Q9CXJ4,Abcb8,-0.8136018807374916,0.20188097954708958,0.9998429551679517,-0.014621259918538411,0.9883234112213435,0.9998479593710528,FALSE,FALSE,n.s.
Q8BJ71,Nup93,0.47840402617439926,0.36329542152305794,0.9998429551679517,0.15388163296133645,0.8270645499865663,0.9998479593710528,FALSE,FALSE,n.s.
Q6P1Y9,Exoc1,0.11959279544713142,0.7375589019824327,0.9998429551679517,0.27979682026794583,0.4528081018022583,0.9998479593710528,FALSE,FALSE,n.s.
Q8C9S4,Ccdc186,0.2794216432537869,0.6301267466082856,0.9998429551679517,0.1645516864613268,0.5608619730352966,0.9998479593710528,FALSE,FALSE,n.s.
Q924Z4,Cers2,0.8556637847958958,0.5445170408551443,0.9998429551679517,0.5200897101460121,0.6470188353303394,0.9998479593710528,FALSE,FALSE,n.s.
Q3UIU2,Ndufb6,-1.313100570542254,0.43872474805161793,0.9998429551679517,-0.5844921974962997,0.7534485284592262,0.9998479593710528,FALSE,FALSE,n.s.
E9PUF7,Arhgef1,-0.4833379550087634,0.43928283271438884,0.9998429551679517,0.16466061939984497,0.7529580147768268,0.9998479593710528,FALSE,FALSE,n.s.
P61924,Copz1,0.5125807347647189,0.5928520547873302,0.9998429551679517,-0.4838698126963582,0.6001570109531109,0.9998479593710528,FALSE,FALSE,n.s.
P06728,Apoa4,0.12917444158732924,0.7954314443355747,0.9998429551679517,-0.43440396872935655,0.3978037762477364,0.9998479593710528,FALSE,FALSE,n.s.
P40336,Vps26a,0.6244696726761079,0.46939746705499885,0.9998429551679517,-0.25554471484387964,0.7248657282492742,0.9998479593710528,FALSE,FALSE,n.s.
Q6QI06,Rictor,0.2221716700313021,0.3670809741809705,0.9998429551679517,-0.0664938790176489,0.8274343793756539,0.9998479593710528,FALSE,FALSE,n.s.
Q6A0A2,Larp4b,0.538725570308285,0.4084616802697636,0.9998429551679517,-0.1373671936028191,0.7866701255148404,0.9998479593710528,FALSE,FALSE,n.s.
O88543,Cops3,0.16900775120970327,0.7982824929035277,0.9998429551679517,0.5328517138636891,0.39690154933313904,0.9998479593710528,FALSE,FALSE,n.s.
Q9CRD0,Ociad1,0.752013826704191,0.4042735607680923,0.9998429551679517,0.25828894051063905,0.7916179402543502,0.9998479593710528,FALSE,FALSE,n.s.
Q08274,Dmwd,-1.0304092228814428,0.4421946056572257,0.9998429551679517,-0.2257540217305817,0.7537047798534477,0.9998479593710528,FALSE,FALSE,n.s.
Q8K245,Uvrag,-0.14148666587790107,0.7530674896958941,0.9998429551679517,-0.31890033926638045,0.4430159994873536,0.9998479593710528,FALSE,FALSE,n.s.
P47857,Pfkm,0.14344487585254204,0.8373041496603354,0.9998429551679517,0.5813837143940246,0.35894882434118414,0.9998479593710528,FALSE,FALSE,n.s.
Q3UMF9,Faxc,0.14946229133150563,0.8683047601837873,0.9998429551679517,0.6731974863727455,0.32811861317886054,0.9998479593710528,FALSE,FALSE,n.s.
P97363,Sptlc2,0.14944939904607887,0.7916118400232819,0.9998429551679517,-0.3303775335001555,0.40488877304219795,0.9998479593710528,FALSE,FALSE,n.s.
Q9DCD0,Pgd,0.44462885818296255,0.5379420538314044,0.9998429551679517,-0.28549598678943217,0.6586399109993144,0.9998479593710528,FALSE,FALSE,n.s.
E9Q5K9,Ythdc1,0.11370039624742734,0.9125426046634004,0.9998429551679517,1.7798297870012587,0.28410105533088637,0.9998479593710528,FALSE,FALSE,n.s.
P05201,Got1,0.4555524918959838,0.5929715780765306,0.9998429551679517,0.44008349698650284,0.6040054462049962,0.9998479593710528,FALSE,FALSE,n.s.
Q810C1,Slitrk1,0.5960486848702318,0.4199393263496246,0.9998429551679517,-0.21495456281769892,0.7774261597068161,0.9998479593710528,FALSE,FALSE,n.s.
P49817,Cav1,-0.34056047992048744,0.7233414142481154,0.9998429551679517,0.7336746373615581,0.4745510853196049,0.9998479593710528,FALSE,FALSE,n.s.
P58854,Tubgcp3,0.3661353496568482,0.37607635387983473,0.9998429551679517,0.11622468996593105,0.821928281129646,0.9998479593710528,FALSE,FALSE,n.s.
Q32NY4,Cnnm3,-0.2778323733387394,0.5730096340643864,0.9998429551679517,0.18581581424076077,0.625152704336597,0.9998479593710528,FALSE,FALSE,n.s.
Q61753,Phgdh,0.3541680888404485,0.6668334707636173,0.9998429551679517,-0.5806169193081082,0.5313770299665292,0.9998479593710528,FALSE,FALSE,n.s.
P28867,Prkcd,0.006730301417245816,0.9865783425326473,0.9998429551679517,0.49202676480156843,0.2120578325599441,0.9998479593710528,FALSE,FALSE,n.s.
Q8BP47,Nars1,0.2246783776581871,0.7110619262510836,0.9998429551679517,0.4439820844588839,0.4881627538005414,0.9998479593710528,FALSE,FALSE,n.s.
P61963,Dcaf7,-0.16330953635477857,0.8352513186148618,0.9998429551679517,-0.6641505867932289,0.3643455721461289,0.9998479593710528,FALSE,FALSE,n.s.
P47911,Rpl6,1.0188308062689388,0.2984274979530456,0.9998429551679517,0.12524333499528525,0.9013686402719824,0.9998479593710528,FALSE,FALSE,n.s.
Q61206,Pafah1b2,-0.8167245474986353,0.26167729681197377,0.9998429551679517,0.09282974139770418,0.9382133407025207,0.9998479593710528,FALSE,FALSE,n.s.
Q6ZPU9,Kifbp,0.33603933613756615,0.44957120781434734,0.9998429551679517,-0.15007951195587735,0.7503643260518263,0.9998479593710528,FALSE,FALSE,n.s.
Q9D8U8,Snx5,-0.5231475533071489,0.21227290225583645,0.9998429551679517,0.006772589202202249,0.9877914385629618,0.9998479593710528,FALSE,FALSE,n.s.
Q99LB6,Mat2b,-0.26840966783058345,0.7037005844699529,0.9998429551679517,-0.425084793822219,0.4964564439301966,0.9998479593710528,FALSE,FALSE,n.s.
O89112,Lancl1,-0.817232573187536,0.4596246652150656,0.9998429551679517,0.4064618164094143,0.740537238451282,0.9998479593710528,FALSE,FALSE,n.s.
Q9D0E3,Lysmd1,-0.427407331761202,0.38787389506785963,0.9998429551679517,0.1071355258860605,0.8124553277669323,0.9998479593710528,FALSE,FALSE,n.s.
Q14C51,Ptcd3,0.6227734503817076,0.29085347347680307,0.9998429551679517,-0.061073973382035684,0.9098680528018845,0.9998479593710528,FALSE,FALSE,n.s.
Q6P1H6,Ankle2,-0.23166495271084794,0.5664109247200275,0.9998429551679517,-0.26766125673390484,0.6345885117615729,0.9998479593710528,FALSE,FALSE,n.s.
Q9CWR2,Smyd3,-0.1415680087421945,0.8170667357599826,0.9998429551679517,-0.5607391882764817,0.3839720314405673,0.9998479593710528,FALSE,FALSE,n.s.
Q8BWS5,Gprin3,0.13615820032454617,0.7355193472496134,0.9998429551679517,0.3592433489163414,0.4661332777617473,0.9998479593710528,FALSE,FALSE,n.s.
P56564,Slc1a3,0.2590409490213513,0.8777618781391021,0.9998429551679517,1.4570452082985368,0.3241879784720719,0.9998479593710528,FALSE,FALSE,n.s.
A2A6Q5,Cdc27,-0.3643536106788539,0.6377604880237864,0.9998429551679517,-0.2969983456137914,0.5645437034441994,0.9998479593710528,FALSE,FALSE,n.s.
Q61187,Tsg101,0.028787150400776094,0.9479149144296003,0.9998429551679517,0.5384037524007523,0.25440464656439565,0.9998479593710528,FALSE,FALSE,n.s.
P97433,Arhgef28,0.16036437616823446,0.7335071468861126,0.9998429551679517,0.15879591126290885,0.46916150835114184,0.9998479593710528,FALSE,FALSE,n.s.
Q80Y98,Ddhd2,-0.34607711262411645,0.331314169162932,0.9998429551679517,-0.0665634438136565,0.8715238704911978,0.9998479593710528,FALSE,FALSE,n.s.
A0A0R4J124,Srpk2,-0.4254448730440796,0.4577568216280238,0.9998429551679517,-0.19494583803736337,0.7452018703800072,0.9998479593710528,FALSE,FALSE,n.s.
Q60865,Caprin1,-0.08592144077975798,0.9038811822450761,0.9998429551679517,0.7529320446012134,0.2991081121652589,0.9998479593710528,FALSE,FALSE,n.s.
Q8BG18,Necab1,0.15539925910869495,0.8180092024789591,0.9998429551679517,-0.7084524004489364,0.3850083028677941,0.9998479593710528,FALSE,FALSE,n.s.
Q09XV5,Chd8,-0.02149849417905595,0.9458399940001871,0.9998429551679517,-0.5052831506767176,0.25743852385518073,0.9998479593710528,FALSE,FALSE,n.s.
P80560,Ptprn2,0.4936829807763296,0.32861197553975674,0.9998429551679517,-0.10276038442828866,0.8746980226938984,0.9998479593710528,FALSE,FALSE,n.s.
Q6P1I6,Psd2,0.2780453219774783,0.5460742026791998,0.9998429551679517,-0.18837979334918578,0.657652871700098,0.9998479593710528,FALSE,FALSE,n.s.
Q6PGA5,Clcn3,-0.8649265491197302,0.496618746939326,0.9998429551679517,-0.5999566546863457,0.707153711857765,0.9998479593710528,FALSE,FALSE,n.s.
Q8JZY2,Commd10,0.6442922843430651,0.5189588932828187,0.9998429551679517,0.4338663382408599,0.6848936903192402,0.9998479593710528,FALSE,FALSE,n.s.
Q70IV5,Synm,0.3917176669261709,0.39630135605684813,0.9998429551679517,0.07733078543101411,0.8076515666303122,0.9998479593710528,FALSE,FALSE,n.s.
Q9DBL2,Gdap2,0.1385082115741522,0.7251877346587159,0.9998429551679517,0.30196663315705746,0.4789017438598717,0.9998479593710528,FALSE,FALSE,n.s.
Q91WD5,Ndufs2,0.3200569558825958,0.7273704033205792,0.9998429551679517,0.6036633778176995,0.47691415007444526,0.9998479593710528,FALSE,FALSE,n.s.
P83093,Stim2,0.2280775870458096,0.6516735000606866,0.9998429551679517,0.2374112583028325,0.5528119038633019,0.9998479593710528,FALSE,FALSE,n.s.
Q60902,Eps15l1,0.11862975343676109,0.7178419177534574,0.9998429551679517,0.2422623133332228,0.4867551126382742,0.9998479593710528,FALSE,FALSE,n.s.
Q8CIH9,Ppat,-0.25117755099303085,0.6403838241730135,0.9998429551679517,-0.263379335212342,0.5643353593809322,0.9998479593710528,FALSE,FALSE,n.s.
Q9DCS9,Ndufb10,0.2869095317344034,0.8354027204320289,0.9998429551679517,1.2196735844272828,0.3693966041829134,0.9998479593710528,FALSE,FALSE,n.s.
Q8C163,Exog,-0.1268203273271418,0.8596845706489539,0.9998429551679517,0.6054488077700741,0.3453791805008244,0.9998479593710528,FALSE,FALSE,n.s.
P12787,Cox5a,-0.9409606934081836,0.4518404004416172,0.9998429551679517,0.41782890449062526,0.7534850021130798,0.9998479593710528,FALSE,FALSE,n.s.
Q6PAM0,Prkab2,0.5905368079063387,0.2785007615436882,0.9998429551679517,0.04648414803834268,0.926846548553054,0.9998479593710528,FALSE,FALSE,n.s.
Q8C6E0,Cfap36,-0.2003730301178898,0.7433892451292591,0.9998429551679517,-0.38909016668211677,0.46234201697182764,0.9998479593710528,FALSE,FALSE,n.s.
Q61809,Lrrn1,-0.10301601135145284,0.8644598629878752,0.9998429551679517,-0.37076981547988735,0.34164902990046386,0.9998479593710528,FALSE,FALSE,n.s.
Q9D6T0,Nosip,0.56495109783191,0.44809628622696557,0.9998429551679517,0.20398262538542739,0.7580820297843226,0.9998479593710528,FALSE,FALSE,n.s.
Q3U487,Hectd3,-0.15333652460457034,0.7336374897590062,0.9998429551679517,0.3630686521526362,0.47336513820599857,0.9998479593710528,FALSE,FALSE,n.s.
Q9D7M8,Polr2d,-1.1728294323991797,0.2763887841910472,0.9998429551679517,0.08829478653042419,0.9306193398920519,0.9998479593710528,FALSE,FALSE,n.s.
Q9QYR6,Map1a,-0.20921958339160487,0.41037123344424364,0.9998429551679517,0.06928221155458132,0.796822816277454,0.9998479593710528,FALSE,FALSE,n.s.
Q80X50,Ubap2l,-0.15035336861813342,0.8010368432392625,0.9998429551679517,0.47104826400778876,0.406433451784346,0.9998479593710528,FALSE,FALSE,n.s.
Q9EQS3,Mycbp,-0.3769414673009646,0.5405802269945075,0.9998429551679517,-0.38239019614791914,0.6673058060215006,0.9998479593710528,FALSE,FALSE,n.s.
Q9ESZ8,Gtf2i,-0.15645385647386081,0.6379965570073242,0.9998429551679517,0.16640677392464714,0.5706226861816801,0.9998479593710528,FALSE,FALSE,n.s.
Q8R151,Znfx1,-0.27086081388944927,0.2792324553467321,0.9998429551679517,-0.024489754338683414,0.9295904041502984,0.9998479593710528,FALSE,FALSE,n.s.
E9PYR1,Fbxl18,-1.0450217245557676,0.23108259465224318,0.9998429551679517,-0.019527703555541284,0.9777613374334498,0.9998479593710528,FALSE,FALSE,n.s.
Q3TY86,Aifm3,0.3910207492697507,0.4396209388071788,0.9998429551679517,0.16376294070610478,0.7693340567748808,0.9998479593710528,FALSE,FALSE,n.s.
Q9CQ02,Commd4,0.3377806696725241,0.7384006553689035,0.9998429551679517,0.7302981393420487,0.4705636907416528,0.9998479593710528,FALSE,FALSE,n.s.
P70182,Pip5k1a,0.1590904018959853,0.8077401960663713,0.9998429551679517,0.4479355808021628,0.40126978584559064,0.9998479593710528,FALSE,FALSE,n.s.
Q8CEC0,Nup88,0.5677368876327316,0.543803050600496,0.9998429551679517,0.3115004121261606,0.6654336437667179,0.9998479593710528,FALSE,FALSE,n.s.
Q9D6Z1,Nop56,0.09238785609832359,0.8492671208531861,0.9998429551679517,-0.40886560169040004,0.3600221908854835,0.9998479593710528,FALSE,FALSE,n.s.
E9Q1K0,Snx25,0.145814141727558,0.7274912404476788,0.9998429551679517,0.20784322542264572,0.4818146938981699,0.9998479593710528,FALSE,FALSE,n.s.
P61082,Ube2m,1.4572805011738403,0.24006274633103264,0.9998429551679517,-0.03826527798854465,0.9694518426128422,0.9998479593710528,FALSE,FALSE,n.s.
P14094,Atp1b1,0.3735342466511304,0.6514008259234599,0.9998429551679517,0.5249114903704288,0.5582520249446827,0.9998479593710528,FALSE,FALSE,n.s.
A2AQC3,Atp9a,0.02744544613528998,0.9581497758199105,0.9998429551679517,0.6087882896952073,0.2515981316659549,0.9998479593710528,FALSE,FALSE,n.s.
Q9CQ92,Fis1,0.47751249705985177,0.6592758317771881,0.9998429551679517,-0.6194682136964756,0.5506221663603665,0.9998479593710528,FALSE,FALSE,n.s.
Q80V42,Cpm,-0.7771430655704837,0.25802777587778264,0.9998429551679517,0.046517954177437634,0.9520733584645336,0.9998479593710528,FALSE,FALSE,n.s.
Q8BUY8,Gprasp2,-0.15463259289695583,0.7933823301511501,0.9998429551679517,-0.3501594741029937,0.41686209650655026,0.9998479593710528,FALSE,FALSE,n.s.
Q9WV34,Mpp2,-0.10039447716511411,0.9028121510633365,0.9998429551679517,0.504057419130485,0.30788212002509757,0.9998479593710528,FALSE,FALSE,n.s.
Q9D1G5,Lrrc57,0.969407204015385,0.2470549154120603,0.9998429551679517,0.03353741470001853,0.963893229404064,0.9998479593710528,FALSE,FALSE,n.s.
Q8VD75,Hip1,-0.23890454062603977,0.41429995029932054,0.9998429551679517,-0.07771196678721748,0.7967086007580939,0.9998479593710528,FALSE,FALSE,n.s.
Q6X893,Slc44a1,-0.5014254503375876,0.42607027951967924,0.9998429551679517,-0.17119807911702234,0.7849394262870176,0.9998479593710528,FALSE,FALSE,n.s.
P54830,Ptpn5,-0.8601975382481266,0.29300680546932656,0.9998429551679517,-0.08367755288770064,0.9181352603425014,0.9998479593710528,FALSE,FALSE,n.s.
Q3TDD9,Ppp1r21,-0.05325633814759639,0.8899797247376748,0.9998429551679517,0.3258208394164369,0.32131491813140717,0.9998479593710528,FALSE,FALSE,n.s.
Q9R1P0,Psma4,0.2736221651030307,0.7717088560180635,0.9998429551679517,0.6267889674133815,0.4396816178423476,0.9998479593710528,FALSE,FALSE,n.s.
P24369,Ppib,0.16192325349305536,0.8233651337990013,0.9998429551679517,-0.6347131375534015,0.38842878637203326,0.9998479593710528,FALSE,FALSE,n.s.
Q9ESP1,Sdf2l1,0.5267670761912252,0.5426205527640982,0.9998429551679517,-0.46048256289284734,0.6692455673074571,0.9998479593710528,FALSE,FALSE,n.s.
Q8BH04,Pck2,0.5691192591480112,0.38161153112620394,0.9998429551679517,0.15668253708610572,0.8306394940203433,0.9998479593710528,FALSE,FALSE,n.s.
Q9JL35,Hmgn5,0.05824436678609853,0.9402386575195724,0.9998429551679517,-0.7292188428585868,0.27212555337144223,0.9998479593710528,FALSE,FALSE,n.s.
Q6P069,Sri,-0.01754480639541133,0.9886209680334718,0.9998429551679517,-1.3536571051330935,0.22379039338599088,0.9998479593710528,FALSE,FALSE,n.s.
P70408,Cdh10,-0.06757954582338181,0.8985165769721208,0.9998429551679517,0.5362546798462312,0.3139898589289687,0.9998479593710528,FALSE,FALSE,n.s.
D3YZI9,Pgbd5,0.3708198850949879,0.6136111807951999,0.9998429551679517,0.5848558810596169,0.5990812458094557,0.9998479593710528,FALSE,FALSE,n.s.
Q6I6G8,Hecw2,-0.13072738406071957,0.7785072719733763,0.9998429551679517,0.3393124319606769,0.43420942673445406,0.9998479593710528,FALSE,FALSE,n.s.
P21995,Emb,-0.04986795793047331,0.9391427951400653,0.9998429551679517,0.7322820821497406,0.27370139735457,0.9998479593710528,FALSE,FALSE,n.s.
Q9DB25,Alg5,0.4906290810327999,0.39230851334222894,0.9998429551679517,0.12686508476644281,0.820831404111408,0.9998479593710528,FALSE,FALSE,n.s.
Q9R1T2,Sae1,-0.2782184043531557,0.5538017586422044,0.9998429551679517,-0.19050420716089372,0.6596403205562227,0.9998479593710528,FALSE,FALSE,n.s.
Q6GR78,App,0.19289538641234294,0.7272584734364301,0.9998429551679517,0.6868199931595743,0.4868631498701607,0.9998479593710528,FALSE,FALSE,n.s.
Q9QYB8,Add2,0.30977132555997205,0.4572047647751596,0.9998429551679517,0.13296395801288602,0.7569307548709348,0.9998479593710528,FALSE,FALSE,n.s.
E9Q401,Ryr2,-0.22003333513528217,0.24064208188687944,0.9998429551679517,0.005834546187343598,0.9743362788564816,0.9998479593710528,FALSE,FALSE,n.s.
Q99P88,Nup155,-0.440607460920309,0.27333949835013394,0.9998429551679517,-0.024918204531225153,0.9417835754102057,0.9998479593710528,FALSE,FALSE,n.s.
P61226,Rap2b,0.5352991844259976,0.6058209545106374,0.9998429551679517,-0.6093198841572018,0.6093637868464401,0.9998479593710528,FALSE,FALSE,n.s.
A2ALW2,Zkscan16,-0.29434738909810104,0.6829014449062732,0.9998429551679517,0.24316540678944568,0.532283911300173,0.9998479593710528,FALSE,FALSE,n.s.
Q91YR7,Prpf6,0.11609688914941578,0.7858276193605065,0.9998429551679517,-0.4511289596053394,0.42960084978844426,0.9998479593710528,FALSE,FALSE,n.s.
Q7M759,Abhd17b,0.7447364936128111,0.5691746289975765,0.9998429551679517,0.3937635962485371,0.6467448912713205,0.9998479593710528,FALSE,FALSE,n.s.
Q9EQ20,Aldh6a1,-0.3402740770769682,0.6123906442368129,0.9998429551679517,0.33038398749077935,0.603690690984868,0.9998479593710528,FALSE,FALSE,n.s.
E0CYT1,Wnk2,-0.3835877753653578,0.35298344813388327,0.9998429551679517,-0.07720639281675319,0.8632547613790197,0.9998479593710528,FALSE,FALSE,n.s.
Q9CY34,Ube2f,-0.5509468582636209,0.4943151815675381,0.9998429551679517,-0.3349874562713329,0.7219295137420121,0.9998479593710528,FALSE,FALSE,n.s.
Q80Y83,Dixdc1,-0.024631088064766143,0.959236407777184,0.9998429551679517,0.5658774526630784,0.25747718672432235,0.9998479593710528,FALSE,FALSE,n.s.
Q8VDM1,Zgpat,0.18258385114435516,0.6459325499382274,0.9998429551679517,-0.26345343308711644,0.5709920001297262,0.9998479593710528,FALSE,FALSE,n.s.
Q8BNU0,Armc6,0.36435444162660346,0.46055104852841966,0.9998429551679517,0.2291308213859817,0.756522076844834,0.9998479593710528,FALSE,FALSE,n.s.
Q9QYH6,Maged1,-0.6113316327804863,0.2524218066286663,0.9998429551679517,-0.01945190483922327,0.9647834330680145,0.9998479593710528,FALSE,FALSE,n.s.
Q8VCN5,Cth,-0.038686884780812766,0.9391025435141518,0.9998429551679517,0.9586450665813523,0.2781532951824982,0.9998479593710528,FALSE,FALSE,n.s.
P43276,H1-5,-0.4339616973035917,0.6203401598735847,0.9998429551679517,0.5869602375740042,0.5970256105619756,0.9998479593710528,FALSE,FALSE,n.s.
Q3U5Q7,Cmpk2,0.8630927206573116,0.3064558408762473,0.9998429551679517,0.09639008176232655,0.911000139152771,0.9998479593710528,FALSE,FALSE,n.s.
P61982,Ywhag,-0.45144038329628,0.6847970453964364,0.9998429551679517,0.6831908767116778,0.5333702719394616,0.9998479593710528,FALSE,FALSE,n.s.
Q99J27,Slc33a1,-0.24129857126251503,0.4947810781304023,0.9998429551679517,-0.17678318374718155,0.7235329787885847,0.9998479593710528,FALSE,FALSE,n.s.
Q8VCM5,Mul1,-0.6502509614227826,0.28659186837687334,0.9998429551679517,-0.045799356413150104,0.9323519275682356,0.9998479593710528,FALSE,FALSE,n.s.
Q5S006,Lrrk2,-0.12962447716040906,0.6023600044168509,0.9998429551679517,-0.2784746164017861,0.6167921415740147,0.9998479593710528,FALSE,FALSE,n.s.
Q7TQI3,Otub1,0.9275599171418794,0.3929009990545391,0.9998429551679517,0.21888815954404583,0.8262669978589473,0.9998479593710528,FALSE,FALSE,n.s.
Q80U63,Mfn2,0.5806757390959507,0.31815351604793357,0.9998429551679517,-0.0663867050817775,0.9012375386099558,0.9998479593710528,FALSE,FALSE,n.s.
P97798,Neo1,-0.20359649255600135,0.5982063660038405,0.9998429551679517,0.16702453469568412,0.6212063095127713,0.9998479593710528,FALSE,FALSE,n.s.
Q8C1B7,Septin11,0.17046148495155353,0.8025121557688857,0.9998429551679517,0.8569065680738256,0.4169668841364176,0.9998479593710528,FALSE,FALSE,n.s.
Q3UFY7,Nt5c3b,0.33751052249266056,0.6204857537726981,0.9998429551679517,-0.35680254473152023,0.599363147063597,0.9998479593710528,FALSE,FALSE,n.s.
Q8CAB8,Castor2,0.7527603205547411,0.34892093216749126,0.9998429551679517,0.11934328591216047,0.8711004058683872,0.9998479593710528,FALSE,FALSE,n.s.
Q6KAU4,Mvb12b,0.37261920383087344,0.5652392751588677,0.9998429551679517,-0.21140233436920447,0.6549757895811006,0.9998479593710528,FALSE,FALSE,n.s.
Q61214,Dyrk1a,0.056389901477584305,0.8764082426680067,0.9998429551679517,0.41793354100133767,0.344074841665047,0.9998479593710528,FALSE,FALSE,n.s.
P52800,Efnb2,-0.2907314925298737,0.5843215485982673,0.9998429551679517,0.3731540683362866,0.6363864949987468,0.9998479593710528,FALSE,FALSE,n.s.
Q6PB66,Lrpprc,0.1358643195469563,0.6449589167130785,0.9998429551679517,-0.1532989589218495,0.576057607362177,0.9998479593710528,FALSE,FALSE,n.s.
Q99PL6,Ubxn6,0.01646753228688779,0.9762739535303913,0.9998429551679517,-0.47181192344529077,0.2448143031037862,0.9998479593710528,FALSE,FALSE,n.s.
Q9D3A9,Ttyh1,1.059846320678438,0.5666650823184758,0.9998429551679517,-0.6684145825709885,0.6549148673440925,0.9998479593710528,FALSE,FALSE,n.s.
Q99J47,Dhrs7b,0.38837138548704325,0.5976645011912745,0.9998429551679517,-0.3290745053381326,0.6240015738455539,0.9998479593710528,FALSE,FALSE,n.s.
O55137,Acot1,0.3788970342111034,0.6347926077208288,0.9998429551679517,0.3721644299843906,0.5869723729967764,0.9998479593710528,FALSE,FALSE,n.s.
Q3UUI3,Them4,-0.3960659406065789,0.6671365376685171,0.9998429551679517,0.5232973548755055,0.5551628608284982,0.9998479593710528,FALSE,FALSE,n.s.
Q8CI61,Bag4,0.7394324626261717,0.38496801767299965,0.9998429551679517,0.1873876056658338,0.8373915836381576,0.9998479593710528,FALSE,FALSE,n.s.
Q99MD6,Txnrd3,-0.4543643303275375,0.37831237200404366,0.9998429551679517,-0.07033127352086484,0.8444525725376595,0.9998479593710528,FALSE,FALSE,n.s.
Q8C788,Snx18,-0.927010117263307,0.3476223316283087,0.9998429551679517,-0.11186997461574828,0.8752364071912984,0.9998479593710528,FALSE,FALSE,n.s.
Q8C0Q2,Zhx3,-0.39310242877178936,0.3988824595525279,0.9998429551679517,-0.21264596726080198,0.824275642089492,0.9998479593710528,FALSE,FALSE,n.s.
Q9WTX5,Skp1,0.7087420297114222,0.43130367127160596,0.9998429551679517,0.20276867740776963,0.79205753382867,0.9998479593710528,FALSE,FALSE,n.s.
Q8VDD9,Phip,-0.6266335768884844,0.37889130751631994,0.9998429551679517,0.21471903080401247,0.8447090899515504,0.9998479593710528,FALSE,FALSE,n.s.
Q922J6,Tspan2,0.3572205686199727,0.8330658924916126,0.9998429551679517,1.5901707208010794,0.39071832364982373,0.9998479593710528,FALSE,FALSE,n.s.
Q9CQZ6,Ndufb3,1.6175150601438504,0.5107935407799402,0.9998429551679517,0.8102794657430596,0.7131102582595472,0.9998479593710528,FALSE,FALSE,n.s.
Q9QZ23,Nfu1,1.6291577510621869,0.25053006358626156,0.9998429551679517,0.061079909880973365,0.9734091024466143,0.9998479593710528,FALSE,FALSE,n.s.
Q9EQG7,Enpp5,-0.22738869718734273,0.7203575692653927,0.9998429551679517,0.6556413381021066,0.503595443572896,0.9998479593710528,FALSE,FALSE,n.s.
P97447,Fhl1,0.04607791015466388,0.9513164336146605,0.9998429551679517,0.8298447950712234,0.2726767121970865,0.9998479593710528,FALSE,FALSE,n.s.
P11798,Camk2a,-0.7735344889277582,0.4053067713960582,0.9998429551679517,0.23621480817115745,0.8187317911208348,0.9998479593710528,FALSE,FALSE,n.s.
Q9Z2D3,Gsdme,-0.27190558152103395,0.7026586457291291,0.9998429551679517,0.3699784631073114,0.5217656220986109,0.9998479593710528,FALSE,FALSE,n.s.
Q0PMG2,Mdga1,-0.19559189917451372,0.7725937063352915,0.9998429551679517,0.41894298754736004,0.4520252778740129,0.9998479593710528,FALSE,FALSE,n.s.
Q8C522,Endod1,0.2701459804904874,0.7484609148226817,0.9998429551679517,0.7540037745859347,0.47645109826068077,0.9998479593710528,FALSE,FALSE,n.s.
P58064,Mrps6,-0.6324467416532948,0.7112379979682837,0.9998429551679517,-0.9409993141568517,0.5140893998384712,0.9998479593710528,FALSE,FALSE,n.s.
Q99LL5,Pwp1,0.2689996863157674,0.7051754393712886,0.9998429551679517,0.166549596509019,0.5202539584446796,0.9998479593710528,FALSE,FALSE,n.s.
Q8BY02,Nkrf,0.40508120008584014,0.5311993412174081,0.9998429551679517,0.19788444841145877,0.6944843551820287,0.9998479593710528,FALSE,FALSE,n.s.
Q8CAK1,Iba57,0.7383818430833196,0.4570076915869825,0.9998429551679517,-0.34386237427276384,0.7687550440605542,0.9998479593710528,FALSE,FALSE,n.s.
Q8BH69,Sephs1,0.480281430475362,0.519585064262946,0.9998429551679517,0.2650226893162306,0.7063263279128795,0.9998479593710528,FALSE,FALSE,n.s.
P28653,Bgn,0.6158714375022117,0.36543886644442514,0.9998429551679517,0.07186631643229871,0.8605452104986344,0.9998479593710528,FALSE,FALSE,n.s.
Q78HU3,Mvb12a,0.17300886479277855,0.8156490094915413,0.9998429551679517,0.8494982122093322,0.4103351758436962,0.9998479593710528,FALSE,FALSE,n.s.
Q3SXD3,Hddc2,-0.2611393409498626,0.6346390764484096,0.9998429551679517,0.3901164410324746,0.5915011654642319,0.9998479593710528,FALSE,FALSE,n.s.
B1ASP2,Jak1,-0.4588171866726125,0.3032440142078191,0.9998429551679517,-0.035281042531871386,0.92303750024578,0.9998479593710528,FALSE,FALSE,n.s.
Q9CWG8,Ndufaf7,-0.047729148662064264,0.9283490919354911,0.9998429551679517,-0.37484703021530474,0.29846361329773685,0.9998479593710528,FALSE,FALSE,n.s.
Q5EG47,Prkaa1,-0.5354241567498543,0.4618491613355795,0.9998429551679517,0.1715976411784898,0.765284456603579,0.9998479593710528,FALSE,FALSE,n.s.
Q7TNL5,Ppp2r5d,-0.3717013943809209,0.43137186196408883,0.9998429551679517,-0.13164672715186898,0.7966273433474316,0.9998479593710528,FALSE,FALSE,n.s.
P54822,Adsl,-0.001033169762517448,0.9988343539850484,0.9998429551679517,0.8204737069799292,0.2292242789894741,0.9998479593710528,FALSE,FALSE,n.s.
Q8CCB4,Vps53,-0.18346568945001232,0.710045763448842,0.9998429551679517,0.2763491392916583,0.5181103565294229,0.9998479593710528,FALSE,FALSE,n.s.
Q91V35,Ptpra,-0.1914480915314957,0.650451282305381,0.9998429551679517,0.20434044122174352,0.577820191336355,0.9998479593710528,FALSE,FALSE,n.s.
A0A0R3P9D0,Plppr3,-0.027537235020381197,0.9425968831042746,0.9998429551679517,-0.5923329477659268,0.2858621505268507,0.9998479593710528,FALSE,FALSE,n.s.
B1AR13,Cisd3,-0.2923740079876214,0.6414862149711367,0.9998429551679517,-0.31465500659295115,0.5869815869541557,0.9998479593710528,FALSE,FALSE,n.s.
Q5BLK4,Tut7,0.8467226231963981,0.2509832694573185,0.9998429551679517,-0.02824559720006984,0.9777042461344232,0.9998479593710528,FALSE,FALSE,n.s.
Q5NCF2,Trappc1,0.07535161316455773,0.9436634137769422,0.9998429551679517,0.8329048653218114,0.2851605474138874,0.9998479593710528,FALSE,FALSE,n.s.
P47713,Pla2g4a,0.16271907656795992,0.9265541588290946,0.9998429551679517,-0.8220812583004994,0.3024539498620953,0.9998479593710528,FALSE,FALSE,n.s.
Q91YJ3,Thyn1,-0.11396852450695755,0.8951233453145052,0.9998429551679517,0.7017471267453925,0.3342692516271516,0.9998479593710528,FALSE,FALSE,n.s.
Q8K0C4,Cyp51a1,-0.22212033480104068,0.7193735711561011,0.9998429551679517,0.43660019339538925,0.5101679410959137,0.9998479593710528,FALSE,FALSE,n.s.
Q9JII1,Inpp5e,-0.5674386517234947,0.45020236066091146,0.9998429551679517,-0.1604616165981737,0.7798026318906509,0.9998479593710528,FALSE,FALSE,n.s.
Q78PY7,Snd1,-0.23473467170377865,0.5977133210747092,0.9998429551679517,0.1811979577708408,0.6323887391664595,0.9998479593710528,FALSE,FALSE,n.s.
Q8BNE1,Tcaf1,-0.044159899930785916,0.9367256894684222,0.9998429551679517,-0.4683542342002657,0.2937007535679226,0.9998479593710528,FALSE,FALSE,n.s.
Q3UGC7,Eif3j1,0.4477174673575163,0.45580469183663175,0.9998429551679517,0.19078725870022084,0.774700058307151,0.9998479593710528,FALSE,FALSE,n.s.
P11881,Itpr1,0.039525347245344754,0.8758672736670942,0.9998429551679517,0.2189554335349245,0.35538148623187016,0.9998479593710528,FALSE,FALSE,n.s.
Q9JLT4,Txnrd2,-0.0655763958991045,0.9159427297249201,0.9998429551679517,-0.44560498183968783,0.3153233544800765,0.9998479593710528,FALSE,FALSE,n.s.
Q9ERU9,Ranbp2,-0.23266672827233278,0.3030779011856078,0.9998429551679517,-0.019340049217619334,0.9282331771709469,0.9998479593710528,FALSE,FALSE,n.s.
Q9ER47,Kcnh7,0.4331566614159409,0.24946934957378514,0.9998429551679517,0.015330551010015986,0.9820217332019148,0.9998479593710528,FALSE,FALSE,n.s.
Q6P9J9,Ano6,-0.6134072860198191,0.4235608872048632,0.9998429551679517,-0.14648225852109806,0.8082214316878708,0.9998479593710528,FALSE,FALSE,n.s.
Q6NXL1,Sec24d,-0.04305122487113859,0.9470654199268171,0.9998429551679517,-0.34243717751097147,0.2850560993285165,0.9998479593710528,FALSE,FALSE,n.s.
Q9JK23,Psmg1,0.6939653566784961,0.47921430484387073,0.9998429551679517,-0.2559202385092421,0.7532223199422139,0.9998479593710528,FALSE,FALSE,n.s.
E0CX32,Ccdc85a,0.44006877353337553,0.29480050369906674,0.9998429551679517,0.04424352923682483,0.93767760461631,0.9998479593710528,FALSE,FALSE,n.s.
Q64332,Syn2,0.737476512748372,0.4463360346160903,0.9998429551679517,0.2601349272881595,0.7862170811583298,0.9998479593710528,FALSE,FALSE,n.s.
Q52KR3,Prune2,-0.7779581472151537,0.3541085450918128,0.9998429551679517,-0.041205068238593635,0.8785994258059898,0.9998479593710528,FALSE,FALSE,n.s.
Q8BMI3,Gga3,0.3763194106649585,0.532189230544086,0.9998429551679517,0.24985069201228147,0.7006358089758209,0.9998479593710528,FALSE,FALSE,n.s.
G3XA20,Grip2,0.29980737220815906,0.36436110858399995,0.9998429551679517,0.06727604251714914,0.8684676464725762,0.9998479593710528,FALSE,FALSE,n.s.
Q60805,Mertk,-0.45581790774679415,0.4194426249111547,0.9998429551679517,-0.19218035609586098,0.8134194376888535,0.9998479593710528,FALSE,FALSE,n.s.
Q64133,Maoa,-0.35346377059403616,0.6191389264658762,0.9998429551679517,0.3335088495216494,0.613933459777579,0.9998479593710528,FALSE,FALSE,n.s.
Q99K70,Rragc,-0.6320206810572672,0.31740147295196713,0.9998429551679517,0.06785403981526301,0.9158548153184618,0.9998479593710528,FALSE,FALSE,n.s.
Q3UTZ3,Trappc14,0.09353474729665762,0.870123721880151,0.9998429551679517,0.5186958447034201,0.3632732377297403,0.9998479593710528,FALSE,FALSE,n.s.
Q8C7V8,Ccdc134,0.43046539289265,0.46852560228431794,0.9998429551679517,-0.21790107845622264,0.7648993338654253,0.9998479593710528,FALSE,FALSE,n.s.
Q3V3Q7,Pacs2,-0.08140344423593679,0.8966254327687958,0.9998429551679517,0.5110253706750776,0.33705062722986745,0.9998479593710528,FALSE,FALSE,n.s.
Q76N33,Stambpl1,0.19435116467122826,0.7111535271048508,0.9998429551679517,0.6118095133269964,0.5226612173819134,0.9998479593710528,FALSE,FALSE,n.s.
E9Q3L2,Pi4ka,-0.14993301357171115,0.5978065146018223,0.9998429551679517,0.12973546756392976,0.63606199705878,0.9998479593710528,FALSE,FALSE,n.s.
Q99KJ8,Dctn2,-0.04127116462791994,0.9495993079028759,0.9998429551679517,0.6209274339311026,0.28469692153239434,0.9998479593710528,FALSE,FALSE,n.s.
Q62148,Aldh1a2,0.6815137263944858,0.3809276881697592,0.9998429551679517,-0.12598479304369503,0.8537318418981108,0.9998479593710528,FALSE,FALSE,n.s.
Q8BW41,Pomgnt2,0.47592269553102207,0.6970055062448357,0.9998429551679517,-0.6210905754454039,0.537927724638153,0.9998479593710528,FALSE,FALSE,n.s.
M1VHG6,Mta1,-0.1866512053446632,0.6664012926161776,0.9998429551679517,-0.28541399021349717,0.5687205352071569,0.9998479593710528,FALSE,FALSE,n.s.
Q8BJI1,Slc6a17,0.2557568413258645,0.7463535281800808,0.9998429551679517,0.486351046581076,0.48918281183005796,0.9998479593710528,FALSE,FALSE,n.s.
A0A2I3BPP1,Tsc2,-0.21674412842875815,0.5563339608462341,0.9998429551679517,-0.14238232715610696,0.6793640213692316,0.9998479593710528,FALSE,FALSE,n.s.
E9PX68,Slc4a1ap,0.0024840375317035294,0.9964532690963052,0.9998429551679517,0.4751156804230561,0.23980077198054117,0.9998479593710528,FALSE,FALSE,n.s.
Q3TXX3,Zfyve27,-0.05374974462792491,0.9257289847946943,0.9998429551679517,1.289219775946798,0.31052671415623273,0.9998479593710528,FALSE,FALSE,n.s.
Q8BXZ1,Tmx3,-0.7483614443588587,0.33491850927963296,0.9998429551679517,0.08627844625322213,0.9018229020946207,0.9998479593710528,FALSE,FALSE,n.s.
P28667,Marcksl1,-0.395174343718004,0.6357804714312095,0.9998429551679517,-0.44941156830527546,0.6011653517671636,0.9998479593710528,FALSE,FALSE,n.s.
A2AKG8,Focad,-0.40747047794114044,0.2586226471628938,0.9998429551679517,-0.010959448092433622,0.9783805602107343,0.9998479593710528,FALSE,FALSE,n.s.
Q8BWU8,Etnppl,0.527742988794892,0.46490819228101943,0.9998429551679517,0.17721405826936032,0.7720967953058624,0.9998479593710528,FALSE,FALSE,n.s.
Q8R3G1,Ppp1r8,-0.42665939809867476,0.4646408525159591,0.9998429551679517,-0.1892197604503759,0.7725674839388644,0.9998479593710528,FALSE,FALSE,n.s.
P35762,Cd81,-0.48750293847213966,0.7274029371947963,0.9998429551679517,1.7139651031421332,0.51018839121541,0.9998479593710528,FALSE,FALSE,n.s.
P61759,Vbp1,-0.37807245379140647,0.6767752838641653,0.9998429551679517,0.4689973317287481,0.5612294462070122,0.9998479593710528,FALSE,FALSE,n.s.
Q07417,Acads,0.600989308963434,0.42615092398726506,0.9998429551679517,0.18997197552073028,0.8119594326864215,0.9998479593710528,FALSE,FALSE,n.s.
Q91VB2,Camk1g,0.12705431025250513,0.780839404435901,0.9998429551679517,-0.28276684590619755,0.4573044000716962,0.9998479593710528,FALSE,FALSE,n.s.
E9Q8N8,Slc4a4,0.23570367257130798,0.6868998941436631,0.9998429551679517,0.38618265560729853,0.5513148814222624,0.9998479593710528,FALSE,FALSE,n.s.
P08752,Gnai2,-0.13252899974679405,0.8744740032356325,0.9998429551679517,0.8427731830215454,0.36470940275526886,0.9998479593710528,FALSE,FALSE,n.s.
Q3U0V1,Khsrp,0.20302378774016325,0.7247964247170666,0.9998429551679517,-0.4499713711286191,0.5152525801810344,0.9998479593710528,FALSE,FALSE,n.s.
P26231,Ctnna1,-0.25531771037898254,0.5604485261804877,0.9998429551679517,0.1659157872724521,0.6802263593126403,0.9998479593710528,FALSE,FALSE,n.s.
Q91WG7,Dgkg,0.3576422551178773,0.4617761196541552,0.9998429551679517,-0.264047658590733,0.7790246573247223,0.9998479593710528,FALSE,FALSE,n.s.
Q8R3P6,Ints14,-7.203977251574773e-4,0.9987555470790621,0.9998429551679517,-0.9758642547698929,0.24230845333687404,0.9998479593710528,FALSE,FALSE,n.s.
P61922,Abat,-0.26680705867188165,0.7151647265413317,0.9998429551679517,0.48117036889134607,0.525949388375851,0.9998479593710528,FALSE,FALSE,n.s.
O08601,Mttp,-0.16173777845464563,0.8526166884439608,0.9998429551679517,0.34807873202206163,0.38861653270047575,0.9998479593710528,FALSE,FALSE,n.s.
Q71RI9,Kyat3,-0.1080192251640847,0.791662115795446,0.9998429551679517,0.32209058051093803,0.4500321551106644,0.9998479593710528,FALSE,FALSE,n.s.
Q3TDK6,Rogdi,0.03915559644510109,0.9638774516502515,0.9998429551679517,-1.0337935550891073,0.2778722596568914,0.9998479593710528,FALSE,FALSE,n.s.
Q9QZF2,Gpc1,0.1778742670500403,0.7995859458621764,0.9998429551679517,0.7432314872128656,0.442374216314246,0.9998479593710528,FALSE,FALSE,n.s.
Q811Q9,Pcyt1b,-0.7128184327183118,0.34934786422032194,0.9998429551679517,-0.0838719196302404,0.892771590884938,0.9998479593710528,FALSE,FALSE,n.s.
Q9D7I5,Lhpp,-0.28208460063576346,0.642277833609297,0.9998429551679517,-0.3789462912780164,0.6003092380530464,0.9998479593710528,FALSE,FALSE,n.s.
Q3TXX4,Slc17a7,-0.7989731913693462,0.5868768804553661,0.9998429551679517,-0.5217012459386478,0.6557119646252876,0.9998479593710528,FALSE,FALSE,n.s.
B2RRE2,Myo18a,-0.13681827120800233,0.6165188296046389,0.9998429551679517,0.1320644492330473,0.6261723710754854,0.9998479593710528,FALSE,FALSE,n.s.
Q91WG5,Prkag2,-0.009891383601055024,0.9862477650275756,0.9998429551679517,0.5567209596619497,0.2564682360837485,0.9998479593710528,FALSE,FALSE,n.s.
Q8BLU0,Flrt2,0.07163430753424074,0.835319659197032,0.9998429551679517,-0.49237607097232,0.40755094090271105,0.9998479593710528,FALSE,FALSE,n.s.
Q91V64,Isoc1,0.09271090736736161,0.9123658129826558,0.9998429551679517,0.7557046789536317,0.33059411634446445,0.9998479593710528,FALSE,FALSE,n.s.
Q03517,Scg2,0.6798190335439984,0.27077195115350366,0.9998429551679517,-0.017401886385436355,0.9721979401745415,0.9998479593710528,FALSE,FALSE,n.s.
Q9CYN2,Spcs2,-0.6715416253392681,0.3848203259881777,0.9998429551679517,0.09574992202663803,0.8586195895331347,0.9998479593710528,FALSE,FALSE,n.s.
Q91XD7,Creld1,0.027843644092527882,0.969253770618506,0.9998429551679517,0.8046977885639225,0.274305838100909,0.9998479593710528,FALSE,FALSE,n.s.
Q8CFQ3,Aqr,-0.5388185803847598,0.2531006335147158,0.9998429551679517,-0.0040880913387344574,0.9909882346007661,0.9998479593710528,FALSE,FALSE,n.s.
Q9ET26,Rnf114,-0.16654171941073717,0.8164537704639694,0.9998429551679517,-0.46975788186511214,0.4276406922566661,0.9998479593710528,FALSE,FALSE,n.s.
Q921S7,Mrpl37,-0.35221812495618604,0.3655515815050904,0.9998429551679517,-0.06805922202226593,0.8787096157506542,0.9998479593710528,FALSE,FALSE,n.s.
F8VPP8,Zc3h7b,-0.26105469264221953,0.5170380629631117,0.9998429551679517,-0.15807462572040856,0.727247620234917,0.9998479593710528,FALSE,FALSE,n.s.
P70202,Lxn,0.2585966140281079,0.8205605766930675,0.9998429551679517,1.0551306869400752,0.4237858490194456,0.9998479593710528,FALSE,FALSE,n.s.
P12960,Cntn1,0.18646291279187047,0.7272687660921047,0.9998429551679517,0.3151867501329029,0.5171801928625077,0.9998479593710528,FALSE,FALSE,n.s.
P56480,Atp5f1b,-0.8336319554950142,0.4873208868887664,0.9998429551679517,0.3675451446761012,0.7571629692463768,0.9998479593710528,FALSE,FALSE,n.s.
Q9EQZ6,Rapgef4,0.17625943714771986,0.6328715887757935,0.9998429551679517,0.18029430482229758,0.6129438657464139,0.9998479593710528,FALSE,FALSE,n.s.
Q8BMP6,Acbd3,-0.2495013257934982,0.7270813502931681,0.9998429551679517,0.5374739347704409,0.5192746509479141,0.9998479593710528,FALSE,FALSE,n.s.
Q6PAK3,Prmt8,-0.028056288184615828,0.9587245800144003,0.9998429551679517,0.493598321398752,0.2882112267493882,0.9998479593710528,FALSE,FALSE,n.s.
Q811U4,Mfn1,0.21720206360159505,0.7272235502240108,0.9998429551679517,0.2222885844332015,0.5200196002402454,0.9998479593710528,FALSE,FALSE,n.s.
Q8K019,Bclaf1,0.08439362882526708,0.8097496715134916,0.9998429551679517,0.2310609197558322,0.43756862077518666,0.9998479593710528,FALSE,FALSE,n.s.
A0A0R4IZX2,Nherf2,-0.16119966281924936,0.7836570912360181,0.9998429551679517,-0.49655123419201236,0.4638369753196372,0.9998479593710528,FALSE,FALSE,n.s.
Q5SYH9,Nf1,-0.7540155025004016,0.2862654469373093,0.9998429551679517,-0.04411967018606938,0.9617748498015782,0.9998479593710528,FALSE,FALSE,n.s.
E9QN31,Nop2,-0.1901875130174411,0.5837360801340215,0.9998429551679517,0.21867043610318126,0.6643087073609162,0.9998479593710528,FALSE,FALSE,n.s.
Q9QXY9,Pex3,-0.23877904665751987,0.7541712163329085,0.9998429551679517,0.5003190214821255,0.4940989170710077,0.9998479593710528,FALSE,FALSE,n.s.
O88502,Pde8a,0.31056598501893773,0.49175186587900166,0.9998429551679517,0.11493512998700693,0.7566448875650833,0.9998479593710528,FALSE,FALSE,n.s.
Q9CR68,Uqcrfs1,-0.058325957030269944,0.9509571863066972,0.9998429551679517,0.9377668764208039,0.29807802741608114,0.9998479593710528,FALSE,FALSE,n.s.
Q91VK4,Itm2c,-0.7582424099961453,0.4708024695449018,0.9998429551679517,-0.30298914790955994,0.7785677353876379,0.9998479593710528,FALSE,FALSE,n.s.
Q3UVX5,Grm5,-0.017555475454905576,0.9672353343717115,0.9998429551679517,0.33231830096044473,0.2821383095503945,0.9998479593710528,FALSE,FALSE,n.s.
Q9CQD1,Rab5a,0.05023100990599718,0.9759256216526078,0.9998429551679517,1.808442166048214,0.27351776544279993,0.9998479593710528,FALSE,FALSE,n.s.
Q8VHG2,Amot,0.11367282610334475,0.8454285305101072,0.9998429551679517,0.41241321574369083,0.40424862746187473,0.9998479593710528,FALSE,FALSE,n.s.
Q9JJR9,Nrip3,0.10140715511945125,0.8823391114436202,0.9998429551679517,0.8619145554988318,0.36769715213815757,0.9998479593710528,FALSE,FALSE,n.s.
P53395,Dbt,-0.07443682656005383,0.8967708257926769,0.9998429551679517,0.579487174469969,0.35337571608773377,0.9998479593710528,FALSE,FALSE,n.s.
Q5F2E8,Taok1,0.09856098155610904,0.824847653667429,0.9998429551679517,0.30519775265109017,0.4253692127424227,0.9998479593710528,FALSE,FALSE,n.s.
P57716,Ncstn,-0.3583730584397851,0.7415311391035082,0.9998429551679517,1.2084620181220465,0.5087148057853632,0.9998479593710528,FALSE,FALSE,n.s.
Q3TIX9,Usp39,-0.48701979363706643,0.3911704066171664,0.9998429551679517,-0.07936425096472727,0.8591252434186956,0.9998479593710528,FALSE,FALSE,n.s.
P10922,H1-0,-0.6455021977922184,0.5329967775423816,0.9998429551679517,0.43809208884553535,0.7175561368938563,0.9998479593710528,FALSE,FALSE,n.s.
Q9Z2E1,Mbd2,0.1979161612573662,0.8757708702337654,0.9998429551679517,-0.8260373548470813,0.37515653044534786,0.9998479593710528,FALSE,FALSE,n.s.
O35454,Clcn6,0.29611593268901665,0.5268969194181217,0.9998429551679517,-0.20699771470851158,0.7240482091304834,0.9998479593710528,FALSE,FALSE,n.s.
Q6ZQI3,Mlec,0.4527170663341507,0.6765666362805628,0.9998429551679517,0.4064996850375363,0.5747173742299683,0.9998479593710528,FALSE,FALSE,n.s.
Q8VEH8,Erlec1,-0.14837543704568937,0.7564116600091895,0.9998429551679517,0.3931404494002805,0.49582450707240544,0.9998479593710528,FALSE,FALSE,n.s.
P62849,Rps24,0.6788904696507307,0.7464729248909847,0.9998429551679517,0.9128170284509728,0.5059535965077794,0.9998479593710528,FALSE,FALSE,n.s.
O35215,Ddt,-0.9823012506876616,0.4665592407892144,0.9998429551679517,-0.4075969130585554,0.7861504868865208,0.9998479593710528,FALSE,FALSE,n.s.
Q6P5D3,Dhx57,0.05908585386385903,0.8932005421735136,0.9998429551679517,0.330812355034829,0.3597260365784063,0.9998479593710528,FALSE,FALSE,n.s.
Q8BMF3,Me3,0.20225710077391026,0.7371166339396769,0.9998429551679517,0.3821968448991434,0.5160862554597203,0.9998479593710528,FALSE,FALSE,n.s.
Q923X4,Glrx2,-0.7914765322425764,0.3205796309180211,0.9998429551679517,-0.09323175830131526,0.9326354844741143,0.9998479593710528,FALSE,FALSE,n.s.
Q9JI46,Nudt3,-0.4205538411674238,0.7581584699733595,0.9998429551679517,-1.0329780395700874,0.49506583102829915,0.9998479593710528,FALSE,FALSE,n.s.
P14231,Atp1b2,0.7944431250812594,0.3911068510944937,0.9998429551679517,-0.18782537635532298,0.8622136264918537,0.9998479593710528,FALSE,FALSE,n.s.
Q80V26,Bpnt2,0.016963121325897536,0.971622498755178,0.9998429551679517,-0.6788892513204955,0.28181549964716973,0.9998479593710528,FALSE,FALSE,n.s.
Q66L47,Gnal,-0.2042725976255932,0.7667102617505228,0.9998429551679517,0.572458451767633,0.4870016468346209,0.9998479593710528,FALSE,FALSE,n.s.
Q8BFY6,Pef1,-0.9376409585972111,0.6159625115700411,0.9998429551679517,0.8388202986024036,0.6380375215673675,0.9998479593710528,FALSE,FALSE,n.s.
P29533,Vcam1,-0.2807213685345081,0.50704417804077,0.9998429551679517,0.11214544519649325,0.7470191664029813,0.9998479593710528,FALSE,FALSE,n.s.
Q9CR09,Ufc1,-0.7086895577196448,0.604040118925776,0.9998429551679517,-0.5225433725008375,0.6500412706842327,0.9998479593710528,FALSE,FALSE,n.s.
Q80W21,Gstm7,-0.27701822983568836,0.6426326854386171,0.9998429551679517,-0.3551640540641437,0.6115615811393118,0.9998479593710528,FALSE,FALSE,n.s.
O70433,Fhl2,-0.06597049514388899,0.8956259314552444,0.9998429551679517,-0.3649922622259849,0.3591618462115864,0.9998479593710528,FALSE,FALSE,n.s.
Q9WTP6,Ak2,0.14618723519189084,0.8430997217751621,0.9998429551679517,-0.5283551877983912,0.4117859627203001,0.9998479593710528,FALSE,FALSE,n.s.
P68037,Ube2l3,-0.17649912911600646,0.8468442910287166,0.9998429551679517,0.7440630845154069,0.4081062580005589,0.9998479593710528,FALSE,FALSE,n.s.
Q9DBR4,Apbb2,0.7207409555230728,0.4378563414557029,0.9998429551679517,0.1569041856863987,0.8171759271692274,0.9998479593710528,FALSE,FALSE,n.s.
B2RQG2,Phf3,-0.028015544512056022,0.95496205713761,0.9998429551679517,-0.7944967855511207,0.3003862443297317,0.9998479593710528,FALSE,FALSE,n.s.
E9Q9D5,Rabl2,-0.6648220924535001,0.6616577145402205,0.9998429551679517,-0.3919752772242471,0.5938382363251081,0.9998479593710528,FALSE,FALSE,n.s.
O55033,Nck2,0.052200703300085326,0.9265548481970594,0.9998429551679517,-0.5829276788756335,0.3292525880468372,0.9998479593710528,FALSE,FALSE,n.s.
Q8BSY0,Asph,0.33503129986710795,0.6663464120311613,0.9998429551679517,-0.37020633620830207,0.589544461731287,0.9998479593710528,FALSE,FALSE,n.s.
Q3TVI8,Pbxip1,-0.5529341774509834,0.5088406395873939,0.9998429551679517,-0.2182795414155017,0.7470589901531195,0.9998479593710528,FALSE,FALSE,n.s.
Q8CFE4,Scyl2,-0.03796410215768862,0.9241968594753913,0.9998429551679517,0.5141230784535832,0.3317993054631303,0.9998479593710528,FALSE,FALSE,n.s.
P62254,Ube2g1,-0.2988049352471038,0.7289386053718896,0.9998429551679517,0.4015377776835685,0.5273719078083521,0.9998479593710528,FALSE,FALSE,n.s.
Q8JZS0,Lin7a,1.276999253258477,0.3912345993262676,0.9998429551679517,-0.22475318035955952,0.8651243488886393,0.9998479593710528,FALSE,FALSE,n.s.
Q91VC7,Ppp1r14a,1.3470364704300397,0.551971466925916,0.9998429551679517,0.8465952736606005,0.7048260742226689,0.9998479593710528,FALSE,FALSE,n.s.
A0A991EQV1,Rptor,-0.4898091334687073,0.39674169232407286,0.9998429551679517,0.08239695475465841,0.8603190051471348,0.9998479593710528,FALSE,FALSE,n.s.
Q9CY66,Gar1,0.5574064524806912,0.43928266959694484,0.9998429551679517,0.2181661974390878,0.8178583467604565,0.9998479593710528,FALSE,FALSE,n.s.
Q3UE37,Ube2z,0.08875836831436597,0.8780960622192557,0.9998429551679517,0.5092351223816445,0.3800177231823969,0.9998479593710528,FALSE,FALSE,n.s.
P70349,Hint1,0.8586726078133672,0.4865006619120741,0.9998429551679517,-0.3885153186406485,0.7716680506100575,0.9998479593710528,FALSE,FALSE,n.s.
Q9JKC8,Ap3m1,0.48537773712068516,0.5234255483138202,0.9998429551679517,0.23169090220488234,0.7351008858196992,0.9998479593710528,FALSE,FALSE,n.s.
P30275,Ckmt1,0.6198147956630977,0.6092039147053984,0.9998429551679517,-0.5397705876723481,0.6493694763411034,0.9998479593710528,FALSE,FALSE,n.s.
Q9DCB8,Isca2,1.316013723610154,0.4371105800277249,0.9998429551679517,-0.42299133472862555,0.8214866482443768,0.9998479593710528,FALSE,FALSE,n.s.
Q61624,Znf148,-0.24905391008297548,0.6735691093168821,0.9998429551679517,0.4429915789490595,0.5855911049831575,0.9998479593710528,FALSE,FALSE,n.s.
Q6PD24,Ankrd13d,0.6196141854170167,0.4205749227352771,0.9998429551679517,-0.1651566925493327,0.8392706235551999,0.9998479593710528,FALSE,FALSE,n.s.
Q8BFS6,Cpped1,-0.009012340388508087,0.987683643448807,0.9998429551679517,0.7040931567584746,0.2722041281174938,0.9998479593710528,FALSE,FALSE,n.s.
P60867,Rps20,-1.378244977093411,0.571019053694161,0.9998429551679517,-1.0335030954029658,0.689378785714954,0.9998479593710528,FALSE,FALSE,n.s.
P03911,Mtnd4,0.9501846794158519,0.5176223879116011,0.9998429551679517,0.3387001083751745,0.7431646714269793,0.9998479593710528,FALSE,FALSE,n.s.
Q9D6G9,Cmtm5,-1.7851250894503663,0.43799484445070963,0.9998429551679517,0.3362929755852475,0.8228222069344896,0.9998479593710528,FALSE,FALSE,n.s.
G3FEZ6,Brsk2,-0.31588270615165376,0.49314386407809285,0.9998429551679517,-0.11110715743980998,0.7677535839796182,0.9998479593710528,FALSE,FALSE,n.s.
Q9DC50,Crot,-0.0048300736705998186,0.9930023547316186,0.9998429551679517,0.5196639834108165,0.2679140165245705,0.9998479593710528,FALSE,FALSE,n.s.
Q922V4,Plrg1,-0.4250789034598623,0.4974420200183757,0.9998429551679517,-0.20216230214090872,0.7635226936877048,0.9998479593710528,FALSE,FALSE,n.s.
Q9D4I9,Rab23,0.5083745421690988,0.44575004232203563,0.9998429551679517,0.14958554493004234,0.8152743309861866,0.9998479593710528,FALSE,FALSE,n.s.
Q61161,Map4k2,0.14428969275162598,0.787955264513829,0.9998429551679517,0.5172455139461839,0.4731851167080111,0.9998479593710528,FALSE,FALSE,n.s.
Q9ER41,Tor1b,0.23801215150546715,0.7078205424847592,0.9998429551679517,0.4700698215673314,0.5534277708821095,0.9998479593710528,FALSE,FALSE,n.s.
Q9ER73,Elp4,0.10929998718618465,0.7306546961529629,0.9998429551679517,0.2577432592820855,0.53080927425028,0.9998479593710528,FALSE,FALSE,n.s.
A2RSJ4,Bltp3b,0.3598364999977132,0.3243252024070936,0.9998429551679517,0.03086666875449147,0.9371950833807814,0.9998479593710528,FALSE,FALSE,n.s.
P40237,Cd82,0.15313191796892392,0.9216127398833805,0.9998429551679517,-1.1681325978349917,0.33992439094382093,0.9998479593710528,FALSE,FALSE,n.s.
P19536,Cox5b,0.14683521396980043,0.9284970634092244,0.9998429551679517,-1.5805117877181134,0.3331200411176317,0.9998479593710528,FALSE,FALSE,n.s.
Q8C2Q3,Rbm14,0.490782328956338,0.38333473705434584,0.9998429551679517,0.07693460020047606,0.8783664188700331,0.9998479593710528,FALSE,FALSE,n.s.
P29341,Pabpc1,-0.31759846816278214,0.6577167567418789,0.9998429551679517,-0.3578205947212542,0.6040732998748451,0.9998479593710528,FALSE,FALSE,n.s.
Q9JIG4,Ppp1r3f,-0.48305718931976116,0.5182335449943403,0.9998429551679517,-0.3586947703735129,0.7435975731377105,0.9998479593710528,FALSE,FALSE,n.s.
P51855,Gss,-0.69661601134208,0.33132634543558337,0.9998429551679517,-0.04922596162434345,0.9307982773796937,0.9998479593710528,FALSE,FALSE,n.s.
Q6ZPJ0,Tex2,0.28388519468874374,0.4611460916858764,0.9998429551679517,0.07984104320121657,0.8010425333112614,0.9998479593710528,FALSE,FALSE,n.s.
Q61136,Prp4k,-0.2540349660170379,0.5284581268297814,0.9998429551679517,0.17938452556938322,0.7340731615192125,0.9998479593710528,FALSE,FALSE,n.s.
Q99PJ0,Ntm,0.7724138440564968,0.48875450371235873,0.9998429551679517,-0.24060109512798503,0.7737832464658974,0.9998479593710528,FALSE,FALSE,n.s.
Q8VDQ1,Ptgr2,-0.19165730678848963,0.8397295077154664,0.9998429551679517,0.7580106842787553,0.42281438366905855,0.9998479593710528,FALSE,FALSE,n.s.
Q9Z315,Sart1,0.13377711592600466,0.7815057255591614,0.9998429551679517,-0.2724733959499113,0.4810975394761261,0.9998479593710528,FALSE,FALSE,n.s.
Q9Z1L5,Cacna2d3,0.17051418115192796,0.7009295402247102,0.9998429551679517,0.21484702038928288,0.5620180953876355,0.9998479593710528,FALSE,FALSE,n.s.
Q9Z0H8,Clip2,-0.032578040844212834,0.9087214139411846,0.9998429551679517,-0.24268967173011177,0.3546270093582715,0.9998479593710528,FALSE,FALSE,n.s.
F8VPZ3,Usp32,-0.017541391760105055,0.9719721718974903,0.9998429551679517,-0.5805682598959402,0.29143356345820265,0.9998479593710528,FALSE,FALSE,n.s.
P63040,Cplx1,0.3744196615797953,0.8077793988870852,0.9998429551679517,1.2109844610478533,0.4557036517772115,0.9998479593710528,FALSE,FALSE,n.s.
Q63850,Nup62,0.15716123408641336,0.8040319895343213,0.9998429551679517,0.42295844486336037,0.4600315455439221,0.9998479593710528,FALSE,FALSE,n.s.
Q8BFZ9,Erlin2,0.3083831159839044,0.5725215765954614,0.9998429551679517,0.21871375793397915,0.6924806788825981,0.9998479593710528,FALSE,FALSE,n.s.
Q9DBL1,Acadsb,-0.1809393259710723,0.7500031509071267,0.9998429551679517,0.35718277923217523,0.5151296012339208,0.9998479593710528,FALSE,FALSE,n.s.
Q9CQF9,Pcyox1,-0.4419690429039728,0.5810666240094479,0.9998429551679517,0.2968668650886469,0.6845068035108036,0.9998479593710528,FALSE,FALSE,n.s.
Q5U458,Dnajc11,0.9011649850072688,0.2744217684212521,0.9998429551679517,0.00868540353017442,0.991294892236511,0.9998479593710528,FALSE,FALSE,n.s.
P70206,Plxna1,0.3321330042233847,0.4234916004935251,0.9998429551679517,0.06670011238494195,0.8427013289888844,0.9998479593710528,FALSE,FALSE,n.s.
A2AR02,Ppig,0.639147302304319,0.5083225376940759,0.9998429551679517,-0.322168193761059,0.7581542054554398,0.9998479593710528,FALSE,FALSE,n.s.
Q9WV18,Gabbr1,-0.008983549876259938,0.9841849433685026,0.9998429551679517,0.50116710739229,0.2826869719366294,0.9998479593710528,FALSE,FALSE,n.s.
Q7TQD2,Tppp,-0.8575970053041443,0.41659527076869074,0.9998429551679517,0.237512430383627,0.8506355437951386,0.9998479593710528,FALSE,FALSE,n.s.
Q9JM14,Nt5c,-1.1118371814880912,0.4231267247152619,0.9998429551679517,0.2832244965237213,0.8442642064026024,0.9998479593710528,FALSE,FALSE,n.s.
A2VDF5,Gria3,0.5374837816674515,0.39731233750569706,0.9998429551679517,-0.12370542518003526,0.8704813208124307,0.9998479593710528,FALSE,FALSE,n.s.
Q62383,Supt6h,-0.14766495324471862,0.6638868666805291,0.9998429551679517,-0.16943177455153358,0.6040092494375877,0.9998479593710528,FALSE,FALSE,n.s.
Q9QUI0,Rhoa,-0.2799796294473262,0.7863861320380342,0.9998429551679517,0.8171443669643784,0.48160668922523264,0.9998479593710528,FALSE,FALSE,n.s.
P63321,Rala,1.223335010092108,0.2831282970718659,0.9998429551679517,0.01749818956726068,0.9849352075005602,0.9998479593710528,FALSE,FALSE,n.s.
P38585,Ttl,0.2534254546737358,0.7216182403370889,0.9998429551679517,-0.5209945715739143,0.5465051015565046,0.9998479593710528,FALSE,FALSE,n.s.
Q00558,F8a1,0.025215831521677202,0.9604279973417227,0.9998429551679517,-0.22209682063086608,0.3077129811009219,0.9998479593710528,FALSE,FALSE,n.s.
Q7TNF0,Doc2a,0.036938146252459086,0.9509375375582207,0.9998429551679517,0.8064189690802631,0.3177170355234337,0.9998479593710528,FALSE,FALSE,n.s.
Q8VCC9,Spon1,-0.48409195973725366,0.31673998927406444,0.9998429551679517,0.028945761382375916,0.9519946621343727,0.9998479593710528,FALSE,FALSE,n.s.
Q9D0T1,Snu13,0.27786763652659546,0.8189922329492957,0.9998429551679517,0.8987455945332602,0.4501020475703543,0.9998479593710528,FALSE,FALSE,n.s.
Q8BHG2,Czib,0.7317146682374494,0.5083097882408585,0.9998429551679517,-0.3677250178179487,0.761226258976224,0.9998479593710528,FALSE,FALSE,n.s.
G3X9N3,Pnma8b,-0.317707285969813,0.6215407193777354,0.9998429551679517,-0.2968727974026954,0.6481336503657815,0.9998479593710528,FALSE,FALSE,n.s.
Q80U57,Rims3,-0.3154809254182786,0.7293785882734768,0.9998429551679517,-0.603516009389537,0.5404581009885191,0.9998479593710528,FALSE,FALSE,n.s.
Q3U1F9,Pag1,-0.46543419330125757,0.27845137325228725,0.9998429551679517,-0.008628935424897769,0.991493599327593,0.9998479593710528,FALSE,FALSE,n.s.
D3Z0V7,Tsc22d1,0.5241395700430579,0.6058018459693628,0.9998429551679517,0.27083950881530705,0.6642594945600968,0.9998479593710528,FALSE,FALSE,n.s.
Q3TMP1,Gtf3c3,0.49591851551339006,0.5214268741532201,0.9998429551679517,0.26982758603864904,0.749255017980679,0.9998479593710528,FALSE,FALSE,n.s.
Q8BGS1,Epb41l5,-0.2544671698783343,0.7277992706425174,0.9998429551679517,0.17867399952749835,0.5429849763595198,0.9998479593710528,FALSE,FALSE,n.s.
Q05AA6,Drp2,0.44720714001718553,0.33823184104740256,0.9998429551679517,-0.03947844191362203,0.9325878331288989,0.9998479593710528,FALSE,FALSE,n.s.
P61971,Nutf2,0.018753185463087324,0.9927150992033145,0.9998429551679517,2.425964762318855,0.27824672193709793,0.9998479593710528,FALSE,FALSE,n.s.
Q9D8W7,Ociad2,-0.4491789564648589,0.671895014928027,0.9998429551679517,-0.19929527044749853,0.5991014771754736,0.9998479593710528,FALSE,FALSE,n.s.
P60843,Eif4a1,-0.9338585453105862,0.3104991782939468,0.9998429551679517,-0.036718162799174836,0.9605647250245517,0.9998479593710528,FALSE,FALSE,n.s.
Q6NS52,Dgkb,-0.07074838134637494,0.882972834252755,0.9998429551679517,0.4040363848175076,0.388160998183786,0.9998479593710528,FALSE,FALSE,n.s.
A0A1D5RM83,Iqsec1,0.07717015222023788,0.8826426287648084,0.9998429551679517,0.42274312328971286,0.38868653589228275,0.9998479593710528,FALSE,FALSE,n.s.
Q99LE6,Abcf2,0.36668869787099717,0.49668479954608946,0.9998429551679517,0.13795179355891266,0.7746749300979061,0.9998479593710528,FALSE,FALSE,n.s.
Q8BZR9,Ncbp3,-0.560676614880077,0.536429704508322,0.9998429551679517,0.21219088634851713,0.7350619921992423,0.9998479593710528,FALSE,FALSE,n.s.
Q8R1N4,Nudcd3,-0.21712507781681006,0.7341302647499761,0.9998429551679517,-0.36503116688647574,0.5376179987162034,0.9998479593710528,FALSE,FALSE,n.s.
Q9JJZ2,Tuba8,-0.33469230321269433,0.7808639064222707,0.9998429551679517,-0.6988040826494251,0.49107237415196314,0.9998479593710528,FALSE,FALSE,n.s.
Q6PHU5,Sort1,-0.24092750535678623,0.7381242348957351,0.9998429551679517,-0.3568901206645284,0.533954430678086,0.9998479593710528,FALSE,FALSE,n.s.
Q8JZM7,Cdc73,-0.14605969332992716,0.8394965740051744,0.9998429551679517,-0.45905376370273293,0.4326738531837684,0.9998479593710528,FALSE,FALSE,n.s.
Q61290,Cacna1e,0.7426601527409532,0.3952540231722381,0.9998429551679517,-0.05189948748782242,0.8770945710714708,0.9998479593710528,FALSE,FALSE,n.s.
Q3TYD6,Lmtk2,0.12914563829410108,0.7060869897204665,0.9998429551679517,-0.2542691346060872,0.5662768674412857,0.9998479593710528,FALSE,FALSE,n.s.
Q9WTS6,Tenm3,0.2765857240750574,0.5202946927807961,0.9998429551679517,-0.2030171501706342,0.7521173943029965,0.9998479593710528,FALSE,FALSE,n.s.
E9QNN1,Dhx9,0.14683320086325774,0.7884553371775602,0.9998429551679517,-0.3666969880590233,0.48419346011296616,0.9998479593710528,FALSE,FALSE,n.s.
Q8VEE4,Rpa1,0.13027123363903256,0.8180603104923774,0.9998429551679517,0.3685116893784188,0.454593355515336,0.9998479593710528,FALSE,FALSE,n.s.
P21614,Gc,0.056003076926282966,0.9095822007198957,0.9998429551679517,0.5720037408690196,0.36323317317092174,0.9998479593710528,FALSE,FALSE,n.s.
A0A0R4J0T0,Hscb,-0.6022207121359336,0.4555765364306934,0.9998429551679517,-0.12033618813036426,0.8172859011077246,0.9998479593710528,FALSE,FALSE,n.s.
Q8BPM0,Daam1,-0.11592436440008735,0.6755864205092807,0.9998429551679517,0.15843573547193548,0.597495566764363,0.9998479593710528,FALSE,FALSE,n.s.
Q3TBW2,Mrpl10,0.21173063443592985,0.7844092148688742,0.9998429551679517,0.5872536108869241,0.4889239369744163,0.9998479593710528,FALSE,FALSE,n.s.
Q99MU3,Adar,-0.13510514910652374,0.704733740619448,0.9998429551679517,0.17967990479976081,0.568772861124595,0.9998479593710528,FALSE,FALSE,n.s.
Q8K4X7,Agpat4,0.3799152913592852,0.38916783998116256,0.9998429551679517,0.07947691331318965,0.8843765204380908,0.9998479593710528,FALSE,FALSE,n.s.
P50171,Hsd17b8,0.5589033979676279,0.6261096369945129,0.9998429551679517,0.4558738073556753,0.6474370245041119,0.9998479593710528,FALSE,FALSE,n.s.
P30416,Fkbp4,0.037362514468076743,0.9224368299661525,0.9998429551679517,-0.42611314819799306,0.3512203806443649,0.9998479593710528,FALSE,FALSE,n.s.
Q5DTM8,Rnf20,-0.3341654818540216,0.2749150603943203,0.9998429551679517,-7.161589160502913e-4,0.9990313552766961,0.9998479593710528,FALSE,FALSE,n.s.
B1AX58,Pls3,-0.05907669249086825,0.8823584380517795,0.9998429551679517,0.39442145907459814,0.3916126642631925,0.9998479593710528,FALSE,FALSE,n.s.
Q9DCJ9,Npl,0.31708988793985565,0.5599445440881903,0.9998429551679517,0.2413497585623346,0.7140533958700073,0.9998479593710528,FALSE,FALSE,n.s.
P97364,Sephs2,0.676466047077194,0.32232691856711965,0.9998429551679517,0.0341723462049194,0.9520779797844423,0.9998479593710528,FALSE,FALSE,n.s.
Q8BXL9,Iffo1,0.4091190508287056,0.4798227612803827,0.9998429551679517,-0.13531937619272383,0.7946514068713268,0.9998479593710528,FALSE,FALSE,n.s.
P18826,Phka1,-0.14573062256053068,0.6571827397032031,0.9998429551679517,0.16529199666675556,0.6177501678503639,0.9998479593710528,FALSE,FALSE,n.s.
P09671,Sod2,-0.5470998643107379,0.5348461592719254,0.9998429551679517,-0.3790365920726091,0.7401298219493395,0.9998479593710528,FALSE,FALSE,n.s.
Q8QZY1,Eif3l,0.22409867034955294,0.6398202712438599,0.9998429551679517,0.2418322731284398,0.6353078889531218,0.9998479593710528,FALSE,FALSE,n.s.
P70677,Casp3,0.1654465075746903,0.825020574544794,0.9998429551679517,0.43799341143920434,0.45012743489028395,0.9998479593710528,FALSE,FALSE,n.s.
Q8BK08,Tmem11,1.3499303841903427,0.3060126960870797,0.9998429551679517,-0.036810913667257805,0.9692234975498619,0.9998479593710528,FALSE,FALSE,n.s.
Q8BP27,Sfr1,-0.5893189183974004,0.4003547373931692,0.9998429551679517,-0.0784985140184124,0.8749104106907557,0.9998479593710528,FALSE,FALSE,n.s.
G5E884,Pak1,-0.4720886759775457,0.3896257696362677,0.9998429551679517,0.07448092383944584,0.8858333692017519,0.9998479593710528,FALSE,FALSE,n.s.
Q99K46,Usp11,0.320908269159552,0.5846917680649439,0.9998429551679517,-0.25005932779697654,0.6908013082420941,0.9998479593710528,FALSE,FALSE,n.s.
A0A0R4IZY0,Thop1,-0.11782221765031774,0.836848342649481,0.9998429551679517,-0.4258395681911126,0.43871167387084653,0.9998479593710528,FALSE,FALSE,n.s.
P12382,Pfkl,-0.606506473241374,0.3452225629717455,0.9998429551679517,-0.04476841715213707,0.9309135045950525,0.9998479593710528,FALSE,FALSE,n.s.
P55772,Entpd1,-0.08107155533564592,0.849009937350075,0.9998429551679517,-0.3462970064726862,0.4271890122734754,0.9998479593710528,FALSE,FALSE,n.s.
Q6PGF7,Exoc8,-0.3560456340160199,0.4183136315268099,0.9998429551679517,-0.07657121209243031,0.8580694653818657,0.9998479593710528,FALSE,FALSE,n.s.
O55234,Psmb5,-0.26597176174996817,0.7574398527158609,0.9998429551679517,0.6108138345784464,0.5193732536816518,0.9998479593710528,FALSE,FALSE,n.s.
Q3V0G7,Garnl3,-0.48276488496270376,0.4265982997367008,0.9998429551679517,-0.07180987974476077,0.8506384108191578,0.9998479593710528,FALSE,FALSE,n.s.
Q8BJ03,Cox15,-0.16827274427900843,0.8522248657870282,0.9998429551679517,0.6346568624653045,0.42513574844487156,0.9998479593710528,FALSE,FALSE,n.s.
Q78IK2,Atp5mk,-1.2955945105922468,0.39245568756371557,0.9998429551679517,-0.40901761199423053,0.8850075489320762,0.9998479593710528,FALSE,FALSE,n.s.
Q9Z2H2,Rgs6,0.39557683892265133,0.5729539694032757,0.9998429551679517,0.2311671980796782,0.7045968826726509,0.9998479593710528,FALSE,FALSE,n.s.
P23591,Gfus,0.11682514561977765,0.8655062232793496,0.9998429551679517,0.6896599542137961,0.4126176192139128,0.9998479593710528,FALSE,FALSE,n.s.
Q8BZM1,Glmn,-0.041899504775537506,0.9067831423261916,0.9998429551679517,0.30189825948271204,0.3715300553697529,0.9998479593710528,FALSE,FALSE,n.s.
Q9R1C7,Prpf40a,-0.25324854163567545,0.6269244009105925,0.9998429551679517,-0.24718734224508468,0.6516547585239547,0.9998479593710528,FALSE,FALSE,n.s.
P29416,Hexa,-0.6887398352483418,0.5073618810620476,0.9998429551679517,-0.15585541122106028,0.7716414030728724,0.9998479593710528,FALSE,FALSE,n.s.
P80316,Cct5,0.21821579441715647,0.6611351468259193,0.9998429551679517,0.24110257366065194,0.6181750885263524,0.9998479593710528,FALSE,FALSE,n.s.
P19253,Rpl13a,0.3770377629388103,0.6415540143013883,0.9998429551679517,0.4654479690497282,0.6385262260443973,0.9998479593710528,FALSE,FALSE,n.s.
Q8R5L1,C1qbp,0.698557495934589,0.5187426984046326,0.9998429551679517,0.4072522936775514,0.761413367586564,0.9998479593710528,FALSE,FALSE,n.s.
Q2KN98,Specc1l,0.10709661689432272,0.7772762594392713,0.9998429551679517,-0.24994288717845314,0.5033670349928668,0.9998479593710528,FALSE,FALSE,n.s.
P63141,Kcna2,-0.33826733738984993,0.7218308520999372,0.9998429551679517,0.4719154636054434,0.5593855994386182,0.9998479593710528,FALSE,FALSE,n.s.
Q8BHN0,Ppm1l,-0.4554580549395017,0.30624958611145775,0.9998429551679517,-0.013839456098588589,0.9753516362160193,0.9998479593710528,FALSE,FALSE,n.s.
Q8BU88,Mrpl22,0.8086869684677321,0.5104856560535395,0.9998429551679517,-0.3970863621447627,0.7716415809452934,0.9998479593710528,FALSE,FALSE,n.s.
Q3TPJ8,Dync1i2,-0.30487987218312734,0.4962703220272354,0.9998429551679517,0.11952676045655368,0.7861391410331133,0.9998479593710528,FALSE,FALSE,n.s.
Q9DB05,Napa,-0.37625771637103184,0.5430890127852708,0.9998429551679517,-0.19268252905977376,0.7400091951792686,0.9998479593710528,FALSE,FALSE,n.s.
Q9CYL5,Glipr2,-0.20608931785183549,0.5886680819810932,0.9998429551679517,-0.33881265504630775,0.6945690040322037,0.9998479593710528,FALSE,FALSE,n.s.
P61028,Rab8b,1.3432274101063117,0.3015502798831309,0.9998429551679517,0.020887249059457588,0.9818699517870517,0.9998479593710528,FALSE,FALSE,n.s.
A0A0R4J174,Ecsit,0.2760019558602881,0.8095937347842808,0.9998429551679517,0.5992164187704913,0.4741135351474932,0.9998479593710528,FALSE,FALSE,n.s.
Q9WUU7,Ctsz,0.6204357320841872,0.45540035072702423,0.9998429551679517,0.15716860846179684,0.8283253666620608,0.9998479593710528,FALSE,FALSE,n.s.
Q3UHB1,Nt5dc3,0.26144379617111546,0.7042967247624947,0.9998429551679517,0.35064818448646606,0.579571088730918,0.9998479593710528,FALSE,FALSE,n.s.
P61208,Arl4c,0.5736990634377649,0.30141644263373213,0.9998429551679517,0.011443193622965503,0.9826576139750812,0.9998479593710528,FALSE,FALSE,n.s.
O35639,Anxa3,-0.3946010783938323,0.3997184496939311,0.9998429551679517,0.06671600837650299,0.8844378138286073,0.9998479593710528,FALSE,FALSE,n.s.
Q8BGY3,Luzp2,-0.1982301952758673,0.654552112117045,0.9998429551679517,-0.1685317567299512,0.6297005227648824,0.9998479593710528,FALSE,FALSE,n.s.
P70451,Fer,0.256595806205703,0.5969897440608675,0.9998429551679517,-0.11851629724105724,0.6873064574716161,0.9998479593710528,FALSE,FALSE,n.s.
Q9Z210,Pex11b,-0.05382658017293036,0.9757823068916451,0.9998429551679517,1.1985215942042722,0.30901604689107603,0.9998479593710528,FALSE,FALSE,n.s.
Q5M8N4,Sdr39u1,-0.7866812987627136,0.3633325938271856,0.9998429551679517,-0.08155988519639548,0.9223428075058275,0.9998479593710528,FALSE,FALSE,n.s.
Q8BGY2,Eif5a2,0.5670336341032696,0.33272868973461817,0.9998429551679517,0.05453715736579393,0.9529729497429613,0.9998479593710528,FALSE,FALSE,n.s.
Q60675,Lama2,0.19888620245096073,0.6348414860426944,0.9998429551679517,-0.2083509117316986,0.6508877776738957,0.9998479593710528,FALSE,FALSE,n.s.
Q91ZF0,Dnajc24,0.6863070507384518,0.3629115220753896,0.9998429551679517,0.04008629858148689,0.922849156455346,0.9998479593710528,FALSE,FALSE,n.s.
Q9D0Q7,Mrpl45,0.2454948164804242,0.6130194119598317,0.9998429551679517,-0.24246843530309853,0.672862825999952,0.9998479593710528,FALSE,FALSE,n.s.
Q99K48,Nono,-0.2445427666321091,0.638087462115186,0.9998429551679517,0.22266081663433973,0.6478803154107031,0.9998479593710528,FALSE,FALSE,n.s.
P03921,Mtnd5,0.4720809695808387,0.6647410005626586,0.9998429551679517,0.6002821375425034,0.6212479579317607,0.9998479593710528,FALSE,FALSE,n.s.
Q9JL04,Fmn2,-0.06564530373746942,0.8486155287194728,0.9998429551679517,0.27937051497127174,0.43758678424803654,0.9998479593710528,FALSE,FALSE,n.s.
Q9D328,Tmem35a,-1.414373749713824,0.3050119387524365,0.9998429551679517,-0.020238504342420086,0.9818777944645829,0.9998479593710528,FALSE,FALSE,n.s.
A0A087WQE8,Kif1a,-0.08683364159400622,0.7953400249123589,0.9998429551679517,0.23584631356655333,0.4917900609583775,0.9998479593710528,FALSE,FALSE,n.s.
Q8BGQ7,Aars1,0.11260385122484484,0.7951278433537703,0.9998429551679517,0.29239551477453557,0.4921846779363216,0.9998479593710528,FALSE,FALSE,n.s.
Q9DBL7,Coasy,-0.4104796954242609,0.6714929478000857,0.9998429551679517,-0.4560836355962976,0.616295351573154,0.9998479593710528,FALSE,FALSE,n.s.
O35643,Ap1b1,-0.25229108498283903,0.8339566865962853,0.9998429551679517,1.0661167916488299,0.453837875893483,0.9998479593710528,FALSE,FALSE,n.s.
Q149L6,Dnajb14,0.49699093122923893,0.4328080396427193,0.9998429551679517,-0.1017114940171937,0.855177356553709,0.9998479593710528,FALSE,FALSE,n.s.
Q8C0L9,Gpcpd1,-0.010508691359395443,0.9825360167990342,0.9998429551679517,0.45753135145277063,0.30558036663077437,0.9998479593710528,FALSE,FALSE,n.s.
Q3UQ84,Tars2,-0.47414807611784365,0.4303523005604011,0.9998429551679517,0.1133221325316909,0.8578536196502153,0.9998479593710528,FALSE,FALSE,n.s.
Q64674,Srm,-0.14569376654295485,0.785327701197132,0.9998429551679517,0.38662044620907965,0.5029427000930498,0.9998479593710528,FALSE,FALSE,n.s.
Q9D7X1,Kctd4,0.8890897195272054,0.3515262534340544,0.9998429551679517,0.055318733319316755,0.9367844445042222,0.9998479593710528,FALSE,FALSE,n.s.
Q64520,Guk1,0.17100235815488563,0.7645343765647613,0.9998429551679517,0.4071047205213451,0.5242800194689132,0.9998479593710528,FALSE,FALSE,n.s.
Q8BMK4,Ckap4,-0.4216690243102163,0.3305011697865058,0.9998429551679517,0.023564248177609264,0.9586911935120801,0.9998479593710528,FALSE,FALSE,n.s.
Q60864,Stip1,0.07658276742325035,0.8523438123771157,0.9998429551679517,-0.2770430497564154,0.4372416258545895,0.9998479593710528,FALSE,FALSE,n.s.
Q3THK7,Gmps,0.19269331077291654,0.6209498857839783,0.9998429551679517,0.16233707562135524,0.6688669958336759,0.9998479593710528,FALSE,FALSE,n.s.
Q9Z0N1,Eif2s3x,0.258498738235704,0.7114370469670689,0.9998429551679517,0.302796095221951,0.5786078450161427,0.9998479593710528,FALSE,FALSE,n.s.
Q8CFP6,Dnajc27,0.9404156567541098,0.3370090784536266,0.9998429551679517,0.04626939859720523,0.9530441718411082,0.9998479593710528,FALSE,FALSE,n.s.
Q68FF0,Sanbr,-0.49320418787554654,0.29280320549188305,0.9998429551679517,9.752693858579708e-4,0.9975293496456786,0.9998479593710528,FALSE,FALSE,n.s.
Q9CPV4,Glod4,0.20011415943466443,0.7500419968929264,0.9998429551679517,-0.3532923856773743,0.5402917903189988,0.9998479593710528,FALSE,FALSE,n.s.
A0A2I3BQP6,Camk2g,-0.16472712531076206,0.8805536298466875,0.9998429551679517,1.117597141058094,0.4098009248942319,0.9998479593710528,FALSE,FALSE,n.s.
A0A0U1RPA0,Plekha7,-0.0444539663557634,0.958287316299885,0.9998429551679517,-0.7617155003955494,0.3321572240238759,0.9998479593710528,FALSE,FALSE,n.s.
Q61482,Cdebp,0.16157737921758747,0.7574627629812256,0.9998429551679517,-0.3268113339294303,0.5330414136886159,0.9998479593710528,FALSE,FALSE,n.s.
Q7TSH4,Ccp110,-0.04369392328604872,0.9071623121733858,0.9998429551679517,0.37376405460083806,0.38336577736913136,0.9998479593710528,FALSE,FALSE,n.s.
P54103,Dnajc2,-0.48986264541325997,0.34947173146968746,0.9998429551679517,0.020712524421087182,0.9416238245289326,0.9998479593710528,FALSE,FALSE,n.s.
Q91YW3,Dnajc3,0.4127643548100207,0.4055387682470326,0.9998429551679517,0.06494223328048888,0.8856392054770312,0.9998479593710528,FALSE,FALSE,n.s.
Q9DCL9,Paics,0.30217427232592126,0.6816051316697567,0.9998429551679517,-0.383531067448833,0.6097664288066802,0.9998479593710528,FALSE,FALSE,n.s.
O35874,Slc1a4,-0.24676272328933116,0.8282757878290775,0.9998429551679517,0.7507299941103156,0.46340284273154286,0.9998479593710528,FALSE,FALSE,n.s.
Q91W67,Ubl7,-0.8627812629648688,0.4297611287946385,0.9998429551679517,-0.15709831126511747,0.8619584714888112,0.9998479593710528,FALSE,FALSE,n.s.
A0A1L1SRX2,Ampd3,-0.3179208355990895,0.4930934541791584,0.9998429551679517,0.10264699463743134,0.7991502365843338,0.9998479593710528,FALSE,FALSE,n.s.
P10833,Rras,-0.6466716977733278,0.34186012564082485,0.9998429551679517,0.045767029438586085,0.9505320906570727,0.9998479593710528,FALSE,FALSE,n.s.
P54754,Ephb3,-0.18138229248106222,0.6136014580519413,0.9998429551679517,-0.3120637427456056,0.6789023213892083,0.9998479593710528,FALSE,FALSE,n.s.
Q3U319,Rnf40,0.1502646439363161,0.7704359915066695,0.9998429551679517,0.2760701262009146,0.5224259962182599,0.9998479593710528,FALSE,FALSE,n.s.
G3X9Y5,Ube4a,-0.2242479493269056,0.7206729542140619,0.9998429551679517,-0.3541945585843816,0.5724054778254828,0.9998479593710528,FALSE,FALSE,n.s.
P97384,Anxa11,-0.4557041391083523,0.4917720192419044,0.9998429551679517,0.22938797051962234,0.8013927654488832,0.9998479593710528,FALSE,FALSE,n.s.
Q8C052,Map1s,-0.29001136837623054,0.7387384958940412,0.9998429551679517,-0.4596583148882105,0.5545496718358751,0.9998479593710528,FALSE,FALSE,n.s.
P42227,Stat3,-0.4521396556548247,0.39767875925455887,0.9998429551679517,0.05474140904586739,0.8956445086954894,0.9998479593710528,FALSE,FALSE,n.s.
O35435,Dhodh,0.1728102910512438,0.7669490958602869,0.9998429551679517,0.36796315921248884,0.5264043568803216,0.9998479593710528,FALSE,FALSE,n.s.
Q6URW6,Myh14,0.15283888804574008,0.6105009468339676,0.9998429551679517,0.11194063940326893,0.6829283400039106,0.9998479593710528,FALSE,FALSE,n.s.
Q8R127,Sccpdh,-0.2652992210614511,0.8065959917785441,0.9998429551679517,0.700856790027704,0.4868597049742174,0.9998479593710528,FALSE,FALSE,n.s.
Q8BH58,Tiprl,0.6026035211310456,0.3891558154059406,0.9998429551679517,0.08507726798294367,0.9043239312040074,0.9998479593710528,FALSE,FALSE,n.s.
Q8R322,Gle1,0.1478419248395867,0.6121407533759349,0.9998429551679517,-0.1453708818294424,0.6814712513864196,0.9998479593710528,FALSE,FALSE,n.s.
P55258,Rab8a,-0.44464475077141613,0.5424214140903241,0.9998429551679517,0.2757177023009485,0.7513084042051443,0.9998479593710528,FALSE,FALSE,n.s.
P60879,Snap25,-0.5191177481817492,0.6309448351352611,0.9998429551679517,0.5226014568059645,0.6629925989011627,0.9998479593710528,FALSE,FALSE,n.s.
Q924S8,Spred1,0.6268621804019849,0.37648980487578276,0.9998429551679517,-0.0699482555374532,0.9176795833774729,0.9998479593710528,FALSE,FALSE,n.s.
Q925I1,Atad3a,-0.4152346313808861,0.4954575359651282,0.9998429551679517,0.15657194694030035,0.7989629444997953,0.9998479593710528,FALSE,FALSE,n.s.
Q8K298,Anln,0.38031247513380995,0.3833418006023718,0.9998429551679517,0.05993413986423453,0.9112069841807303,0.9998479593710528,FALSE,FALSE,n.s.
Q80ZF8,Adgrb3,-0.0552373168800191,0.9091708784787412,0.9998429551679517,0.32057398293042544,0.3854767708015082,0.9998479593710528,FALSE,FALSE,n.s.
Q91VN6,Ddx41,-0.07802169949082484,0.851124106411755,0.9998429551679517,-0.4094450038065324,0.44362890375460945,0.9998479593710528,FALSE,FALSE,n.s.
Q8BSE0,Rmdn2,0.06606381111595547,0.8578347445364322,0.9998429551679517,-0.36173279500712513,0.4371111805417719,0.9998479593710528,FALSE,FALSE,n.s.
O70443,Gnaz,0.6838470349685042,0.6087467312600539,0.9998429551679517,0.5109926074021326,0.6864771273879591,0.9998479593710528,FALSE,FALSE,n.s.
Q61699,Hsph1,-0.25782175455362966,0.5947099836009506,0.9998429551679517,0.18335026148017278,0.7008054721141159,0.9998479593710528,FALSE,FALSE,n.s.
G3X920,Armc8,0.28452706396622696,0.49996485460621554,0.9998429551679517,0.09988899812095846,0.7958353852603788,0.9998479593710528,FALSE,FALSE,n.s.
Q9CXI5,Manf,-0.300920746539882,0.6696531329392679,0.9998429551679517,0.3292135089960882,0.6264239502934186,0.9998479593710528,FALSE,FALSE,n.s.
O54941,Smarce1,0.08197297770323166,0.9068594045357081,0.9998429551679517,-0.6235499617049598,0.3892492970511734,0.9998479593710528,FALSE,FALSE,n.s.
P62270,Rps18,-1.0774453895017322,0.30154393332559887,0.9998429551679517,0.00851544892517307,0.9949207515534716,0.9998479593710528,FALSE,FALSE,n.s.
P24527,Lta4h,-0.13619265409170153,0.7611135873482452,0.9998429551679517,0.31116946978888543,0.5360311345979967,0.9998479593710528,FALSE,FALSE,n.s.
Q05816,Fabp5,1.0693879879280819,0.33659814101997654,0.9998429551679517,-0.051634007819121294,0.9608230660599637,0.9998479593710528,FALSE,FALSE,n.s.
Q8CA95,Pde10a,-0.30633771668630333,0.49074894768018573,0.9998429551679517,-0.0976872769506348,0.8067586857456632,0.9998479593710528,FALSE,FALSE,n.s.
Q9CZM2,Rpl15,0.5405837565347332,0.47921664350169435,0.9998429551679517,-0.20047498005362147,0.8182927859750677,0.9998479593710528,FALSE,FALSE,n.s.
P56959,Fus,-0.23786000742604102,0.8110803191888332,0.9998429551679517,-0.7483270637573041,0.48676938833751204,0.9998479593710528,FALSE,FALSE,n.s.
Q8BYM5,Nlgn3,0.37359554070564044,0.5899013143201656,0.9998429551679517,0.362529735784655,0.7079620441754091,0.9998479593710528,FALSE,FALSE,n.s.
Q3TXU5,Dhps,0.4324208535534812,0.6079872775981323,0.9998429551679517,0.14871820346380274,0.6901158552676272,0.9998479593710528,FALSE,FALSE,n.s.
G3UWG2,Tiam1,0.07616107780802327,0.8253663541845835,0.9998429551679517,0.5138561638211528,0.4727862847818927,0.9998479593710528,FALSE,FALSE,n.s.
Q80ZJ6,Zer1,0.40690315257369786,0.3534064320171081,0.9998429551679517,-0.032177129875985554,0.9447977271986414,0.9998479593710528,FALSE,FALSE,n.s.
Q8CFV4,Nrn1,0.2581145443951286,0.7573898031348401,0.9998429551679517,0.42781362427730474,0.5408283564878722,0.9998479593710528,FALSE,FALSE,n.s.
Q8BV13,Cops7b,-0.37077234870092013,0.7246205127450962,0.9998429551679517,-0.5281753645152749,0.5741517505916276,0.9998479593710528,FALSE,FALSE,n.s.
Q05D44,Eif5b,0.03232662897060237,0.927479156297503,0.9998429551679517,-0.26848888061396886,0.3713849475878118,0.9998479593710528,FALSE,FALSE,n.s.
A3KMP2,Ttc38,-0.4302078511411539,0.5282239684214634,0.9998429551679517,0.1412112174009677,0.7707819712637298,0.9998479593710528,FALSE,FALSE,n.s.
Q8R307,Vps18,-0.07111562110792997,0.8443211382728653,0.9998429551679517,0.35543611501034883,0.4551939713300299,0.9998479593710528,FALSE,FALSE,n.s.
P59016,Vps33b,0.18792236357944062,0.6060922035793841,0.9998429551679517,-0.1390744736970268,0.6936690140945434,0.9998479593710528,FALSE,FALSE,n.s.
P49615,Cdk5,0.3331625205524281,0.6653458623651498,0.9998429551679517,0.31639737289722897,0.6345382607118013,0.9998479593710528,FALSE,FALSE,n.s.
P63276,Rps17,0.14803904075192995,0.8692534551835098,0.9998429551679517,0.6731143255544703,0.43121218927199756,0.9998479593710528,FALSE,FALSE,n.s.
Q80WC7,Agfg2,-0.2414445127298895,0.6771470098045114,0.9998429551679517,-0.45617341647823567,0.6233654372820474,0.9998479593710528,FALSE,FALSE,n.s.
Q8VDP3,Mical1,-0.24938088227438257,0.7330989346359865,0.9998429551679517,-0.3083986494825022,0.5676638980696809,0.9998479593710528,FALSE,FALSE,n.s.
S4R1P5,Dst,-0.04699640684280307,0.7248728844357781,0.9998429551679517,0.0742158666052809,0.576240267334787,0.9998479593710528,FALSE,FALSE,n.s.
Q3V3R1,Mthfd1l,0.03292730340223162,0.9320249813166197,0.9998429551679517,0.3266754353366804,0.369206197208902,0.9998479593710528,FALSE,FALSE,n.s.
Q99JP7,Ggt7,0.003687843080671151,0.9966500085866212,0.9998429551679517,0.8341077569324958,0.30480195516274416,0.9998479593710528,FALSE,FALSE,n.s.
Q8C0J6,Sowahc,0.11886166569955398,0.7187941696712341,0.9998429551679517,-0.24396193105688133,0.5831128905860863,0.9998479593710528,FALSE,FALSE,n.s.
E9PX29,Sptbn4,0.1000717249103576,0.7136051789891686,0.9998429551679517,0.15796072577458836,0.5884157936437913,0.9998479593710528,FALSE,FALSE,n.s.
Q9CQS4,Slc25a46,-0.45301681601266963,0.6566774046590226,0.9998429551679517,0.419887783973639,0.6455420154540792,0.9998479593710528,FALSE,FALSE,n.s.
Q8R238,Sdsl,-0.2580911964935528,0.5214768623945589,0.9998429551679517,0.14716265684833327,0.7808338243405271,0.9998479593710528,FALSE,FALSE,n.s.
Q8VHW2,Cacng8,0.14869265721716907,0.8487348273639197,0.9998429551679517,-0.49507325829391924,0.45369962670182995,0.9998479593710528,FALSE,FALSE,n.s.
P62827,Ran,-0.19430475851121554,0.8632644898133583,0.9998429551679517,-0.9662547861345759,0.43961491594353386,0.9998479593710528,FALSE,FALSE,n.s.
Q8CFH6,Sik2,-0.14679360433778227,0.7694679747234044,0.9998429551679517,-0.534248956624229,0.5335379954592111,0.9998479593710528,FALSE,FALSE,n.s.
Q8R0I0,Ace2,0.7574137727124738,0.4428997537867596,0.9998429551679517,0.08335875130644942,0.8609630760033375,0.9998479593710528,FALSE,FALSE,n.s.
Q925E7,Ppp2r2d,-0.8101526539639444,0.38789601701955945,0.9998429551679517,0.09170237740486753,0.9160933687560351,0.9998479593710528,FALSE,FALSE,n.s.
A6H6A9,Rabgap1l,0.20706100060413618,0.6029479370694208,0.9998429551679517,-0.16077153882146494,0.7011273510546285,0.9998479593710528,FALSE,FALSE,n.s.
P47941,Crkl,-0.209842135235401,0.7247079987966538,0.9998429551679517,0.3672453424237065,0.5798074668135209,0.9998479593710528,FALSE,FALSE,n.s.
Q8R0X7,Sgpl1,0.010712858646721024,0.9841591528255367,0.9998429551679517,0.40059734484093834,0.32040495608070557,0.9998479593710528,FALSE,FALSE,n.s.
Q9ET30,Tm9sf3,-0.2668968751993208,0.5264726438162073,0.9998429551679517,-0.17495579957505197,0.778368266736463,0.9998479593710528,FALSE,FALSE,n.s.
G3UYZ1,Igsf8,-0.9667028608529014,0.5316700768135514,0.9998429551679517,0.5208546438465493,0.7736801144365865,0.9998479593710528,FALSE,FALSE,n.s.
P62331,Arf6,-0.7546382220705031,0.53503534411491,0.9998429551679517,0.3721834735917582,0.7705482650634325,0.9998479593710528,FALSE,FALSE,n.s.
Q9ES56,Trappc4,0.1872760747779642,0.8003595562186714,0.9998429551679517,0.5148890347332783,0.5056264909581554,0.9998479593710528,FALSE,FALSE,n.s.
P53668,Limk1,0.2887851449196888,0.42862338508829334,0.9998429551679517,-0.09597967756567784,0.8774851302343056,0.9998479593710528,FALSE,FALSE,n.s.
Q5SWT3,Slc25a35,-0.38750701846844676,0.6757051486554704,0.9998429551679517,0.6564778432727264,0.6306445607678336,0.9998479593710528,FALSE,FALSE,n.s.
A0A0R4J0J6,Thoc5,-0.48842699826844,0.35565796565616303,0.9998429551679517,-0.0328485862043842,0.9515153861538153,0.9998479593710528,FALSE,FALSE,n.s.
Q9DBE9,Ftsj3,-0.8339594546950148,0.476007494110264,0.9998429551679517,-0.17345011206667868,0.8312434745361759,0.9998479593710528,FALSE,FALSE,n.s.
Q80W82,Mapk10,0.31729637849698006,0.6444450388375222,0.9998429551679517,0.238445325278451,0.6631205789891244,0.9998479593710528,FALSE,FALSE,n.s.
Q8BU11,Tox4,0.3135692178970805,0.6894236498289767,0.9998429551679517,-0.27985172238771405,0.6181431590753215,0.9998479593710528,FALSE,FALSE,n.s.
Q3UY34,Custos,-0.19700984558404577,0.6118098425584214,0.9998429551679517,-0.166890157426678,0.6963344626483616,0.9998479593710528,FALSE,FALSE,n.s.
Q9JME5,Ap3b2,-0.34953795921101083,0.38633236012447725,0.9998429551679517,-0.03707324681667199,0.9220717316072288,0.9998479593710528,FALSE,FALSE,n.s.
Q9JLI6,Scly,-0.08635087583369157,0.908986258141649,0.9998429551679517,-0.7696519861369868,0.4000864786968984,0.9998479593710528,FALSE,FALSE,n.s.
Q99L43,Cds2,-0.35662989540218604,0.7999726893351187,0.9998429551679517,-0.6381150683244442,0.5099778044591003,0.9998479593710528,FALSE,FALSE,n.s.
Q6PE15,Abhd10,-0.1254773439450969,0.9230927040719391,0.9998429551679517,-0.7704751101987031,0.38701953144450874,0.9998479593710528,FALSE,FALSE,n.s.
Q9WVA2,Timm8a1,0.23580284669174156,0.8806164640327296,0.9998429551679517,1.5129016721337352,0.42960890282820957,0.9998479593710528,FALSE,FALSE,n.s.
P37040,Por,-0.3126776468286607,0.5223198520143788,0.9998429551679517,-0.12779941346886228,0.7880802460091157,0.9998479593710528,FALSE,FALSE,n.s.
Q80TG9,Lrfn2,-0.42959455101953914,0.519229040537194,0.9998429551679517,0.16726316150602924,0.7913568350637424,0.9998479593710528,FALSE,FALSE,n.s.
E9Q828,Atp2b4,-0.3827316903508116,0.5255323307136013,0.9998429551679517,-0.1626919184261334,0.7854985458425239,0.9998479593710528,FALSE,FALSE,n.s.
Q6XE40,Mpp3,0.08638127580176495,0.8177717969014708,0.9998429551679517,0.3267499752332213,0.49400256064268344,0.9998479593710528,FALSE,FALSE,n.s.
A0A5F8MPE1,Epb41l3,0.08663960059018225,0.916577364139691,0.9998429551679517,0.3378970529735737,0.3952821222784779,0.9998479593710528,FALSE,FALSE,n.s.
Q8BUH8,Senp7,0.17876783391760845,0.7811149017660707,0.9998429551679517,-0.4545179956944609,0.5309860772689192,0.9998479593710528,FALSE,FALSE,n.s.
Q9Z2X8,Keap1,-0.5441207411667888,0.6127056758421913,0.9998429551679517,-0.3075902335264478,0.6997802339213075,0.9998479593710528,FALSE,FALSE,n.s.
Q9WV98,Timm9,1.263832285569724,0.32025057221006437,0.9998429551679517,-0.006674899238878528,0.9924586855711963,0.9998479593710528,FALSE,FALSE,n.s.
Q810U3,Nfasc,-0.5739705362284414,0.37889067391993514,0.9998429551679517,0.13151444531232565,0.9343827382693509,0.9998479593710528,FALSE,FALSE,n.s.
Q61838,Pzp,-0.05369465328519222,0.887574320782012,0.9998429551679517,0.31147174678262146,0.4259171673992189,0.9998479593710528,FALSE,FALSE,n.s.
P08551,Nefl,0.730646292886027,0.31847396620671253,0.9998429551679517,-0.004315211506263935,0.9951096093618989,0.9998479593710528,FALSE,FALSE,n.s.
Q5SV85,Synrg,-0.31787184344749025,0.3327789470380842,0.9998429551679517,0.007477851059976387,0.9809526939543509,0.9998479593710528,FALSE,FALSE,n.s.
Q07409,Cntn3,0.2481348674206135,0.7111692558959521,0.9998429551679517,0.40730187636852216,0.6025965278764684,0.9998479593710528,FALSE,FALSE,n.s.
O55042,Snca,0.6628256629990631,0.573523249002738,0.9998429551679517,0.27361337352852527,0.7403863022544263,0.9998479593710528,FALSE,FALSE,n.s.
Q9JHW4,Eefsec,0.007355699091192419,0.9829164691230432,0.9998429551679517,0.2895545198676629,0.3310540030165807,0.9998479593710528,FALSE,FALSE,n.s.
Q8BUE4,Aifm2,0.6409983422593616,0.5134424600059184,0.9998429551679517,0.31389866680409706,0.8007588887448027,0.9998479593710528,FALSE,FALSE,n.s.
Q8R180,Ero1a,0.5117139725188998,0.35440541831802164,0.9998429551679517,-0.026483485959434314,0.9598643574040044,0.9998479593710528,FALSE,FALSE,n.s.
Q9DAT5,Trmu,-0.27248741484551126,0.5565872418542167,0.9998429551679517,-0.12924784679253606,0.7577572552722575,0.9998479593710528,FALSE,FALSE,n.s.
Q9D1K7,Adissp,0.12124845224562901,0.8710332107240114,0.9998429551679517,0.6656448420348567,0.4433763272236724,0.9998479593710528,FALSE,FALSE,n.s.
P41241,Csk,0.14748119054607953,0.709721505638296,0.9998429551679517,0.21540529192155752,0.6048509853335119,0.9998479593710528,FALSE,FALSE,n.s.
P0C027,Nudt10,0.7640542888848701,0.3572676730626464,0.9998429551679517,0.03408607474955642,0.9575222458340265,0.9998479593710528,FALSE,FALSE,n.s.
O35668,Hap1,0.457242916878817,0.3718616041739573,0.9998429551679517,0.03337713774891184,0.9429369417343032,0.9998479593710528,FALSE,FALSE,n.s.
Q9DC63,Fbxo3,-0.6025648244613879,0.37801507724444894,0.9998429551679517,-0.05311396008348898,0.936802093007905,0.9998479593710528,FALSE,FALSE,n.s.
Q9QUR7,Pin1,-0.47518974930445035,0.5678636893128899,0.9998429551679517,0.26908000500008106,0.7469756395944089,0.9998479593710528,FALSE,FALSE,n.s.
Q8CI33,Cwf19l1,0.38105719797810383,0.4726620726387186,0.9998429551679517,0.11005882347155294,0.8427991311388454,0.9998479593710528,FALSE,FALSE,n.s.
P16092,Fgfr1,0.254817419871698,0.66893571237431,0.9998429551679517,0.3994750633662972,0.6465994065504779,0.9998479593710528,FALSE,FALSE,n.s.
Q8K221,Arfip2,0.42815749904941003,0.4553408177039795,0.9998429551679517,0.12027230679679694,0.8602204415309771,0.9998479593710528,FALSE,FALSE,n.s.
P97742,Cpt1a,0.29517976362549597,0.4957749497353241,0.9998429551679517,0.11101548470901121,0.8205643049423298,0.9998479593710528,FALSE,FALSE,n.s.
Q9WUA3,Pfkp,0.018826274511867976,0.9721843037772113,0.9998429551679517,0.5005683395861131,0.3442452929055647,0.9998479593710528,FALSE,FALSE,n.s.
D3Z183,Mfsd6,-0.12916502710538943,0.8786404660360339,0.9998429551679517,-0.614392641514006,0.43823472532905516,0.9998479593710528,FALSE,FALSE,n.s.
P84096,Rhog,-0.03990674332992693,0.9508144389385308,0.9998429551679517,-0.8971271106125773,0.3662934615853717,0.9998479593710528,FALSE,FALSE,n.s.
E9Q616,Ahnak,-0.04805908714383154,0.7097298860954177,0.9998429551679517,-0.06764068920166483,0.6074834743469931,0.9998479593710528,FALSE,FALSE,n.s.
M0QWN7,Usp35,0.36587603707050925,0.3422821300379292,0.9998429551679517,0.009836306032251765,0.9751296244044957,0.9998479593710528,FALSE,FALSE,n.s.
P16045,Lgals1,0.1647292202630668,0.909434037016283,0.9998429551679517,1.168224373696554,0.40826142859323034,0.9998479593710528,FALSE,FALSE,n.s.
Q8BHE3,Atcay,-0.6844433099219495,0.669727456293568,0.9998429551679517,0.6808360650312525,0.648541703401408,0.9998479593710528,FALSE,FALSE,n.s.
Q9QYB1,Clic4,-0.11405955888257616,0.8276800271850397,0.9998429551679517,0.4297561583321143,0.4909125884538328,0.9998479593710528,FALSE,FALSE,n.s.
Q9ET77,Jph3,-0.18065043712275025,0.721901565392365,0.9998429551679517,-0.2730420491739338,0.5967585591748706,0.9998479593710528,FALSE,FALSE,n.s.
Q8C079,Strip1,-0.38766732143227955,0.4821726528249184,0.9998429551679517,-0.08878007109849415,0.8365200864783446,0.9998479593710528,FALSE,FALSE,n.s.
Q8VHX6,Flnc,-0.30688903139174317,0.7392703815814672,0.9998429551679517,0.13967261801030556,0.5795440954326475,0.9998479593710528,FALSE,FALSE,n.s.
Q8BTX9,Hsdl1,0.5759411606632352,0.514220847558184,0.9998429551679517,0.25748159696326106,0.8046121009599893,0.9998479593710528,FALSE,FALSE,n.s.
O08528,Hk2,-0.06851222635421826,0.9058962146443416,0.9998429551679517,0.3841502847354555,0.4130167168872143,0.9998479593710528,FALSE,FALSE,n.s.
Q80YR5,Safb2,-0.25793895991538374,0.7447895988068527,0.9998429551679517,0.2733064217133957,0.5746262952219783,0.9998479593710528,FALSE,FALSE,n.s.
P59759,Mrtfb,0.23240564310750297,0.5056665242434648,0.9998429551679517,-0.06164912334828624,0.8138820608815323,0.9998479593710528,FALSE,FALSE,n.s.
O88456,Capns1,0.35620895250085205,0.7853919288677904,0.9998429551679517,0.8174239642415763,0.5347427071388158,0.9998479593710528,FALSE,FALSE,n.s.
Q69ZS6,Sv2c,0.34884474889829453,0.7503452995410208,0.9998429551679517,-0.5955158545507448,0.5698397615465136,0.9998479593710528,FALSE,FALSE,n.s.
Q6PGH1,Bud31,0.6133498793787001,0.5124300696650713,0.9998429551679517,-0.16966469721796623,0.8080140707769359,0.9998479593710528,FALSE,FALSE,n.s.
Q8VD63,Tspyl4,-0.03980767710842941,0.9418419759973448,0.9998429551679517,-0.46508408080849856,0.3790454114433562,0.9998479593710528,FALSE,FALSE,n.s.
A2ASI5,Scn3a,0.22815657148456553,0.7321263423753536,0.9998429551679517,-0.7390419076567818,0.5892589305648785,0.9998479593710528,FALSE,FALSE,n.s.
Q91VR5,Ddx1,0.08993118715614347,0.819694765193534,0.9998429551679517,0.2929624299382695,0.5017522208593981,0.9998479593710528,FALSE,FALSE,n.s.
Q8BGW1,Fto,-0.33693028367091105,0.4707261666970527,0.9998429551679517,0.0910641524856563,0.8511014853872926,0.9998479593710528,FALSE,FALSE,n.s.
Q8BTZ4,Anapc5,0.018623792042595292,0.9602474190897612,0.9998429551679517,0.2283523025930558,0.3616283971095534,0.9998479593710528,FALSE,FALSE,n.s.
Q9R1P4,Psma1,0.3427818711286303,0.7336116127702716,0.9998429551679517,-0.5620722362946041,0.5884519817546907,0.9998479593710528,FALSE,FALSE,n.s.
Q9R1C6,Dgke,-0.5668200805968433,0.4236416468179579,0.9998429551679517,-0.09069302928701925,0.8984973188225645,0.9998479593710528,FALSE,FALSE,n.s.
P63028,Tpt1,0.2692160845527619,0.835100048873328,0.9998429551679517,0.9504970628813495,0.48712601118724586,0.9998479593710528,FALSE,FALSE,n.s.
Q6ZWV7,Rpl35,-0.9804230496019156,0.4756475997098848,0.9998429551679517,-0.4359422499284976,0.8467348794174496,0.9998479593710528,FALSE,FALSE,n.s.
Q8BX90,Fndc3a,0.7056923639820311,0.3954999085726665,0.9998429551679517,0.047830580954925025,0.9271773766622339,0.9998479593710528,FALSE,FALSE,n.s.
Q9DB72,Btbd17,-0.5688629914955812,0.6156772950843648,0.9998429551679517,-0.7611741417048135,0.7071490915105181,0.9998479593710528,FALSE,FALSE,n.s.
Q9Z204,Hnrnpc,0.1331016040022663,0.8461183344890122,0.9998429551679517,0.5027706231321226,0.47700652828126333,0.9998479593710528,FALSE,FALSE,n.s.
Q3UPL0,Sec31a,0.11211859782065264,0.7983291242716561,0.9998429551679517,0.23381531319141396,0.5253852266082788,0.9998479593710528,FALSE,FALSE,n.s.
D3YZP9,Ccdc6,-0.5092573417493265,0.47741731026425716,0.9998429551679517,-0.13555790809047405,0.8463159110143345,0.9998479593710528,FALSE,FALSE,n.s.
Q61112,Sdf4,0.3903334845104766,0.5229992981083623,0.9998429551679517,0.11149270701670128,0.8008022619875866,0.9998479593710528,FALSE,FALSE,n.s.
Q64735,Cr1l,-0.1540921999451327,0.8676423915915246,0.9998429551679517,0.6311410592429796,0.4563544761996309,0.9998479593710528,FALSE,FALSE,n.s.
Q9Z0X1,Aifm1,0.1077189557883127,0.8573730352154323,0.9998429551679517,-0.43167174909279,0.466630914847344,0.9998479593710528,FALSE,FALSE,n.s.
O88532,Zfr,0.04532943197579166,0.9182925114440538,0.9998429551679517,0.358138008687125,0.4057542723694426,0.9998479593710528,FALSE,FALSE,n.s.
Q61330,Cntn2,-0.5103238031065606,0.35883227943362694,0.9998429551679517,0.026229715304309825,0.9654566401335205,0.9998479593710528,FALSE,FALSE,n.s.
O88322,Nid2,0.2050567592644708,0.7656727610293463,0.9998429551679517,0.9644163889496685,0.5586241029785216,0.9998479593710528,FALSE,FALSE,n.s.
Q8BGU5,Ccny,0.6362205858097808,0.4504870846264849,0.9998429551679517,-0.1820894264479218,0.8738743556918303,0.9998479593710528,FALSE,FALSE,n.s.
P61294,Rab6b,-0.8146071680583661,0.3714229839009149,0.9998429551679517,-0.05865515332945627,0.953015538523878,0.9998479593710528,FALSE,FALSE,n.s.
Q4VA93,Prkca,0.3278705213278853,0.648922172200479,0.9998429551679517,-0.22624459470340863,0.6755909166835958,0.9998479593710528,FALSE,FALSE,n.s.
Q9CQY6,Uqcc2,0.2690838871926039,0.7995089603890945,0.9998429551679517,-0.7093547393060958,0.5252365965537216,0.9998479593710528,FALSE,FALSE,n.s.
P07903,Ercc1,-0.2964326565760788,0.5386938156260828,0.9998429551679517,-0.13289759604129045,0.7862471673181128,0.9998479593710528,FALSE,FALSE,n.s.
Q8BGC0,Htatsf1,-0.36325606244989234,0.49222552608441583,0.9998429551679517,0.15229473372073735,0.8330151453957457,0.9998479593710528,FALSE,FALSE,n.s.
Q9WTX6,Cul1,-0.17065849175014516,0.562446170390453,0.9998429551679517,0.09315909462927141,0.762860551780677,0.9998479593710528,FALSE,FALSE,n.s.
Q78JE5,Fbxo22,-0.3057142373438493,0.751608282824954,0.9998429551679517,-0.6504088658561704,0.5738723727994184,0.9998479593710528,FALSE,FALSE,n.s.
Q6P9K8,Caskin1,0.10125936150547653,0.7857303971129598,0.9998429551679517,-0.2145792551702779,0.5398242465371589,0.9998479593710528,FALSE,FALSE,n.s.
G3X9X1,Kbtbd2,0.1471988229142419,0.8145284614448051,0.9998429551679517,-0.3935606758365509,0.5115853460263033,0.9998479593710528,FALSE,FALSE,n.s.
Q99KR7,Ppif,-0.6649634285260964,0.6422413505628932,0.9998429551679517,0.3905011547683707,0.6839105449276691,0.9998479593710528,FALSE,FALSE,n.s.
Q9DB27,Mcts1,-0.14148057094329705,0.8132490899979367,0.9998429551679517,0.4560105025446029,0.5129289786106561,0.9998479593710528,FALSE,FALSE,n.s.
Q8K1R3,Pnpt1,0.28864808373644296,0.42596444187770355,0.9998429551679517,0.04460355210015699,0.9002949144687398,0.9998479593710528,FALSE,FALSE,n.s.
Q3URS9,Ccdc51,0.08514047140779153,0.817307639978115,0.9998429551679517,0.31301644194797645,0.5089602347695497,0.9998479593710528,FALSE,FALSE,n.s.
Q9R013,Ctsf,-0.7640808086215357,0.6291937907508198,0.9998429551679517,-0.31495979764335025,0.6973968121649533,0.9998479593710528,FALSE,FALSE,n.s.
Q921H8,Acaa1a,-0.5158346214224679,0.35064027291885025,0.9998429551679517,-0.017242597108420306,0.9761010977468543,0.9998479593710528,FALSE,FALSE,n.s.
Q91ZJ5,Ugp2,-0.2675677871255693,0.5844054101273769,0.9998429551679517,0.1875545998244282,0.7427814599042288,0.9998479593710528,FALSE,FALSE,n.s.
Q91YM2,Arhgap35,0.24832216852977518,0.40452493192203864,0.9998429551679517,0.02937729038976092,0.9231111817545021,0.9998479593710528,FALSE,FALSE,n.s.
P58871,Tnks1bp1,0.07497674275962225,0.8382804155938687,0.9998429551679517,-0.23919096501370574,0.4896062299322187,0.9998479593710528,FALSE,FALSE,n.s.
F8VQC1,Srp72,-0.2760713426088925,0.5205668802984056,0.9998429551679517,-0.10473054826481165,0.8073288711917146,0.9998479593710528,FALSE,FALSE,n.s.
Q8C0D5,Efl1,0.28120863829345394,0.4506174012449504,0.9998429551679517,0.04680643746048557,0.8774859310821161,0.9998479593710528,FALSE,FALSE,n.s.
Q6NXK8,Asic1,-0.03495052756863837,0.9154958262100128,0.9998429551679517,0.2899436017891334,0.4129625473053766,0.9998479593710528,FALSE,FALSE,n.s.
Q91WG2,Rabep2,-0.2112894491655616,0.7553982030087804,0.9998429551679517,0.2104727995799862,0.5731220672730895,0.9998479593710528,FALSE,FALSE,n.s.
A0A5F8MPP0,Plekhg1,0.28542933834448525,0.6706203014908847,0.9998429551679517,0.18208821792153837,0.658320179978367,0.9998479593710528,FALSE,FALSE,n.s.
P49813,Tmod1,-0.19186837466282755,0.7724848524083181,0.9998429551679517,-0.37505171364952117,0.5565137068425805,0.9998479593710528,FALSE,FALSE,n.s.
P43275,H1-1,-0.5902465758916162,0.5517161874835291,0.9998429551679517,0.19736356350644887,0.7773325963997278,0.9998479593710528,FALSE,FALSE,n.s.
A0A0G2JDN7,Map4,-0.2672696123001543,0.7272700078566179,0.9998429551679517,-0.4604356904574062,0.6018294395448894,0.9998479593710528,FALSE,FALSE,n.s.
Q3UHA3,Spg11,-0.00800315735518392,0.989829403054485,0.9998429551679517,-0.8789663303261751,0.33927589456037377,0.9998479593710528,FALSE,FALSE,n.s.
Q9D8N2,Dennd10,0.20961596569351207,0.7625114438275808,0.9998429551679517,0.3347266306390537,0.5665970022649078,0.9998479593710528,FALSE,FALSE,n.s.
Q0VBD0,Itgb8,-0.21534189824603928,0.7016765456516982,0.9998429551679517,0.20989913885192363,0.6276272278371066,0.9998479593710528,FALSE,FALSE,n.s.
Q80U30,Clec16a,-0.27971187717841595,0.5908670194679627,0.9998429551679517,-0.17228992171706417,0.7386741147843667,0.9998479593710528,FALSE,FALSE,n.s.
Q8R4H2,Arhgef12,-0.03959107495261511,0.8968321750239252,0.9998429551679517,-0.2582468621615176,0.43287874630112133,0.9998479593710528,FALSE,FALSE,n.s.
Q61885,Mog,-0.8260579984791782,0.670933218132761,0.9998429551679517,0.7435054917998012,0.6588494455949097,0.9998479593710528,FALSE,FALSE,n.s.
P05202,Got2,0.12252366404251,0.8842369812552265,0.9998429551679517,0.638624637634374,0.44574217460746746,0.9998479593710528,FALSE,FALSE,n.s.
Q8R3L2,Tcf25,-0.10350065662128853,0.8495461543552425,0.9998429551679517,0.30246177944083874,0.4809808858563762,0.9998479593710528,FALSE,FALSE,n.s.
Q80VC9,Camsap3,-0.02544852254622674,0.9519757978638985,0.9998429551679517,-0.3331334905159058,0.3788724076510688,0.9998479593710528,FALSE,FALSE,n.s.
P35980,Rpl18,0.6610026432012893,0.8101951669574312,0.9998429551679517,1.610734127764849,0.5207045123580676,0.9998479593710528,FALSE,FALSE,n.s.
Q9DBP5,Cmpk1,0.8184033715702684,0.45735455077737286,0.9998429551679517,0.16934338933884213,0.8736353111650249,0.9998479593710528,FALSE,FALSE,n.s.
A6H611,Mipep,-0.5140589363607978,0.3479818169933119,0.9998429551679517,-0.016204214273597476,0.9831566286186834,0.9998479593710528,FALSE,FALSE,n.s.
Q80W00,Ppp1r10,0.20265352287929358,0.6314603230913576,0.9998429551679517,0.24877081661145017,0.6997654605029802,0.9998479593710528,FALSE,FALSE,n.s.
P40630,Tfam,0.22746763962918498,0.7104140238229786,0.9998429551679517,0.31021853501047825,0.6209947049262701,0.9998479593710528,FALSE,FALSE,n.s.
P63323,Rps12,0.4960819175907922,0.7058218774387315,0.9998429551679517,0.5466159172451907,0.6255982311197149,0.9998479593710528,FALSE,FALSE,n.s.
Q91WE1,Snx15,0.4980036754377719,0.3787906998811384,0.9998429551679517,-0.06513895070721613,0.9532395210194872,0.9998479593710528,FALSE,FALSE,n.s.
Q8CGA0,Ppm1f,-0.40171870235203583,0.6706876215355064,0.9998429551679517,0.22886204386292777,0.6615814951644501,0.9998479593710528,FALSE,FALSE,n.s.
P63001,Rac1,-0.4228686084951102,0.720174400638199,0.9998429551679517,-0.6030605613565969,0.6121845574653064,0.9998479593710528,FALSE,FALSE,n.s.
Q9CRY7,Gdpd1,-0.12756641228138413,0.8552228730724599,0.9998429551679517,-0.5363925327835879,0.4771624983938295,0.9998479593710528,FALSE,FALSE,n.s.
E9Q9C3,Afdn,-0.19088285523521983,0.8065830361612413,0.9998429551679517,-0.1734100683936738,0.5260851862991835,0.9998479593710528,FALSE,FALSE,n.s.
P63073,Eif4e,-0.16590643189610357,0.890751943864446,0.9998429551679517,0.6367979423912894,0.44191742624253383,0.9998479593710528,FALSE,FALSE,n.s.
Q91Z49,Fyttd1,0.3436437818701423,0.5481591229699114,0.9998429551679517,0.14318339493910084,0.7847958320098619,0.9998479593710528,FALSE,FALSE,n.s.
Q80YE7,Dapk1,0.1338925934351934,0.7031715108788813,0.9998429551679517,-0.18480258788937648,0.629909744450326,0.9998479593710528,FALSE,FALSE,n.s.
Q810J8,Zfyve1,0.24713735900358855,0.637156401052076,0.9998429551679517,0.19321478746376905,0.6959920177580341,0.9998479593710528,FALSE,FALSE,n.s.
Q8CJ19,Mical3,0.27496509248455064,0.4210279480226652,0.9998429551679517,0.0318342515128899,0.9123133847301286,0.9998479593710528,FALSE,FALSE,n.s.
Q5EBJ4,Ermn,0.5024260079155256,0.43722668784087637,0.9998429551679517,0.10308131648599901,0.8963081178313096,0.9998479593710528,FALSE,FALSE,n.s.
Q8K4P8,Hecw1,-0.5938335814793136,0.3980081945126739,0.9998429551679517,0.04883624767642804,0.935568847011288,0.9998479593710528,FALSE,FALSE,n.s.
Q8CJF9,Ago3,-0.25469391967216176,0.6490096912852309,0.9998429551679517,0.220223235769134,0.6846964018728552,0.9998479593710528,FALSE,FALSE,n.s.
Q6ZPJ3,Ube2o,-0.1863472368329321,0.6180565999667459,0.9998429551679517,0.12473356140152782,0.71567067921506,0.9998479593710528,FALSE,FALSE,n.s.
Q9EQ80,Nif3l1,-0.4217684824152664,0.607603563563051,0.9998429551679517,-0.29648443021900667,0.7261497248584818,0.9998479593710528,FALSE,FALSE,n.s.
Q8CI11,Gnl3,-0.28701989910614245,0.6040113294893997,0.9998429551679517,0.10209405199977709,0.7300605801662766,0.9998479593710528,FALSE,FALSE,n.s.
A2A8L5,Ptprf,0.33605035289462853,0.5929337999749236,0.9998429551679517,-0.15838092371954746,0.7411680525550437,0.9998479593710528,FALSE,FALSE,n.s.
Q9D8T7,Slirp,0.4133709727446224,0.7035748045933359,0.9998429551679517,-0.614196476113554,0.6308498074374835,0.9998479593710528,FALSE,FALSE,n.s.
Q9ES07,Slc15a2,0.18646950845744908,0.7833799120370255,0.9998429551679517,0.6343588810697329,0.55110518695565,0.9998479593710528,FALSE,FALSE,n.s.
Q8C0M9,Asrgl1,0.14908200782776315,0.8730446406733942,0.9998429551679517,0.6391786879620771,0.46160806552774436,0.9998479593710528,FALSE,FALSE,n.s.
P25785,Timp2,0.2076879991324857,0.830489758352201,0.9998429551679517,0.5610383181024099,0.5044245065163522,0.9998479593710528,FALSE,FALSE,n.s.
Q641K1,Agtpbp1,-0.22352839075846978,0.6550050798571474,0.9998429551679517,0.19242472710958883,0.6799366487198842,0.9998479593710528,FALSE,FALSE,n.s.
Q91WT9,Cbs,-0.18845489290670744,0.7572281908463553,0.9998429551679517,0.2827344033529738,0.577882464864788,0.9998479593710528,FALSE,FALSE,n.s.
Q8BK72,Mrps27,-0.020024305045562612,0.9767239201782962,0.9998429551679517,0.5319534842149846,0.35839539238703155,0.9998479593710528,FALSE,FALSE,n.s.
Q8VDP4,Ccar2,-0.17214999242086335,0.7748314809795739,0.9998429551679517,0.3016203425917711,0.5604268577332905,0.9998479593710528,FALSE,FALSE,n.s.
Q9D1N9,Mrpl21,0.15728399956282238,0.8159508987717243,0.9998429551679517,-0.681416468838299,0.519382623520336,0.9998479593710528,FALSE,FALSE,n.s.
Q9D6N5,Drap1,0.275829577782149,0.7288552593629775,0.9998429551679517,0.46184723435474745,0.6065302781453437,0.9998479593710528,FALSE,FALSE,n.s.
Q9QVP9,Ptk2b,0.08334638959038755,0.837509975062369,0.9998429551679517,-0.17339396572567645,0.4986093281219156,0.9998479593710528,FALSE,FALSE,n.s.
E9Q481,Ppp4r3a,-0.08168512347675558,0.8816333805305707,0.9998429551679517,0.46584116672580556,0.4546425831531079,0.9998479593710528,FALSE,FALSE,n.s.
Q8K4K6,Pank1,-0.36622284951127065,0.36803239669300164,0.9998429551679517,-0.024432874380299664,0.968291761667696,0.9998479593710528,FALSE,FALSE,n.s.
Q921I6,Sh3bp4,-0.13091488808630122,0.8300997134152004,0.9998429551679517,0.3383094966099235,0.5063109275026492,0.9998479593710528,FALSE,FALSE,n.s.
Q9CYN9,Atp6ap2,-0.13321241755679475,0.9097196426491685,0.9998429551679517,-0.6429223760256876,0.42685796768210954,0.9998479593710528,FALSE,FALSE,n.s.
Q32P00,Cbx3,0.43338230214113843,0.6844444515649912,0.9998429551679517,0.4696134085999758,0.6525682405243285,0.9998479593710528,FALSE,FALSE,n.s.
P10649,Gstm1,-0.8462336960686477,0.47902495830288816,0.9998429551679517,0.21014556170525345,0.8580981577607592,0.9998479593710528,FALSE,FALSE,n.s.
Q3THL7,Vdac1,-0.7686097735205509,0.3644494415675721,0.9998429551679517,0.03126713391959518,0.9731114609530402,0.9998479593710528,FALSE,FALSE,n.s.
Q80W47,Wipi2,0.5351046598326119,0.45967718372222577,0.9998429551679517,0.1049887739938826,0.8781384653002207,0.9998479593710528,FALSE,FALSE,n.s.
P17809,Slc2a1,-1.0279750823091631,0.6423686331974561,0.9998429551679517,-0.6493506119472922,0.6956399428998128,0.9998479593710528,FALSE,FALSE,n.s.
P63242,Eif5a,0.030469225347106228,0.9689764797488063,0.9998429551679517,-0.7425757929405112,0.3692069613312964,0.9998479593710528,FALSE,FALSE,n.s.
Q62446,Fkbp3,-0.18085269632470677,0.8391404056298845,0.9998429551679517,0.536618210497527,0.4990645625090304,0.9998479593710528,FALSE,FALSE,n.s.
Q3U8W9,Hnrnpr,0.11662777139887234,0.8650415573078338,0.9998429551679517,0.3721674840856712,0.47323048036170834,0.9998479593710528,FALSE,FALSE,n.s.
Q8BFZ3,Actbl2,2.081977625396302,0.3434756515469606,0.9998429551679517,0.01332592991053249,0.9949594898271464,0.9998479593710528,FALSE,FALSE,n.s.
Q9R0A1,Clcn2,-0.12661820703320004,0.7602675938880372,0.9998429551679517,-0.3211362118647877,0.5782380438166053,0.9998479593710528,FALSE,FALSE,n.s.
Q9D906,Atg7,0.2820402943659682,0.5434206437008606,0.9998429551679517,0.14494686028018766,0.7951098437795152,0.9998479593710528,FALSE,FALSE,n.s.
Q7TQ95,Lnpk,0.2930694738068931,0.6447062366457472,0.9998429551679517,-0.24822457432005568,0.6940326030356396,0.9998479593710528,FALSE,FALSE,n.s.
Q8BNY6,Ncs1,0.6548001406821371,0.4502393832045172,0.9998429551679517,-0.14655025888886436,0.8888265547471469,0.9998479593710528,FALSE,FALSE,n.s.
A0A0R4J0V4,Jmy,0.039846353902625975,0.9459406002948761,0.9998429551679517,-0.442387815261364,0.39349725798138757,0.9998479593710528,FALSE,FALSE,n.s.
Q8BHC1,Rab39b,0.15971205576314138,0.7681763817663406,0.9998429551679517,0.327244377421532,0.5716478473251748,0.9998479593710528,FALSE,FALSE,n.s.
P27546,Map4,0.38300690680780997,0.4262338497370909,0.9998429551679517,-0.04250151472826357,0.9136760469880877,0.9998479593710528,FALSE,FALSE,n.s.
Q9JJY4,Ddx20,-0.1661852934860361,0.8143593897162207,0.9998429551679517,-0.8212661724907171,0.5263805674480044,0.9998479593710528,FALSE,FALSE,n.s.
O88834,Shd,-0.41454134895183115,0.38485517038830697,0.9998429551679517,0.02906137485772108,0.9562812745492376,0.9998479593710528,FALSE,FALSE,n.s.
Q80TB8,Vat1l,-0.13163547329600928,0.8184288975772418,0.9998429551679517,0.4021881060926949,0.5227320934147563,0.9998479593710528,FALSE,FALSE,n.s.
P61961,Ufm1,-0.16934486810131028,0.7682458372854921,0.9998429551679517,0.7050632805597917,0.5729864393438885,0.9998479593710528,FALSE,FALSE,n.s.
Q62419,Sh3gl1,-0.5345254208729752,0.35902567613433356,0.9998429551679517,0.013184196799009845,0.982314560468661,0.9998479593710528,FALSE,FALSE,n.s.
O88291,Znf326,0.229113270744502,0.5717191808309994,0.9998429551679517,0.11773867141541909,0.7704798861032436,0.9998479593710528,FALSE,FALSE,n.s.
Q68FM6,Elfn2,0.10689424788253796,0.77698467847041,0.9998429551679517,0.21304724782279952,0.5656245862713795,0.9998479593710528,FALSE,FALSE,n.s.
Q9Z2U0,Psma7,0.268828037938784,0.7302356013700895,0.9998429551679517,0.39834868810514235,0.6126805479033011,0.9998479593710528,FALSE,FALSE,n.s.
E9Q6P5,Ttc7b,-0.2228687062769507,0.6267284226976289,0.9998429551679517,0.16036883232335516,0.7162583375621798,0.9998479593710528,FALSE,FALSE,n.s.
A0A087WRT4,Fat1,0.09426398034614966,0.8254527808094221,0.9998429551679517,0.18036931486295185,0.5177958991902971,0.9998479593710528,FALSE,FALSE,n.s.
A0AAQ4VMQ7,Pcbp2,-0.9680360806479339,0.5714792704572276,0.9998429551679517,-0.4050853427178452,0.7718260423980634,0.9998479593710528,FALSE,FALSE,n.s.
P08249,Mdh2,-0.9070316215838308,0.4506701306018065,0.9998429551679517,0.17533608456595562,0.8930879016469933,0.9998479593710528,FALSE,FALSE,n.s.
Q6P9S0,Mtss2,0.12643899705448663,0.8848066585353436,0.9998429551679517,0.6809730158399393,0.45901188379308533,0.9998479593710528,FALSE,FALSE,n.s.
Q8BTG7,Ndrg4,0.22624856309421632,0.8265323675852282,0.9998429551679517,0.6051474160122188,0.5177233442770568,0.9998479593710528,FALSE,FALSE,n.s.
Q6A037,N4bp1,0.2559118285725965,0.5705522779770482,0.9998429551679517,-0.1655280094854877,0.773791540009553,0.9998479593710528,FALSE,FALSE,n.s.
Q99L48,Nmd3,-0.20583707435365656,0.7656962101509971,0.9998429551679517,-0.3652040413678918,0.578675248019603,0.9998479593710528,FALSE,FALSE,n.s.
Q8BTV2,Cpsf7,0.1459886001750638,0.8228657539364613,0.9998429551679517,0.370133634950319,0.5215473503028685,0.9998479593710528,FALSE,FALSE,n.s.
A0A571BEI2,Aak1,-0.18105544354519423,0.6449499003701703,0.9998429551679517,-0.21440214103890162,0.6995081233281091,0.9998479593710528,FALSE,FALSE,n.s.
O35857,Timm44,0.06934865324036972,0.868911171143242,0.9998429551679517,0.33283047367448926,0.47572507774399375,0.9998479593710528,FALSE,FALSE,n.s.
Q9EST4,Psmg2,-0.5966775813245705,0.37545226495296347,0.9998429551679517,0.023093213237984113,0.9691858722173303,0.9998479593710528,FALSE,FALSE,n.s.
P56546,Ctbp2,-1.352131604414302,0.3758543463882538,0.9998429551679517,0.046446865551056885,0.9688446247612825,0.9998479593710528,FALSE,FALSE,n.s.
Q8CIB5,Fermt2,-0.05940314162726644,0.8785359253939229,0.9998429551679517,0.27455435154395524,0.4662421197801858,0.9998479593710528,FALSE,FALSE,n.s.
Q3U5F4,Yrdc,-0.05078301331328736,0.9553162334849735,0.9998429551679517,1.0343466812240538,0.38954228201927393,0.9998479593710528,FALSE,FALSE,n.s.
Q9Z0G0,Gipc1,-0.13782118538375634,0.8588251463962004,0.9998429551679517,0.5190255671263998,0.48631680436678815,0.9998479593710528,FALSE,FALSE,n.s.
P42567,Eps15,-0.1703810034879818,0.6670174689745363,0.9998429551679517,0.14174370663542107,0.6784246606542051,0.9998479593710528,FALSE,FALSE,n.s.
O35250,Exoc7,-0.2090564241444551,0.5646196290177357,0.9998429551679517,0.10024035466436156,0.7811112537172481,0.9998479593710528,FALSE,FALSE,n.s.
Q91YT0,Ndufv1,0.37355177162823655,0.6211139738709486,0.9998429551679517,0.2931683360386918,0.7250400491569207,0.9998479593710528,FALSE,FALSE,n.s.
O54916,Reps1,0.3322774953555005,0.5025193335377395,0.9998429551679517,-0.07426992620005612,0.8436863736130014,0.9998479593710528,FALSE,FALSE,n.s.
Q9CWK8,Snx2,0.26131838159249987,0.6055890505546238,0.9998429551679517,0.16962267495986344,0.740797870131282,0.9998479593710528,FALSE,FALSE,n.s.
Q3UYV9,Ncbp1,-0.6779701738090071,0.36921620701108593,0.9998429551679517,-0.017662334923199813,0.977190435234895,0.9998479593710528,FALSE,FALSE,n.s.
Q8K2P7,Slc38a1,0.42419110327607995,0.47918859168429695,0.9998429551679517,-0.06527474946973402,0.8674892289786946,0.9998479593710528,FALSE,FALSE,n.s.
Q0VBL3,Rbm15,0.33891234019707467,0.6115040799729616,0.9998429551679517,0.17179187315128663,0.7352853652797868,0.9998479593710528,FALSE,FALSE,n.s.
Q9JIF7,Copb1,0.09641794722570547,0.8192108953161299,0.9998429551679517,0.2673054034772763,0.5278141926808537,0.9998479593710528,FALSE,FALSE,n.s.
Q9QXJ1,Apbb1,0.005898908105978777,0.9931532421044473,0.9998429551679517,0.4225162134968769,0.3540569335585434,0.9998479593710528,FALSE,FALSE,n.s.
Q9D832,Dnajb4,-0.02189839095702868,0.9684462175578312,0.9998429551679517,0.5482476559415755,0.37894276160974627,0.9998479593710528,FALSE,FALSE,n.s.
Q6PFD5,Dlgap3,-0.2055658940424127,0.7398833567272698,0.9998429551679517,-0.19863804102410007,0.6076672131223577,0.9998479593710528,FALSE,FALSE,n.s.
A0A0G2JEU1,Aldh2,-0.019442042717681428,0.9785910326915391,0.9998429551679517,0.6537176119801805,0.36931500411872153,0.9998479593710528,FALSE,FALSE,n.s.
Q8CHX7,Rftn2,0.46401685510113005,0.6431333967169991,0.9998429551679517,0.37044097761687833,0.7049476887552135,0.9998479593710528,FALSE,FALSE,n.s.
A0A0R4J1E2,Eef1d,0.802081789882609,0.40378437574384807,0.9998429551679517,0.06432568008262281,0.9447690269944166,0.9998479593710528,FALSE,FALSE,n.s.
Q8VDJ3,Hdlbp,0.2221990915074594,0.5298798215551255,0.9998429551679517,-0.07540899903383183,0.819071281205218,0.9998479593710528,FALSE,FALSE,n.s.
Q9QUH0,Glrx,0.4278404351852405,0.7131136003777545,0.9998429551679517,0.9086226394011888,0.6360702840493717,0.9998479593710528,FALSE,FALSE,n.s.
P84084,Arf5,0.3805144803216532,0.7428993117578555,0.9998429551679517,0.6586924569125239,0.606301476537626,0.9998479593710528,FALSE,FALSE,n.s.
Q8R1F6,Hid1,-0.4314806739977101,0.5516253391548467,0.9998429551679517,-0.12912603329532873,0.7979784356925476,0.9998479593710528,FALSE,FALSE,n.s.
Q7TSH2,Phkb,-0.13031637625694595,0.7704543499896448,0.9998429551679517,0.23820412905140473,0.5796661867929033,0.9998479593710528,FALSE,FALSE,n.s.
Q569Z6,Thrap3,-0.28527188263476216,0.5459176333767872,0.9998429551679517,-0.10746989368385618,0.8043639966898586,0.9998479593710528,FALSE,FALSE,n.s.
Q99N28,Cadm3,-0.4979832446645862,0.5745877267201203,0.9998429551679517,0.2615561147186415,0.7760531985310748,0.9998479593710528,FALSE,FALSE,n.s.
Q8R123,Flad1,0.16587351341820397,0.8123776814626311,0.9998429551679517,-0.2728189822379703,0.5383780054537602,0.9998479593710528,FALSE,FALSE,n.s.
O08992,Sdcbp,0.48790971221086443,0.7860828510079352,0.9998429551679517,-0.5374930294226383,0.564679510798418,0.9998479593710528,FALSE,FALSE,n.s.
D3YWT1,Hnrnph3,0.4047573221099269,0.42588690603798335,0.9998429551679517,0.050892611510167975,0.9252588126372908,0.9998479593710528,FALSE,FALSE,n.s.
Q6PAJ1,Bcr,0.18197596830521212,0.6838948982648142,0.9998429551679517,-0.1647163856807868,0.6677470471933304,0.9998479593710528,FALSE,FALSE,n.s.
D3YYT1,Glyr1,-0.03271165464859576,0.947678851153466,0.9998429551679517,0.4028228357300778,0.4044658905629218,0.9998479593710528,FALSE,FALSE,n.s.
Q6DID3,Scaf8,-6.023442764566124e-4,0.9996379573247691,0.9998429551679517,-0.9266020416051964,0.3527234015078019,0.9998479593710528,FALSE,FALSE,n.s.
Q9CQN7,Mrpl41,-0.07441694119272518,0.9106895033667901,0.9998429551679517,0.4045452237617012,0.44183933872333514,0.9998479593710528,FALSE,FALSE,n.s.
O35295,Purb,0.5786300795172307,0.5510939504370838,0.9998429551679517,0.21430201701948862,0.8016101632599452,0.9998479593710528,FALSE,FALSE,n.s.
P70213,Fv1,-0.42466432416586014,0.6733444092228553,0.9998429551679517,-0.6276566530766368,0.679420839567152,0.9998479593710528,FALSE,FALSE,n.s.
Q9EQJ9,Magi3,-0.3691385532245008,0.3653166117369451,0.9998429551679517,-0.007233760215574725,0.987571144916276,0.9998479593710528,FALSE,FALSE,n.s.
Q9EQI8,Mrpl46,-0.03131968466972981,0.963393778072138,0.9998429551679517,0.6215700644246007,0.38988987466002356,0.9998479593710528,FALSE,FALSE,n.s.
Q9JLZ3,Auh,-0.1742125550178178,0.8144369595750831,0.9998429551679517,-0.3864574537088462,0.5389496956769644,0.9998479593710528,FALSE,FALSE,n.s.
A2AD03,Chm,-0.19161444386609566,0.7423366752161378,0.9998429551679517,0.2138434766050873,0.6112880546850836,0.9998479593710528,FALSE,FALSE,n.s.
Q9WUR9,Ak4,-0.7574983241993678,0.40201076123937685,0.9998429551679517,-0.04552592253996987,0.9517036458672139,0.9998479593710528,FALSE,FALSE,n.s.
P70663,Sparcl1,-0.20043673564561645,0.6283419028347156,0.9998429551679517,0.15290626932826357,0.7257137022100458,0.9998479593710528,FALSE,FALSE,n.s.
O89106,Fhit,-0.30749321385274603,0.7649276821993953,0.9998429551679517,-0.4715588588094454,0.5891303072361183,0.9998479593710528,FALSE,FALSE,n.s.
Q9R0E2,Plod1,-0.1942309778251553,0.6255447629609203,0.9998429551679517,0.21102992102782941,0.7287496027464373,0.9998479593710528,FALSE,FALSE,n.s.
Q80ZU0,Arl5a,0.42149824213869513,0.48409764459151666,0.9998429551679517,0.10522981519093984,0.8703138353361144,0.9998479593710528,FALSE,FALSE,n.s.
P28352,Apex1,0.49111961531837645,0.5599630587488793,0.9998429551679517,0.24167651939525403,0.7945402229985349,0.9998479593710528,FALSE,FALSE,n.s.
Q9QYI5,Dnajb2,0.461943066094307,0.5141155483636191,0.9998429551679517,0.17095128216780503,0.8404228232564912,0.9998479593710528,FALSE,FALSE,n.s.
Q9D281,Fam114a1,0.016612382988590205,0.9701694359827884,0.9998429551679517,0.3512365954690265,0.3847642443388297,0.9998479593710528,FALSE,FALSE,n.s.
P53612,Rabggtb,0.49785770672437113,0.6171601002482754,0.9998429551679517,0.3184320075634241,0.7382051712553159,0.9998479593710528,FALSE,FALSE,n.s.
Q80U28,Madd,0.28887087243481163,0.6903461992671378,0.9998429551679517,0.29679225221309563,0.6651680783994787,0.9998479593710528,FALSE,FALSE,n.s.
Q9ES00,Ube4b,0.17025187420092147,0.6289388173839598,0.9998429551679517,-0.1414522488028475,0.7268101071758535,0.9998479593710528,FALSE,FALSE,n.s.
Q9D172,Gatd3,0.2626949977582663,0.7330544583106033,0.9998429551679517,0.3756301200894095,0.622946017082795,0.9998479593710528,FALSE,FALSE,n.s.
Q8BYK5,Phactr3,0.4681001863941081,0.5188314206290783,0.9998429551679517,-0.15569832255166308,0.8371790451965091,0.9998479593710528,FALSE,FALSE,n.s.
Q99JN2,Klhl22,-0.5505422043764717,0.4186955350989138,0.9998429551679517,0.05947036803770389,0.9373521887180005,0.9998479593710528,FALSE,FALSE,n.s.
Q8VI59,Pcnx3,1.1697023775300437,0.4319669105544729,0.9998429551679517,0.11652160563748487,0.9241303851900686,0.9998479593710528,FALSE,FALSE,n.s.
Q921M7,Cyrib,-0.2983830305993758,0.7517401636549761,0.9998429551679517,0.41861449480475,0.6046549540937267,0.9998479593710528,FALSE,FALSE,n.s.
Q6PF93,Pik3c3,-0.24783159160498647,0.42448155500571105,0.9998429551679517,0.03045759226185704,0.9319896525937826,0.9998479593710528,FALSE,FALSE,n.s.
Q8BH24,Tm9sf4,0.027570355996292407,0.9492333305159145,0.9998429551679517,0.7009168226127868,0.40735293125858385,0.9998479593710528,FALSE,FALSE,n.s.
Q9ERB0,Snap29,0.016209647866749312,0.97871053470845,0.9998429551679517,-0.4306739250162532,0.37810593669492387,0.9998479593710528,FALSE,FALSE,n.s.
P01831,Thy1,1.3848219857841095,0.6810327158373606,0.9998429551679517,1.5349678950855847,0.6765464446178355,0.9998479593710528,FALSE,FALSE,n.s.
Q8K4G5,Ablim1,-0.03893872439579237,0.9156189523834861,0.9998429551679517,0.27437409285928116,0.44201002224389296,0.9998479593710528,FALSE,FALSE,n.s.
Q69ZR9,Tasor,0.42727211718893554,0.38971618039287037,0.9998429551679517,-0.016607392167419584,0.9681718162188847,0.9998479593710528,FALSE,FALSE,n.s.
Q9QUG9,Rasgrp2,-0.395781066030274,0.6183553058039121,0.9998429551679517,0.23640347126633324,0.7395426282283547,0.9998479593710528,FALSE,FALSE,n.s.
Q3TE12,Slc25a44,0.20970746836517612,0.7876564696575135,0.9998429551679517,-0.4298925145972711,0.5703275204036999,0.9998479593710528,FALSE,FALSE,n.s.
Q9R0P9,Uchl1,-0.5612266854808942,0.5891823056703815,0.9998429551679517,-0.28764676681910367,0.7688076988471896,0.9998479593710528,FALSE,FALSE,n.s.
A0A0R4J0L5,Cog6,0.509697973874606,0.4212257570491612,0.9998429551679517,-0.05192191140315961,0.9370608473684598,0.9998479593710528,FALSE,FALSE,n.s.
Q9QZM0,Ubqln2,0.28685715901514935,0.8524802644770137,0.9998429551679517,-1.0649107029651455,0.505912111024831,0.9998479593710528,FALSE,FALSE,n.s.
P24668,M6pr,-0.6872741526820444,0.3887605260340157,0.9998429551679517,0.03706573280706403,0.9697187278739559,0.9998479593710528,FALSE,FALSE,n.s.
Q9WVJ2,Psmd13,-0.08654978357184474,0.8836283888503143,0.9998429551679517,0.41051361219996924,0.4750659837538105,0.9998479593710528,FALSE,FALSE,n.s.
Q6RI63,Fam120b,-0.2815694216031398,0.4660874693277879,0.9998429551679517,0.04037341224267638,0.8933598219592902,0.9998479593710528,FALSE,FALSE,n.s.
P60335,Pcbp1,1.0088856937518496,0.4753601001890244,0.9998429551679517,-0.22285848171901787,0.8844720084396495,0.9998479593710528,FALSE,FALSE,n.s.
Q8K4M5,Commd1,0.1169965101792883,0.8923590665001301,0.9998429551679517,1.1058579534035595,0.4680649223729568,0.9998479593710528,FALSE,FALSE,n.s.
P51163,Uros,-0.19281829417564786,0.759377090979214,0.9998429551679517,0.37974550474958607,0.6011786772948049,0.9998479593710528,FALSE,FALSE,n.s.
P54869,Hmgcs2,0.10829448460642012,0.8960882147380296,0.9998429551679517,0.5151744480125978,0.4650069350129677,0.9998479593710528,FALSE,FALSE,n.s.
Q9CQH7,Btf3l4,-0.5490990271572938,0.570663931963481,0.9998429551679517,0.21354458248512767,0.7905929249606546,0.9998479593710528,FALSE,FALSE,n.s.
Q9CQ06,Mrpl24,-0.1774372992434584,0.8229786171669132,0.9998429551679517,-0.41699266557892845,0.5383330508692116,0.9998479593710528,FALSE,FALSE,n.s.
Q69ZS7,Hbs1l,0.14314084308485286,0.7352228818181886,0.9998429551679517,0.16773912407887323,0.6266778075300579,0.9998479593710528,FALSE,FALSE,n.s.
Q91X72,Hpx,0.285171824572619,0.4291841691992241,0.9998429551679517,-0.043561239966887474,0.9329096109583238,0.9998479593710528,FALSE,FALSE,n.s.
Q9JLQ0,Cd2ap,0.07372748257712426,0.8500035420333891,0.9998429551679517,0.2521175938588139,0.5123350840762813,0.9998479593710528,FALSE,FALSE,n.s.
Q6GV12,Kdsr,0.658774955129174,0.3913185219448224,0.9998429551679517,0.03217794446597739,0.9713011389620925,0.9998479593710528,FALSE,FALSE,n.s.
Q9Z1T6,Pikfyve,0.25303213703767635,0.3750040168894029,0.9998429551679517,0.0048430521111077485,0.9882717067221961,0.9998479593710528,FALSE,FALSE,n.s.
P54729,Nub1,-0.2271958869059719,0.6293628023639315,0.9998429551679517,0.1435005982282774,0.7339731340523561,0.9998479593710528,FALSE,FALSE,n.s.
A0A338P6J0,Dlg2,-0.2830806839021342,0.41057085327221066,0.9998429551679517,0.06550656480235106,0.9532344324532258,0.9998479593710528,FALSE,FALSE,n.s.
Q99MD9,Nasp,-0.23285927983255444,0.651039020097821,0.9998429551679517,0.15535538564203025,0.7129251310561144,0.9998479593710528,FALSE,FALSE,n.s.
Q8K274,Fn3krp,0.3000628368014121,0.6618102768963523,0.9998429551679517,0.22165490823038306,0.7022391257502727,0.9998479593710528,FALSE,FALSE,n.s.
Q9R0M4,Podxl,-1.033385480924643,0.3820976101652508,0.9998429551679517,0.024651027785310343,0.982001244459629,0.9998479593710528,FALSE,FALSE,n.s.
P06802,Enpp1,0.503048878163176,0.3851617668260559,0.9998429551679517,-0.01107523812079811,0.9789459545560617,0.9998479593710528,FALSE,FALSE,n.s.
Q8C341,Suco,0.25104167263799143,0.7731380054609551,0.9998429551679517,0.34263413860464387,0.5914801991268288,0.9998479593710528,FALSE,FALSE,n.s.
Q9CR00,Psmd9,-0.8331125185714234,0.41668622973685804,0.9998429551679517,0.08134138038935762,0.9480520260200936,0.9998479593710528,FALSE,FALSE,n.s.
Q8VDU5,Snrk,0.3494852119176049,0.4792945760240751,0.9998429551679517,0.05644554649836576,0.8856069653678239,0.9998479593710528,FALSE,FALSE,n.s.
B9EJ80,Pdzd8,-0.053044160562020236,0.8531395578460348,0.9998429551679517,0.19328324381040796,0.5117936035734381,0.9998479593710528,FALSE,FALSE,n.s.
Q8VCW8,Acsf2,-0.3115747958424443,0.5271570087247024,0.9998429551679517,-0.0994007120745676,0.8380167474339402,0.9998479593710528,FALSE,FALSE,n.s.
A2AKD7,Snta1,0.17372064887688385,0.8445455547846479,0.9998429551679517,-0.6350390007562365,0.5206917360497706,0.9998479593710528,FALSE,FALSE,n.s.
P80318,Cct3,0.0015132869720437812,0.9980681268247376,0.9998429551679517,0.5456269038335756,0.3675371493929076,0.9998479593710528,FALSE,FALSE,n.s.
Q8CBC8,Bcat1,-0.19744034027815036,0.8554297636903776,0.9998429551679517,0.7480431557651641,0.5103320486815688,0.9998479593710528,FALSE,FALSE,n.s.
Q922M3,Kctd10,-0.15868021081722777,0.7903233401242434,0.9998429551679517,-0.3027437074596546,0.5759082902388316,0.9998479593710528,FALSE,FALSE,n.s.
Q6PB93,Galnt2,-0.31025182456807887,0.5389352993056297,0.9998429551679517,0.19169878981483388,0.8283268320074539,0.9998479593710528,FALSE,FALSE,n.s.
Q7TN29,Smap2,-0.43744936567087594,0.4343279049847478,0.9998429551679517,0.06377339937463425,0.9333297384957872,0.9998479593710528,FALSE,FALSE,n.s.
Q8VEJ9,Vps4a,-0.3097519400224162,0.6063094278132612,0.9998429551679517,0.1629601516311637,0.7614992232424075,0.9998479593710528,FALSE,FALSE,n.s.
B2RXS4,Plxnb2,0.029318745559351767,0.9301256215978344,0.9998429551679517,0.2794219396027423,0.43774268527298643,0.9998479593710528,FALSE,FALSE,n.s.
H3BJD6,Ppp1r9a,-0.051964156134903516,0.9089629079844679,0.9998429551679517,0.31816572280942057,0.45900787832400547,0.9998479593710528,FALSE,FALSE,n.s.
Q8CFV9,Rfk,-0.47146901693162707,0.417134502755916,0.9998429551679517,0.028286904685327473,0.9509915414594431,0.9998479593710528,FALSE,FALSE,n.s.
Q9CZX0,Elp3,0.4948533686784375,0.6741793747259126,0.9998429551679517,-0.40310331657178017,0.6943499284861876,0.9998479593710528,FALSE,FALSE,n.s.
Q8BRF7,Scfd1,-0.00818307423639518,0.9846174699274266,0.9998429551679517,0.34791427660560154,0.3839966416373045,0.9998479593710528,FALSE,FALSE,n.s.
P16330,Cnp,0.22860796879879156,0.7378588528287894,0.9998429551679517,0.3862671504714087,0.6307562027455234,0.9998479593710528,FALSE,FALSE,n.s.
F7BJK1,Pcdh1,-0.5249260274680717,0.417232696715651,0.9998429551679517,-0.03686629966576271,0.9515052536373848,0.9998479593710528,FALSE,FALSE,n.s.
Q80ZI6,Lrsam1,-0.020701127743981692,0.9656033545616152,0.9998429551679517,-0.37501467668152366,0.40340933399540446,0.9998479593710528,FALSE,FALSE,n.s.
Q9CZ30,Ola1,-0.023363274262825508,0.9609647889972686,0.9998429551679517,-0.4314762974303607,0.408096503812452,0.9998479593710528,FALSE,FALSE,n.s.
Q3ULD5,Mccc2,-0.3132574198013859,0.5064974406090524,0.9998429551679517,0.09712618043757804,0.8628055259171149,0.9998479593710528,FALSE,FALSE,n.s.
Q3UYC0,Ppm1h,-0.19721301133329425,0.7081843323903013,0.9998429551679517,0.17238099793584477,0.6611790364668055,0.9998479593710528,FALSE,FALSE,n.s.
E9Q1U6,Ctif,-0.22268083813693365,0.6953408245538781,0.9998429551679517,-0.23799256246919645,0.6741336995663372,0.9998479593710528,FALSE,FALSE,n.s.
Q8R310,Tmcc3,-0.34398310733621623,0.5644728146667547,0.9998429551679517,0.12805964303060727,0.8058877127961386,0.9998479593710528,FALSE,FALSE,n.s.
P62259,Ywhae,-0.03219477765916583,0.9691455902250059,0.9998429551679517,0.6406861730927229,0.40131694015981256,0.9998479593710528,FALSE,FALSE,n.s.
Q8BH15,Cnot10,0.04006690141121887,0.9331679050029866,0.9998429551679517,-0.4449832903928564,0.4373108986855948,0.9998479593710528,FALSE,FALSE,n.s.
Q8BH66,Atl1,-0.27089264524142037,0.5860912206709443,0.9998429551679517,-0.1330434398156995,0.7845804178587483,0.9998479593710528,FALSE,FALSE,n.s.
Q60598,Cttn,-0.08685569350452116,0.885846103174546,0.9998429551679517,-0.40738303056488956,0.4848351308285007,0.9998479593710528,FALSE,FALSE,n.s.
P23116,Eif3a,-0.1837937227481691,0.6138628161766367,0.9998429551679517,-0.10676524889965366,0.7568505280639749,0.9998479593710528,FALSE,FALSE,n.s.
Q99PB4,Maged2,0.07040977100712226,0.8644012375131718,0.9998429551679517,0.39272071094280714,0.5064135725292629,0.9998479593710528,FALSE,FALSE,n.s.
Q9CWL8,Ctnnbl1,0.20550685160794044,0.6976389420345261,0.9998429551679517,0.2414722569631733,0.6732397388879459,0.9998479593710528,FALSE,FALSE,n.s.
P97445,Cacna1a,-0.20528144586638153,0.5795369562380674,0.9998429551679517,0.16355178406423787,0.7913944584102659,0.9998479593710528,FALSE,FALSE,n.s.
Q9CRC6,Borcs7,-0.33334491870638344,0.719673155610167,0.9998429551679517,0.3557392535841565,0.6515773979506726,0.9998479593710528,FALSE,FALSE,n.s.
Q9JKF7,Mrpl39,-0.1719381112305148,0.7101457457645901,0.9998429551679517,-0.23974137530794298,0.6612697979276037,0.9998479593710528,FALSE,FALSE,n.s.
Q3V3R4,Itga1,0.07430915142397623,0.7680752198716394,0.9998429551679517,0.25127587045718386,0.6037070838767984,0.9998479593710528,FALSE,FALSE,n.s.
P31750,Akt1,-0.1653877957853562,0.7572487565110132,0.9998429551679517,0.2718473146797286,0.6151365917654059,0.9998479593710528,FALSE,FALSE,n.s.
Q9JKC6,Cend1,-0.168260127648673,0.8918744550377572,0.9998429551679517,-0.9225259677555935,0.4806925928607899,0.9998479593710528,FALSE,FALSE,n.s.
Q8BGR2,Lrrc8d,-0.10029736529681815,0.7767972771051568,0.9998429551679517,0.19581865525239464,0.5968930151705223,0.9998479593710528,FALSE,FALSE,n.s.
O89023,Tpp1,-0.9923132315994433,0.5346223383934039,0.9998429551679517,-0.3116289035247276,0.8391490718317491,0.9998479593710528,FALSE,FALSE,n.s.
Q8JZR6,Slc4a8,0.2021386145121564,0.6476735929034299,0.9998429551679517,-0.1454066623610837,0.726262963033405,0.9998479593710528,FALSE,FALSE,n.s.
P62488,Polr2g,-0.4661735352420546,0.5299186870425309,0.9998429551679517,0.09442915297014895,0.8440940290478451,0.9998479593710528,FALSE,FALSE,n.s.
Q60972,Rbbp4,-0.4778138019858158,0.5920071131231363,0.9998429551679517,0.16802192639792568,0.7820648444578073,0.9998479593710528,FALSE,FALSE,n.s.
Q62165,Dag1,0.38551322424962464,0.42378098852480917,0.9998429551679517,0.03372620817535071,0.9504363921655798,0.9998479593710528,FALSE,FALSE,n.s.
Q5BL07,Pex1,-0.21152847191290824,0.7235393178040108,0.9998429551679517,-0.3063274455680997,0.6508627928106614,0.9998479593710528,FALSE,FALSE,n.s.
G5E897,Poglut3,-0.13077841645022686,0.8612816389333984,0.9998429551679517,-0.568837095900078,0.5145233506206942,0.9998479593710528,FALSE,FALSE,n.s.
Q9CY64,Blvra,-0.23539932156786433,0.7785653396544425,0.9998429551679517,-0.4660324362058563,0.5976452462668882,0.9998479593710528,FALSE,FALSE,n.s.
O35855,Bcat2,-0.6290998271971775,0.45698469187003543,0.9998429551679517,-0.08645404878176298,0.9194652111598769,0.9998479593710528,FALSE,FALSE,n.s.
Q64669,Nqo1,0.3811483446973067,0.5722940610738769,0.9998429551679517,-0.17571502939073647,0.8041842173262639,0.9998479593710528,FALSE,FALSE,n.s.
Q6TEK5,Vkorc1l1,-0.4142151966217695,0.7719639473669218,0.9998429551679517,0.5425924144687189,0.6045361743341364,0.9998479593710528,FALSE,FALSE,n.s.
Q8BTF8,Ralyl,0.6441406518346567,0.4237758458727647,0.9998429551679517,0.04721401788156396,0.9528628247834996,0.9998479593710528,FALSE,FALSE,n.s.
A0A286YDB3,Tbc1d5,0.5803116069136453,0.43873943430050344,0.9998429551679517,-0.03735581508402553,0.9379082411245057,0.9998479593710528,FALSE,FALSE,n.s.
P97792,Cxadr,0.19924172293025338,0.6963805438510271,0.9998429551679517,0.29565221565183336,0.68039700152452,0.9998479593710528,FALSE,FALSE,n.s.
Q3URX8,Gemin4,0.2357631072217499,0.47553588793594537,0.9998429551679517,-0.04495256024666439,0.9012856837406731,0.9998479593710528,FALSE,FALSE,n.s.
Q9WV54,Asah1,0.22751759796825036,0.8098799327749598,0.9998429551679517,0.5221382250844179,0.5671430113214022,0.9998479593710528,FALSE,FALSE,n.s.
Q9WTR6,Slc7a11,0.17635419799180788,0.7806259323322557,0.9998429551679517,0.45461819725069746,0.5967552130752958,0.9998479593710528,FALSE,FALSE,n.s.
P25444,Rps2,0.23034130349895474,0.8134740135379234,0.9998429551679517,-0.46927845150276803,0.5641360009633546,0.9998479593710528,FALSE,FALSE,n.s.
Q9D4H1,Exoc2,0.21081637511677595,0.5634900498015606,0.9998429551679517,0.07924608406793275,0.8141409801058849,0.9998479593710528,FALSE,FALSE,n.s.
Q923B1,Dbr1,-0.6013084653870548,0.5578248229013698,0.9998429551679517,0.17317873006016507,0.8200355319801619,0.9998479593710528,FALSE,FALSE,n.s.
Q9CR41,Hypk,-0.623722186269634,0.5246318902588714,0.9998429551679517,-0.14043579372012288,0.8538154439052824,0.9998479593710528,FALSE,FALSE,n.s.
Q8R1B4,Eif3c,0.11508876700159186,0.8196724794631773,0.9998429551679517,0.2522383289324888,0.5589062947121393,0.9998479593710528,FALSE,FALSE,n.s.
P56394,Cox17,-0.23407469949041404,0.7697584729650466,0.9998429551679517,0.3592377805136508,0.6091942358457098,0.9998479593710528,FALSE,FALSE,n.s.
Q9ER88,Dap3,-0.21946309404341036,0.695328965154747,0.9998429551679517,0.27475365198949275,0.6837817309711631,0.9998479593710528,FALSE,FALSE,n.s.
P51830,Adcy9,-0.2574539745672309,0.5567308126005857,0.9998429551679517,0.08183065297971961,0.8224596111406112,0.9998479593710528,FALSE,FALSE,n.s.
Q8R4X3,Rbm12,0.2040573720340693,0.6732866667839513,0.9998429551679517,-0.30554250836671937,0.7060735488100126,0.9998479593710528,FALSE,FALSE,n.s.
O88653,Lamtor3,-0.1050187586069274,0.9307661667744511,0.9998429551679517,0.5851564086608364,0.44862024001377887,0.9998479593710528,FALSE,FALSE,n.s.
P39429,Traf2,-0.3789996869213464,0.465812364639389,0.9998429551679517,0.08010852774329151,0.9138334392818909,0.9998479593710528,FALSE,FALSE,n.s.
A0A0A0MQ99,Swi5,0.13213797340057776,0.8345604062134326,0.9998429551679517,0.4231555666215363,0.5452038533500102,0.9998479593710528,FALSE,FALSE,n.s.
Q64511,Top2b,0.1854725535147315,0.4761247404577553,0.9998429551679517,0.03197532346602195,0.9037827307616659,0.9998479593710528,FALSE,FALSE,n.s.
Q05186,Rcn1,0.02396883514250659,0.9673669058937155,0.9998429551679517,-0.4245570784967089,0.4128907954291251,0.9998479593710528,FALSE,FALSE,n.s.
Q923D5,Wbp11,-0.16911651072467168,0.7173510402757268,0.9998429551679517,0.27058105873588695,0.6629645869814408,0.9998479593710528,FALSE,FALSE,n.s.
Q9JL26,Fmnl1,-0.3776396514426082,0.41564434309560805,0.9998429551679517,0.017606604843219482,0.9647862496304174,0.9998479593710528,FALSE,FALSE,n.s.
O08848,RO60,0.3518369134595356,0.5842338041559456,0.9998429551679517,0.1431658826225043,0.7962410064820347,0.9998479593710528,FALSE,FALSE,n.s.
A2AJA9,Ajm1,0.241392415150915,0.5815598363794962,0.9998429551679517,-0.08302628838977372,0.7989734777797719,0.9998479593710528,FALSE,FALSE,n.s.
Q5NCE8,Mrs2,0.2775035444574676,0.703218166260252,0.9998429551679517,-0.3540965340004958,0.6774061702482729,0.9998479593710528,FALSE,FALSE,n.s.
Q8QZR5,Gpt,-0.3274705807562691,0.7763896757490446,0.9998429551679517,-0.4256903454150051,0.6043292794932811,0.9998479593710528,FALSE,FALSE,n.s.
Q8VCM4,Lipt1,0.20331612008513836,0.6302030429648732,0.9998429551679517,-0.2142242669635591,0.7505638013005982,0.9998479593710528,FALSE,FALSE,n.s.
Q60963,Pla2g7,0.27893344564694245,0.525264599146056,0.9998429551679517,0.12665085167473383,0.8562552619310957,0.9998479593710528,FALSE,FALSE,n.s.
Q60823,Akt2,-0.06079198089372482,0.9284668950975556,0.9998429551679517,-0.5981211510389058,0.45408392916584406,0.9998479593710528,FALSE,FALSE,n.s.
P63085,Mapk1,0.28253456393547205,0.7017695359097335,0.9998429551679517,0.2994061645078614,0.68080786307323,0.9998479593710528,FALSE,FALSE,n.s.
A2APX8,Scn1a,0.09255839281970057,0.8323062106299232,0.9998429551679517,0.26395683375755846,0.5503524630300564,0.9998479593710528,FALSE,FALSE,n.s.
P50247,Ahcy,0.5257840567877311,0.4307768822443844,0.9998429551679517,-0.039941610600056854,0.9526579030483586,0.9998479593710528,FALSE,FALSE,n.s.
Q8K2L8,Trappc12,0.20546994979327288,0.7340389920466449,0.9998429551679517,-0.21185059058161304,0.6500704623708562,0.9998479593710528,FALSE,FALSE,n.s.
Q8C166,Cpne1,-0.34084699488281256,0.6943283707200919,0.9998429551679517,0.3583468819066813,0.690672504943358,0.9998479593710528,FALSE,FALSE,n.s.
Q6ZPY2,Smg5,-0.031113772951079508,0.9316666987522284,0.9998429551679517,0.2831854064305925,0.45347361977498724,0.9998479593710528,FALSE,FALSE,n.s.
Q6ZPS6,Ankib1,-0.1654735235497461,0.8649586281498562,0.9998429551679517,0.5361838036479554,0.5203516201566065,0.9998479593710528,FALSE,FALSE,n.s.
Q9Z107,Pakap,-0.32367780029702764,0.7729281971693032,0.9998429551679517,0.6297374134993755,0.6126010836824487,0.9998479593710528,FALSE,FALSE,n.s.
P56375,Acyp2,-0.4948820133511792,0.5727431669546736,0.9998429551679517,-0.2976663182894095,0.8131796574990402,0.9998479593710528,FALSE,FALSE,n.s.
Q3UCV8,Otulin,-0.03612727137852432,0.9479765612535601,0.9998429551679517,0.43971186675185403,0.4382213573708903,0.9998479593710528,FALSE,FALSE,n.s.
Q3TL44,Nlrx1,0.2713103561465801,0.7750421295328155,0.9998429551679517,-0.4147688140543347,0.6111693978145278,0.9998479593710528,FALSE,FALSE,n.s.
Q9EQQ9,Oga,0.15682966391775569,0.7103002800035378,0.9998429551679517,0.1574563235195079,0.67592338180176,0.9998479593710528,FALSE,FALSE,n.s.
O70252,Hmox2,0.36585818037879225,0.5636701540670961,0.9998429551679517,0.13964850356164674,0.8227484370358784,0.9998479593710528,FALSE,FALSE,n.s.
Q6PFX9,Tnks,-0.04196415041925747,0.9123314545330449,0.9998429551679517,0.26461298643227654,0.4743624921562273,0.9998479593710528,FALSE,FALSE,n.s.
Q99LI8,Hgs,-0.16666394689459763,0.7142002222516588,0.9998429551679517,0.20130213355085597,0.6725814615613772,0.9998479593710528,FALSE,FALSE,n.s.
Q9WTX8,Mad1l1,0.07020810482234352,0.8707676169365166,0.9998429551679517,-0.30533388591300337,0.5172435977693317,0.9998479593710528,FALSE,FALSE,n.s.
A0A411ACY8,Cacna2d1,-0.05830853448458464,0.9003623516454881,0.9998429551679517,-0.28512091426186087,0.48783375279429186,0.9998479593710528,FALSE,FALSE,n.s.
Q8CI51,Pdlim5,0.15794883181749586,0.7492586273427932,0.9998429551679517,0.21679407870630085,0.6391189363810925,0.9998479593710528,FALSE,FALSE,n.s.
Q6ZWZ2,Ube2r2,0.9668752197185044,0.6620748305426741,0.9998429551679517,-0.35376902512792735,0.7264915119897084,0.9998479593710528,FALSE,FALSE,n.s.
Q5DTN8,Jakmip3,-0.15080167531581024,0.6959270592318629,0.9998429551679517,0.126265359527136,0.692698493695693,0.9998479593710528,FALSE,FALSE,n.s.
Q9JIA1,Lgi1,-0.03206941605577474,0.9622597749413183,0.9998429551679517,0.5034601715947656,0.42643797396446803,0.9998479593710528,FALSE,FALSE,n.s.
Q8K0D0,Cdk17,0.27170826413359345,0.5350631146409857,0.9998429551679517,-0.09922730824863667,0.8536771893136671,0.9998479593710528,FALSE,FALSE,n.s.
Q8K1H1,Tdrd7,0.054835483537710755,0.8402528438104739,0.9998429551679517,-0.2050886915854442,0.5487744112632866,0.9998479593710528,FALSE,FALSE,n.s.
Q8K1S4,Unc5a,0.4647428877126877,0.48094228741013345,0.9998429551679517,0.10556575089890002,0.9081342884645258,0.9998479593710528,FALSE,FALSE,n.s.
Q9D7M1,Gid8,-0.7180751302981766,0.444686575187054,0.9998429551679517,0.07479568246108596,0.944443488434137,0.9998479593710528,FALSE,FALSE,n.s.
A0A087WS16,Col6a3,0.16672786846135268,0.5348424043023432,0.9998429551679517,-0.052649738858041306,0.8543356960809187,0.9998479593710528,FALSE,FALSE,n.s.
Q3TJZ6,Fam98a,-0.5667906833375029,0.4213321752034639,0.9998429551679517,-0.028864328064911658,0.9681299368723073,0.9998479593710528,FALSE,FALSE,n.s.
Q8CGY8,Ogt,-0.19418747183366186,0.6439011790905336,0.9998429551679517,-0.11828615230031325,0.746073286304339,0.9998479593710528,FALSE,FALSE,n.s.
Q920N7,Syt12,0.11896093721015565,0.8698852960825549,0.9998429551679517,0.48486279801751714,0.5201386812084787,0.9998479593710528,FALSE,FALSE,n.s.
P46935,Nedd4,-0.11580027064099231,0.8274485006083234,0.9998429551679517,0.2797868833519284,0.5625820253538043,0.9998479593710528,FALSE,FALSE,n.s.
O35382,Exoc4,0.16149390939263836,0.7063819157525855,0.9998429551679517,0.1929803779480247,0.6838669409447524,0.9998479593710528,FALSE,FALSE,n.s.
P02469,Lamb1,-0.09408672897813795,0.8646802617375621,0.9998429551679517,0.6144824585669376,0.5260290162349452,0.9998479593710528,FALSE,FALSE,n.s.
Q5SWP3,Nacad,-0.28183993406249475,0.6809804414662461,0.9998429551679517,0.18559086036278677,0.7097803902806183,0.9998479593710528,FALSE,FALSE,n.s.
P61264,Stx1b,-0.046820677319655085,0.9510824624377494,0.9998429551679517,0.6742424667680063,0.43992833096646455,0.9998479593710528,FALSE,FALSE,n.s.
Q8K224,Nat10,0.1550541571423584,0.7918729756678783,0.9998429551679517,-0.24955099196011798,0.5995257285278591,0.9998479593710528,FALSE,FALSE,n.s.
P18872,Gnao1,0.005433787288216502,0.9955278432226895,0.9998429551679517,0.9640768399142658,0.39590979495685663,0.9998479593710528,FALSE,FALSE,n.s.
Q99NB9,Sf3b1,0.059522355784119796,0.8469858012040177,0.9998429551679517,0.19142095410768578,0.5454657064964428,0.9998479593710528,FALSE,FALSE,n.s.
B2RR82,Itsn2,-0.10771286452165281,0.7172097798039343,0.9998429551679517,0.1287454519691893,0.675293081966011,0.9998479593710528,FALSE,FALSE,n.s.
P04919,Slc4a1,0.3027117292324724,0.5968639537977417,0.9998429551679517,0.18816271748246183,0.7956735182022612,0.9998479593710528,FALSE,FALSE,n.s.
Q9D1K2,Atp6v1f,0.8114300849579011,0.5899658397757386,0.9998429551679517,0.3177874220131005,0.803245119849962,0.9998479593710528,FALSE,FALSE,n.s.
Q61768,Kif5b,-0.32328934555592537,0.5227853822409996,0.9998429551679517,-0.0711498590913872,0.870686918613462,0.9998479593710528,FALSE,FALSE,n.s.
A0A0R4J025,Rcbtb1,-0.050572977033223096,0.9301359376845424,0.9998429551679517,0.4245351525043004,0.4634957560219488,0.9998479593710528,FALSE,FALSE,n.s.
P70362,Ufd1,-0.45044649490455657,0.6489726423499951,0.9998429551679517,0.31743190573303925,0.7447714441682176,0.9998479593710528,FALSE,FALSE,n.s.
Q9D0A3,Arpin,-0.27278611373581135,0.6635957163435164,0.9998429551679517,-0.21875362517580121,0.7312922493999121,0.9998479593710528,FALSE,FALSE,n.s.
D3YXK0,Jakmip2,-0.054677488320478695,0.8865798748332488,0.9998429551679517,0.21478177863698544,0.5088193011574823,0.9998479593710528,FALSE,FALSE,n.s.
Q60749,Khdrbs1,0.6580615953675781,0.5679430030512416,0.9998429551679517,0.30669400860816104,0.8278555684724516,0.9998479593710528,FALSE,FALSE,n.s.
Q7TT50,Cdc42bpb,-0.24136143209501362,0.40032381868534306,0.9998429551679517,-0.0015649096545440255,0.9956926110148286,0.9998479593710528,FALSE,FALSE,n.s.
F8SLP8,Pex5l,0.3579309666402644,0.5412358504645869,0.9998429551679517,-0.11117303447770362,0.8548624913676061,0.9998479593710528,FALSE,FALSE,n.s.
Q99M51,Nck1,0.0808925884831224,0.8647802454221005,0.9998429551679517,-0.2689712583892185,0.5316529705997097,0.9998479593710528,FALSE,FALSE,n.s.
Q80TJ1,Cadps,-0.2682238421296776,0.5216600386090257,0.9998429551679517,0.06675408167153217,0.874889941723668,0.9998479593710528,FALSE,FALSE,n.s.
Q8R3Q6,Mix23,-0.16987475469619398,0.7439105789085554,0.9998429551679517,-0.3332455962237281,0.6526566371352889,0.9998479593710528,FALSE,FALSE,n.s.
Q8VHE0,Sec63,-0.2858957498017287,0.5344393148054363,0.9998429551679517,0.07270027168293335,0.8622431130550521,0.9998479593710528,FALSE,FALSE,n.s.
P19783,Cox4i1,-0.07875883489569305,0.9390567124562899,0.9998429551679517,0.8406177368858703,0.45771066489596657,0.9998479593710528,FALSE,FALSE,n.s.
Q9CZN7,Shmt2,-0.0696613038338114,0.8960428373499081,0.9998429551679517,0.3200421619398214,0.5010173938696044,0.9998479593710528,FALSE,FALSE,n.s.
P48678,Lmna,-0.4312808448671722,0.42998237698774433,0.9998429551679517,-0.020950353848179677,0.9675256878681094,0.9998479593710528,FALSE,FALSE,n.s.
Q6PAL7,Ahdc1,0.1890535822832441,0.6782772362454017,0.9998429551679517,-0.2609627218342246,0.719880934088047,0.9998479593710528,FALSE,FALSE,n.s.
P83917,Cbx1,-0.2984013097416825,0.772695944203954,0.9998429551679517,0.4349891844143002,0.6259335616631967,0.9998479593710528,FALSE,FALSE,n.s.
Q60631,Grb2,0.12797031207451567,0.8838079463632558,0.9998429551679517,0.5186487473659784,0.5148672324676639,0.9998479593710528,FALSE,FALSE,n.s.
Q8R059,Gale,-0.14982757064183244,0.7978915830688357,0.9998429551679517,-0.2930003583621289,0.6009173554606073,0.9998479593710528,FALSE,FALSE,n.s.
E9PWW9,Rsf1,-0.015385639338536088,0.9671605719101548,0.9998429551679517,0.32849727154187086,0.43169940901575365,0.9998479593710528,FALSE,FALSE,n.s.
Q8BGR6,Arl15,0.26625834552091016,0.6700941326871441,0.9998429551679517,-0.45125401817054894,0.7291193093298034,0.9998479593710528,FALSE,FALSE,n.s.
P54728,Rad23b,-0.25953154499625,0.843082545241397,0.9998429551679517,-0.6465325139970584,0.5564141697098737,0.9998479593710528,FALSE,FALSE,n.s.
Q9QXS6,Dbn1,0.10904717059036023,0.8758380078325839,0.9998429551679517,0.38785190007366915,0.5237766752068236,0.9998479593710528,FALSE,FALSE,n.s.
Q6PEV3,Wipf2,0.025821859216559512,0.9563986457907371,0.9998429551679517,-0.412725396981584,0.4434443744494395,0.9998479593710528,FALSE,FALSE,n.s.
Q9WUA2,Farsb,-0.20803621109973372,0.6762899759343837,0.9998429551679517,0.18905556909729465,0.7235531771046051,0.9998479593710528,FALSE,FALSE,n.s.
Q8C5P7,Tdrp,-0.40205290702263397,0.6175172594025276,0.9998429551679517,-0.18115117484569337,0.7825802265649123,0.9998479593710528,FALSE,FALSE,n.s.
Q9CXK9,Rbm33,0.13650140087667992,0.8379458285695031,0.9998429551679517,-0.4488684341884872,0.5623496312457819,0.9998479593710528,FALSE,FALSE,n.s.
Q8BFQ4,Wdr82,0.06585032765648266,0.8997329622711254,0.9998429551679517,0.33905964542515316,0.500648495267717,0.9998479593710528,FALSE,FALSE,n.s.
Q8K212,Pacs1,-0.4016322968790683,0.47911947107046404,0.9998429551679517,0.04783021557144156,0.9213786795231005,0.9998479593710528,FALSE,FALSE,n.s.
Q9CXG3,Ppil4,-0.032088852574536565,0.9381130771967842,0.9998429551679517,-0.306947495782393,0.46268503628375546,0.9998479593710528,FALSE,FALSE,n.s.
F8WHT3,Prrc2b,-0.06277263328784123,0.8458563055597103,0.9998429551679517,-0.17660136883881258,0.5550557259342392,0.9998479593710528,FALSE,FALSE,n.s.
Q6PDN3,Mylk,0.443981783434073,0.6604277066299985,0.9998429551679517,0.2169413619846587,0.7405037489413773,0.9998479593710528,FALSE,FALSE,n.s.
Q91YY4,Atpaf2,0.7813587046972111,0.46570952955874645,0.9998429551679517,-0.09968705532627664,0.9352220775570681,0.9998479593710528,FALSE,FALSE,n.s.
Q921C5,Bicd2,0.17670976831859336,0.643221316427983,0.9998429551679517,0.12052444108513942,0.7577367938026127,0.9998479593710528,FALSE,FALSE,n.s.
P47746,Cnr1,0.25012754721287955,0.6927316727003886,0.9998429551679517,0.3704853732543596,0.7088361646228247,0.9998479593710528,FALSE,FALSE,n.s.
Q64362,Aktip,0.41347356696886595,0.6476509460674948,0.9998429551679517,0.16525260205609105,0.7539839502903273,0.9998479593710528,FALSE,FALSE,n.s.
G3XA57,Rab11fip2,0.08647792662249623,0.8348046221777983,0.9998429551679517,-0.32113886342642506,0.5669306429263596,0.9998479593710528,FALSE,FALSE,n.s.
Q03963,Eif2ak2,0.358766007421343,0.41747966731741376,0.9998429551679517,-0.00984201401051752,0.9842667039271662,0.9998479593710528,FALSE,FALSE,n.s.
P62806,H4c1,-0.688948324792341,0.5865702781392255,0.9998429551679517,-0.34299093389914836,0.8153234336422198,0.9998479593710528,FALSE,FALSE,n.s.
A0A1B0GRV0,Bpnt1,-0.514360811895522,0.48645840729920475,0.9998429551679517,-0.07546049227845973,0.9155741827150862,0.9998479593710528,FALSE,FALSE,n.s.
Q9CQF0,Mrpl11,0.18639072689954528,0.6628989690027923,0.9998429551679517,-0.17848644190415291,0.739226075446781,0.9998479593710528,FALSE,FALSE,n.s.
P28659,Celf1,0.3449579703604608,0.4116916079382217,0.9998429551679517,0.006045078190408011,0.990458246371025,0.9998479593710528,FALSE,FALSE,n.s.
Q8C6M1,Usp20,0.10359720822897195,0.7649354594002856,0.9998429551679517,0.1812511828096368,0.6373525998367011,0.9998479593710528,FALSE,FALSE,n.s.
P46414,Cdkn1b,-0.7335479018448103,0.5212451035166974,0.9998429551679517,0.1557416508522078,0.8812064688970794,0.9998479593710528,FALSE,FALSE,n.s.
Q6QD59,Bnip1,-0.39450775770818575,0.5061943459484362,0.9998429551679517,0.08008860533323373,0.8963503462161325,0.9998479593710528,FALSE,FALSE,n.s.
Q9Z0F7,Sncg,-0.2694285789075906,0.7075622299685598,0.9998429551679517,-0.37747645760276577,0.6953828325086759,0.9998479593710528,FALSE,FALSE,n.s.
Q3UJB0,Sf3b2,-0.3773508925936231,0.41874232999244343,0.9998429551679517,0.007349715247018695,0.9842956509311693,0.9998479593710528,FALSE,FALSE,n.s.
Q91YR5,Mettl13,0.17311587030223757,0.7691646615113612,0.9998429551679517,0.24152040813972953,0.6339609761749749,0.9998479593710528,FALSE,FALSE,n.s.
Q8VCI5,Pex19,-0.3824791033386467,0.5422871205155841,0.9998429551679517,0.11746807521896856,0.8609589757993196,0.9998479593710528,FALSE,FALSE,n.s.
Q68ED2,Grm7,-0.21678334289448384,0.6536726921640792,0.9998429551679517,0.1442651361248673,0.7503586214341155,0.9998479593710528,FALSE,FALSE,n.s.
P68368,Tuba4a,-0.16473867577982676,0.8647163428511971,0.9998429551679517,0.6394465152945807,0.5397880872195215,0.9998479593710528,FALSE,FALSE,n.s.
Q9D1M0,Sec13,0.6228699502550258,0.524812318133137,0.9998429551679517,0.13655868444055935,0.8797180497245943,0.9998479593710528,FALSE,FALSE,n.s.
Q00899,Yy1,-0.23674165099027816,0.7442991295582144,0.9998429551679517,0.4621283273084932,0.6602551571079496,0.9998479593710528,FALSE,FALSE,n.s.
Q8BXA0,Lrfn5,0.025077896857075642,0.9695253674769799,0.9998429551679517,0.609851487576846,0.43521027064047113,0.9998479593710528,FALSE,FALSE,n.s.
Q8R164,Bphl,0.16018027994255227,0.8365009690608705,0.9998429551679517,0.5115013227721958,0.5691307240108336,0.9998479593710528,FALSE,FALSE,n.s.
P05622,Pdgfrb,0.6783236934410035,0.7910993521313457,0.9998429551679517,-0.8097480166864578,0.614629784072641,0.9998479593710528,FALSE,FALSE,n.s.
Q8K337,Inpp5b,0.3480643096255334,0.41581571220417535,0.9998429551679517,0.005898192020288892,0.9899681765681727,0.9998479593710528,FALSE,FALSE,n.s.
P62046,Lrch1,-0.5299974867410797,0.4596379266234565,0.9998429551679517,-0.03555979719402221,0.9463196525459409,0.9998479593710528,FALSE,FALSE,n.s.
Q9CX00,Ist1,-0.27122259172602853,0.6317299866455891,0.9998429551679517,0.1436297761943904,0.7744361426978124,0.9998479593710528,FALSE,FALSE,n.s.
P11531,Dmd,-0.009294407644406984,0.97010677774093,0.9998429551679517,-0.36237590436701284,0.43667565532680996,0.9998479593710528,FALSE,FALSE,n.s.
Q80VL1,Tdrkh,0.1568933696884207,0.7429699832989731,0.9998429551679517,-0.19928135251446594,0.6639429215360757,0.9998479593710528,FALSE,FALSE,n.s.
Q14BI2,Grm2,0.22546999633478682,0.7553883801176984,0.9998429551679517,-0.2198212662602648,0.6522917654145719,0.9998479593710528,FALSE,FALSE,n.s.
Q6P5D8,Smchd1,0.02271564837592762,0.9363884547398483,0.9998429551679517,-0.21329070791036495,0.47139830321179244,0.9998479593710528,FALSE,FALSE,n.s.
Q64433,Hspe1,0.9561752167543216,0.5240814700152636,0.9998429551679517,0.21768073945007924,0.883933952870205,0.9998479593710528,FALSE,FALSE,n.s.
Q91VF2,Hnmt,-0.2977769680856359,0.7408577116527291,0.9998429551679517,0.38571170796060433,0.6672934120432397,0.9998479593710528,FALSE,FALSE,n.s.
Q8CHC4,Synj1,-0.3318777715910603,0.46182155241672906,0.9998429551679517,-0.030578955308247606,0.9466296461878452,0.9998479593710528,FALSE,FALSE,n.s.
Q78IK4,Apool,0.060385522614889366,0.9213847148809808,0.9998429551679517,-0.3776599117179663,0.48707255922614734,0.9998479593710528,FALSE,FALSE,n.s.
Q9Z275,Rlbp1,-0.41417109026803695,0.6775741950670688,0.9998429551679517,0.30035494784310407,0.7312041976029033,0.9998479593710528,FALSE,FALSE,n.s.
Q6ZWX6,Eif2s1,0.10599660121768985,0.8371192202700282,0.9998429551679517,-0.2336982474435497,0.5720915533930129,0.9998479593710528,FALSE,FALSE,n.s.
Q9Z2W0,Dnpep,1.0081909721227467,0.4383846742710239,0.9998429551679517,-0.04343373593669574,0.9713295108125225,0.9998479593710528,FALSE,FALSE,n.s.
E9Q271,Wdr17,0.3091991447710584,0.41337004891264184,0.9998429551679517,-0.0018925841320985863,0.9966075252538225,0.9998479593710528,FALSE,FALSE,n.s.
Q9QYG0,Ndrg2,-0.37066385301875765,0.7639872031756028,0.9998429551679517,0.6068026519932858,0.6460534957000703,0.9998479593710528,FALSE,FALSE,n.s.
Q99MB7,Rnf141,0.9717820509985928,0.41371717613102943,0.9998429551679517,0.005194820376711711,0.9967936414320111,0.9998479593710528,FALSE,FALSE,n.s.
Q923Z3,Mto1,0.26878626621930035,0.54331105901134,0.9998429551679517,0.16783938838089013,0.8677356857337127,0.9998479593710528,FALSE,FALSE,n.s.
Q78JW9,Ubfd1,0.3528184688580993,0.65788993282644,0.9998429551679517,0.24769705400598283,0.7531780961425921,0.9998479593710528,FALSE,FALSE,n.s.
P35123,Usp4,0.22519615900436588,0.5881878868987174,0.9998429551679517,-0.09360894572795342,0.8229038562101658,0.9998479593710528,FALSE,FALSE,n.s.
Q3TC33,Ccdc127,-0.17001853821451388,0.8925139843104595,0.9998429551679517,0.8952343416446725,0.5188786428462847,0.9998479593710528,FALSE,FALSE,n.s.
P12265,Gusb,0.24567509393310547,0.714720866776337,0.9998429551679517,0.2009936164979484,0.6967685328365603,0.9998479593710528,FALSE,FALSE,n.s.
Q6PJ18,Tpm2,0.5293967810959901,0.5505798666093079,0.9998429551679517,-0.12156510814866439,0.8612854383881303,0.9998479593710528,FALSE,FALSE,n.s.
Q8BMJ3,Eif1ax,0.2170907326447707,0.7559530651763552,0.9998429551679517,-0.2667894480386091,0.6559487962152497,0.9998479593710528,FALSE,FALSE,n.s.
P35283,Rab12,-0.009034092190387567,0.9877791250944614,0.9998429551679517,0.42108698674283135,0.4242150311950551,0.9998479593710528,FALSE,FALSE,n.s.
Q8C863,Itch,-0.08294491447953557,0.8481546448069577,0.9998429551679517,-0.24557949257055,0.5639317264015511,0.9998479593710528,FALSE,FALSE,n.s.
A2ASZ8,Slc25a25,-0.28465515116442847,0.691763698645522,0.9998429551679517,0.26527790848675814,0.7204975536943221,0.9998479593710528,FALSE,FALSE,n.s.
A0A498WGM0,Syt7,-0.02455059165981028,0.9698472181337766,0.9998429551679517,0.44728581346887125,0.4429236114801144,0.9998479593710528,FALSE,FALSE,n.s.
Q9D710,Tmx2,0.025090739773560213,0.9738391422974055,0.9998429551679517,0.8931800429712963,0.43949005927235096,0.9998479593710528,FALSE,FALSE,n.s.
Q3UFK1,Ccdc28a,-0.32838228999543706,0.6735001286882124,0.9998429551679517,0.3104942058937054,0.7399494698220171,0.9998479593710528,FALSE,FALSE,n.s.
P23506,Pcmt1,-0.7961607777418344,0.4503779117632727,0.9998429551679517,0.044906311700560426,0.9634755423343799,0.9998479593710528,FALSE,FALSE,n.s.
O08530,S1pr1,-0.3440762555616722,0.6222364462568523,0.9998429551679517,0.20568605081113428,0.7917241044477781,0.9998479593710528,FALSE,FALSE,n.s.
Q9CQJ8,Ndufb9,-0.4135967314061577,0.7752546125367304,0.9998429551679517,0.6529007107919098,0.6387146459111075,0.9998479593710528,FALSE,FALSE,n.s.
P51859,Hdgf,0.7589574872736715,0.5897796030465533,0.9998429551679517,-0.14065230323085123,0.8244708772010901,0.9998479593710528,FALSE,FALSE,n.s.
Q9EP53,Tsc1,0.026492323336327606,0.954545463822839,0.9998429551679517,0.3060717215530919,0.45992801790058957,0.9998479593710528,FALSE,FALSE,n.s.
B1AY13,Usp24,0.0678766123731869,0.7704286950218977,0.9998429551679517,0.12129953207381063,0.6442709785491744,0.9998479593710528,FALSE,FALSE,n.s.
C0HK79,Arxes1,-0.05610260488872506,0.9336695121647027,0.9998429551679517,-0.6586696722116693,0.4810466976474672,0.9998479593710528,FALSE,FALSE,n.s.
P54310,Lipe,0.6070457431830956,0.45703413708100193,0.9998429551679517,-0.0318024615778625,0.9576996040102563,0.9998479593710528,FALSE,FALSE,n.s.
P11835,Itgb2,-0.22154698375927684,0.65846062339709,0.9998429551679517,0.14250473511990497,0.7563269211116191,0.9998479593710528,FALSE,FALSE,n.s.
Q9CQV7,Dnajc19,-0.08884508240698603,0.8776408421096504,0.9998429551679517,0.3877795364374669,0.537326438743743,0.9998479593710528,FALSE,FALSE,n.s.
Q3UKC1,Tax1bp1,0.14224761891678897,0.7081374813847636,0.9998429551679517,0.13529989720928165,0.7070275316900729,0.9998479593710528,FALSE,FALSE,n.s.
Q9EPQ8,Tcf20,-0.1647427255880657,0.6231367860861046,0.9998429551679517,-0.16492774859723672,0.792167190270938,0.9998479593710528,FALSE,FALSE,n.s.
P27671,Rasgrf1,-0.16235931328439465,0.6138363095269286,0.9998429551679517,0.07771531150274419,0.8020453527156798,0.9998479593710528,FALSE,FALSE,n.s.
Q9D0M5,Dynll2,0.8898153999983525,0.650583587836179,0.9998429551679517,0.4235082204439992,0.7656014200139193,0.9998479593710528,FALSE,FALSE,n.s.
Q9CQ54,Ndufc2,0.605677249779357,0.46928574797428724,0.9998429551679517,0.04835829225016206,0.9469616514625119,0.9998479593710528,FALSE,FALSE,n.s.
O08688,Capn5,0.3838580218460426,0.47706835994161345,0.9998429551679517,0.03708249184801928,0.9392508782597271,0.9998479593710528,FALSE,FALSE,n.s.
Q9ESW4,Agk,-0.02904969539643405,0.9681283432970738,0.9998429551679517,0.584795273916618,0.44842952108999923,0.9998479593710528,FALSE,FALSE,n.s.
Q8VCH6,Dhcr24,0.16421419783904295,0.7649344490772474,0.9998429551679517,-0.34223951389327917,0.6517663152599484,0.9998479593710528,FALSE,FALSE,n.s.
Q65CL1,Ctnna3,0.25782585789824497,0.6244432479593355,0.9998429551679517,0.10717387269850139,0.7924915393436806,0.9998479593710528,FALSE,FALSE,n.s.
Q8R409,Hexim1,-0.8259350211649371,0.48591896321369943,0.9998429551679517,0.07169060570373571,0.9310745389212755,0.9998479593710528,FALSE,FALSE,n.s.
Q9EP75,Cyp4f14,-0.031515366050657766,0.9720932131514601,0.9998429551679517,-0.6719459018380499,0.4451340478106619,0.9998479593710528,FALSE,FALSE,n.s.
F8VQ95,Tacc1,-0.11100436234915305,0.7659151653849695,0.9998429551679517,0.16944378367277202,0.6513404148121038,0.9998479593710528,FALSE,FALSE,n.s.
Q8C7H1,Mmaa,0.23898074534521238,0.7015734520195598,0.9998429551679517,-0.20222689718294984,0.7162149615676875,0.9998479593710528,FALSE,FALSE,n.s.
Q8BKX1,Baiap2,0.22397999648039704,0.644474783912062,0.9998429551679517,0.09369750000197957,0.7735265150334087,0.9998479593710528,FALSE,FALSE,n.s.
Q8BL66,Eea1,0.020607179218514377,0.9209703163361783,0.9998429551679517,0.14909357940644197,0.4971173475753077,0.9998479593710528,FALSE,FALSE,n.s.
P05532,Kit,-0.09117881830488282,0.8199077237692365,0.9998429551679517,-0.26644875443843974,0.5988583806714539,0.9998479593710528,FALSE,FALSE,n.s.
Q91VT4,Cbr4,-0.20573470164400848,0.7754926449744672,0.9998429551679517,0.3538743241903284,0.6434972939137176,0.9998479593710528,FALSE,FALSE,n.s.
Q8K0T4,Katnal1,-0.11599009315554279,0.7983729723751863,0.9998429551679517,0.24144204647820097,0.6207428870614111,0.9998479593710528,FALSE,FALSE,n.s.
Q9DB50,Ap1s2,-0.8830917130512782,0.5411052019269806,0.9998429551679517,-0.1756038038014821,0.8782730969317816,0.9998479593710528,FALSE,FALSE,n.s.
Q99L47,St13,0.5976003087628876,0.5426422914361151,0.9998429551679517,0.12113414986008307,0.8769110416636683,0.9998479593710528,FALSE,FALSE,n.s.
E9Q317,Sap18b,-0.2708171433634957,0.8193807970116913,0.9998429551679517,-0.33690290190166117,0.6002075779403911,0.9998479593710528,FALSE,FALSE,n.s.
Q80X73,Pelo,0.4253768941222863,0.4457184801580333,0.9998429551679517,-0.022716262905962514,0.9744819569167588,0.9998479593710528,FALSE,FALSE,n.s.
Q59J78,Ndufaf2,0.40022251772305156,0.502955354855509,0.9998429551679517,-0.056659080926254296,0.9173076881766105,0.9998479593710528,FALSE,FALSE,n.s.
O35381,Anp32a,-0.2516338037880352,0.7383095237939408,0.9998429551679517,-0.42986271663729464,0.6820674843295423,0.9998479593710528,FALSE,FALSE,n.s.
P08003,Pdia4,-0.1435566459368272,0.6933964284862795,0.9998429551679517,0.1135617661601942,0.7275777267294667,0.9998479593710528,FALSE,FALSE,n.s.
A0A0N4SW93,C2cd5,-0.14073514729786887,0.742118128582111,0.9998429551679517,0.17268341318049463,0.6789884754659554,0.9998479593710528,FALSE,FALSE,n.s.
Q8BX94,Osbpl2,0.39430146340960104,0.5257135051374413,0.9998429551679517,0.09229373881480575,0.8956942784444966,0.9998479593710528,FALSE,FALSE,n.s.
Q76LS9,Mindy1,0.04420222496557346,0.9530736399252874,0.9998429551679517,0.5393457255064905,0.46844133192647186,0.9998479593710528,FALSE,FALSE,n.s.
Q02956,Prkcz,0.06483464041419496,0.9256006468734588,0.9998429551679517,-0.2990437798550694,0.4964602063385075,0.9998479593710528,FALSE,FALSE,n.s.
P17182,Eno1,0.43082643632724243,0.5705734479934272,0.9998429551679517,-0.14556844284029988,0.8515285704339498,0.9998479593710528,FALSE,FALSE,n.s.
O08997,Atox1,0.6328529608151117,0.5435021444882113,0.9998429551679517,-0.15812386738634357,0.8786076908569362,0.9998479593710528,FALSE,FALSE,n.s.
Q9CZX8,Rps19,-0.37920396203691786,0.7177117977115784,0.9998429551679517,-0.3830352307243095,0.7044185836134907,0.9998479593710528,FALSE,FALSE,n.s.
P17427,Ap2a2,-0.1447177474723306,0.830650680020172,0.9998429551679517,0.33871293365235516,0.5916211575072947,0.9998479593710528,FALSE,FALSE,n.s.
Q99J09,Wdr77,0.6014692846976901,0.42609223778456473,0.9998429551679517,0.0033991965600664886,0.9964237240050439,0.9998479593710528,FALSE,FALSE,n.s.
Q9CQC6,Bzw1,0.1063295211236986,0.8236621078314507,0.9998429551679517,0.24760661199596723,0.5988973059813367,0.9998479593710528,FALSE,FALSE,n.s.
O08759,Ube3a,-0.059295597948195555,0.8993617356240662,0.9998429551679517,0.3432598116443858,0.5233654160752292,0.9998479593710528,FALSE,FALSE,n.s.
B9EHE8,R3hdm1,0.21682280882064534,0.7832090944245718,0.9998429551679517,-0.33916576817492966,0.6399602664588974,0.9998479593710528,FALSE,FALSE,n.s.
P97490,Adcy8,-0.14027604009791675,0.7415428424014682,0.9998429551679517,0.16630620629245307,0.6817348916854318,0.9998479593710528,FALSE,FALSE,n.s.
B1AQZ0,Septin8,-0.027618014001440018,0.9631362455174319,0.9998429551679517,0.4405046215944361,0.4602732348062668,0.9998479593710528,FALSE,FALSE,n.s.
Q6NZM9,Hdac4,0.1196150732250331,0.7440234763384976,0.9998429551679517,-0.17684636994269848,0.6796400064538932,0.9998479593710528,FALSE,FALSE,n.s.
P31001,Des,0.3421577401025338,0.6516589821964673,0.9998429551679517,-0.33829274213473587,0.7721245666117562,0.9998479593710528,FALSE,FALSE,n.s.
Q8VD12,Znf385a,0.10030247241451133,0.9060118084188892,0.9998429551679517,0.5314727667310456,0.5177862553742043,0.9998479593710528,FALSE,FALSE,n.s.
Q8BWW9,Pkn2,0.16503146289259718,0.6156339039111943,0.9998429551679517,-0.09861647693583406,0.8083434860973531,0.9998479593710528,FALSE,FALSE,n.s.
Q9JI10,Stk3,0.0031033838248846696,0.9944433470492754,0.9998429551679517,-0.3052796646216638,0.4296594637036697,0.9998479593710528,FALSE,FALSE,n.s.
P50518,Atp6v1e1,0.5293218960728985,0.5626888754857545,0.9998429551679517,0.16339594049505063,0.8627948862648274,0.9998479593710528,FALSE,FALSE,n.s.
Q8BMG8,Slc25a32,0.4560335943065831,0.6643174141723851,0.9998429551679517,-0.30864075918712536,0.7618154909423084,0.9998479593710528,FALSE,FALSE,n.s.
E9Q3Q6,Alcam,-0.04396037290508541,0.9328264303424174,0.9998429551679517,0.3414219512603224,0.49389490299796335,0.9998479593710528,FALSE,FALSE,n.s.
O55091,Impact,-0.29664709466345346,0.6664189409629168,0.9998429551679517,-0.20829201515791412,0.7603892360328387,0.9998479593710528,FALSE,FALSE,n.s.
Q8K3H0,Appl1,-0.03804739666672472,0.9421655554298449,0.9998429551679517,-0.3483343987929353,0.484755867099366,0.9998479593710528,FALSE,FALSE,n.s.
Q91Z38,Ttc1,-0.3141037217995156,0.7193491287833798,0.9998429551679517,0.3048773557262198,0.7083319472177927,0.9998479593710528,FALSE,FALSE,n.s.
P10493,Nid1,-0.1793392768951787,0.7339575620997554,0.9998429551679517,-0.11906648316380226,0.6938322099862898,0.9998479593710528,FALSE,FALSE,n.s.
Q9CX56,Psmd8,0.4548401414350851,0.66124032903879,0.9998429551679517,-0.2380285517411803,0.766582716762001,0.9998479593710528,FALSE,FALSE,n.s.
O35344,Kpna3,-0.5773203277288481,0.6591339303650117,0.9998429551679517,-0.34516146052111124,0.768705672039153,0.9998479593710528,FALSE,FALSE,n.s.
O09167,Rpl21,-0.23853922501982613,0.8246348338701465,0.9998429551679517,-0.5214627886409788,0.6032791860714893,0.9998479593710528,FALSE,FALSE,n.s.
Q8BX10,Pgam5,-0.29909584849227927,0.6823191684427397,0.9998429551679517,-0.24198148478326284,0.74614483463965,0.9998479593710528,FALSE,FALSE,n.s.
Q61271,Acvr1b,0.13206570210417093,0.8701181100636142,0.9998429551679517,-0.36176098298402537,0.5589230561558979,0.9998479593710528,FALSE,FALSE,n.s.
P14869,Rplp0,0.27312230032599,0.7260886776049587,0.9998429551679517,0.3059978587723448,0.7035084044255251,0.9998479593710528,FALSE,FALSE,n.s.
O88602,Cacng2,0.12685082730695388,0.9086886755260704,0.9998429551679517,0.626339137041426,0.5209407760199176,0.9998479593710528,FALSE,FALSE,n.s.
Q6P9N1,Hycc1,-0.461350370635787,0.5696447990154112,0.9998429551679517,-0.10947607901900117,0.8600835031321274,0.9998479593710528,FALSE,FALSE,n.s.
Q9D0K2,Oxct1,0.4032274269583172,0.5262959483263443,0.9998429551679517,-0.09135144140972716,0.9038109922145243,0.9998479593710528,FALSE,FALSE,n.s.
P18653,Rps6ka1,0.15234947300541585,0.7680916273040377,0.9998429551679517,-0.17136309730753105,0.662234689901424,0.9998479593710528,FALSE,FALSE,n.s.
A0A087WPK3,Lrrfip1,0.1933028849750608,0.694329901169271,0.9998429551679517,-0.1234647961367847,0.7362198286527887,0.9998479593710528,FALSE,FALSE,n.s.
Q8BKZ9,Pdhx,-0.10791257266550298,0.8947361778702762,0.9998429551679517,-0.4581515109007077,0.5358962732415473,0.9998479593710528,FALSE,FALSE,n.s.
Q9CQV5,Mrps24,0.18745014464155796,0.7009385804788516,0.9998429551679517,0.21527283831267793,0.7297698708075824,0.9998479593710528,FALSE,FALSE,n.s.
Q8VDM4,Psmd2,-0.02357489744445593,0.9604553907144631,0.9998429551679517,0.33646191487418253,0.47037793213495716,0.9998479593710528,FALSE,FALSE,n.s.
Q3UDE2,Ttll12,0.35935844976583325,0.4843826109075613,0.9998429551679517,-0.036562915874626185,0.9468910720537755,0.9998479593710528,FALSE,FALSE,n.s.
Q9WUM5,Suclg1,0.6293461646048507,0.5277230894513036,0.9998429551679517,0.12678436715123195,0.9036107823677315,0.9998479593710528,FALSE,FALSE,n.s.
Q9JI90,Rnf14,0.12004317174470089,0.836809775145628,0.9998429551679517,-0.3171643195833133,0.5945472804832816,0.9998479593710528,FALSE,FALSE,n.s.
Q8VI63,Mob2,0.47366563189588334,0.7140783658862928,0.9998429551679517,-0.3183405797960461,0.7172856882602565,0.9998479593710528,FALSE,FALSE,n.s.
Q91YR1,Twf1,0.1122394959316923,0.8631351002629026,0.9998429551679517,-0.3886186496335824,0.5683384960199781,0.9998479593710528,FALSE,FALSE,n.s.
Q9JMG1,Edf1,0.6470688496109264,0.4685564817699499,0.9998429551679517,0.036807750802968005,0.9631864628182172,0.9998479593710528,FALSE,FALSE,n.s.
Q8C561,Lmbrd2,-0.1460310430159586,0.8704359209881423,0.9998429551679517,0.44345026141297417,0.5613258559740406,0.9998479593710528,FALSE,FALSE,n.s.
Q9CQX8,Kgd4,-0.5298857369062153,0.63576642413379,0.9998429551679517,-0.45323643785106377,0.7961940186893073,0.9998479593710528,FALSE,FALSE,n.s.
Q99M31,Hspa14,0.07550727285934777,0.9137442225375174,0.9998429551679517,0.27261690770806324,0.5188103066303063,0.9998479593710528,FALSE,FALSE,n.s.
P16332,Mmut,0.10490486049385038,0.814632874081017,0.9998429551679517,-0.24860268758164655,0.6179281588254353,0.9998479593710528,FALSE,FALSE,n.s.
Q9QZD9,Eif3i,0.1128087814231861,0.9057872325694649,0.9998429551679517,-0.5140009099835693,0.5269679903042344,0.9998479593710528,FALSE,FALSE,n.s.
P97300,Nptn,-0.6725618148828171,0.5258413752918465,0.9998429551679517,0.10362406415969422,0.9069683648173307,0.9998479593710528,FALSE,FALSE,n.s.
Q9DCL8,Ppp1r2,0.5936520826441737,0.46039457459840394,0.9998429551679517,-0.024270419838504465,0.9724424622819587,0.9998479593710528,FALSE,FALSE,n.s.
O88935,Syn1,-0.5269692481685188,0.5016778187776452,0.9998429551679517,0.06436560404806387,0.9312794088169283,0.9998479593710528,FALSE,FALSE,n.s.
Q9QYA2,Tomm40,0.6207786048684141,0.568927183607628,0.9998429551679517,0.18355918180520445,0.8644582450246489,0.9998479593710528,FALSE,FALSE,n.s.
Q640M1,Utp14a,0.0844191111309638,0.8681205779834251,0.9998429551679517,0.15389618601153499,0.5656450035313076,0.9998479593710528,FALSE,FALSE,n.s.
P23242,Gja1,0.1173892906406562,0.8985894327205635,0.9998429551679517,0.5138698013556702,0.5359605346134995,0.9998479593710528,FALSE,FALSE,n.s.
Q9D1G1,Rab1b,0.3582598595841031,0.8371602963015251,0.9998429551679517,0.685623269097753,0.5975222677749639,0.9998479593710528,FALSE,FALSE,n.s.
Q5RJI5,Brsk1,-0.15935065444934268,0.7610585198698011,0.9998429551679517,0.22224400268038302,0.6736556073499327,0.9998479593710528,FALSE,FALSE,n.s.
Q6A028,Swap70,0.10769385489208033,0.849750576868686,0.9998429551679517,0.24916466748389407,0.5851427156863604,0.9998479593710528,FALSE,FALSE,n.s.
Q08331,Calb2,-0.3205807366619388,0.6891849303214042,0.9998429551679517,0.29512126230648295,0.745923941548635,0.9998479593710528,FALSE,FALSE,n.s.
Q9CZJ2,Hspa12b,0.3850852952752475,0.5154220691356048,0.9998429551679517,0.06802105693248363,0.9200321164096559,0.9998479593710528,FALSE,FALSE,n.s.
Q8BH48,Ubap1,0.034579659874450434,0.9352591692258264,0.9998429551679517,0.3887291390848525,0.5006373520391174,0.9998479593710528,FALSE,FALSE,n.s.
P53702,Hccs,0.27343459136937126,0.8034286190731899,0.9998429551679517,0.29927931287389664,0.6324693499546337,0.9998479593710528,FALSE,FALSE,n.s.
O35691,Pnn,-0.26456159967361004,0.5728944857607488,0.9998429551679517,-0.07622965393579291,0.8630601659823616,0.9998479593710528,FALSE,FALSE,n.s.
P08030,Aprt,-0.6480233701285371,0.5301859456461917,0.9998429551679517,-0.06773101037100236,0.9058429654273639,0.9998479593710528,FALSE,FALSE,n.s.
A0A571BG95,Abr,0.09954485759296965,0.8681083993400298,0.9998429551679517,-0.29379219674782253,0.5680532544772829,0.9998479593710528,FALSE,FALSE,n.s.
Q61481,Pde1a,0.20514407412290633,0.7513107992386108,0.9998429551679517,-0.2950927763125996,0.6848973851539328,0.9998479593710528,FALSE,FALSE,n.s.
Q8VDC0,Lars2,0.040886376132582024,0.9252911985486465,0.9998429551679517,0.2645523075444232,0.5111901779567647,0.9998479593710528,FALSE,FALSE,n.s.
Q8BX09,Rbbp5,-0.3704093525337368,0.7990733560284857,0.9998429551679517,0.40859620574962824,0.637522623294398,0.9998479593710528,FALSE,FALSE,n.s.
Q9DBB8,Dhdh,0.6239111780889918,0.5832087708308199,0.9998429551679517,0.11377953220971297,0.8542105479887558,0.9998479593710528,FALSE,FALSE,n.s.
Q9CQM9,Glrx3,-0.2226093516174758,0.7727527320863519,0.9998429551679517,-0.3432444117606305,0.6647287635135963,0.9998479593710528,FALSE,FALSE,n.s.
Q8C3X2,Ccdc90b,-0.2644233503904059,0.6481301265166091,0.9998429551679517,0.14374184490818107,0.7895649222466287,0.9998479593710528,FALSE,FALSE,n.s.
Q9DAZ9,Zfyve19,0.3474930716624587,0.5655270946691953,0.9998429551679517,0.14662229626414808,0.8723212852899214,0.9998479593710528,FALSE,FALSE,n.s.
O35379,Abcc1,0.012681190700970457,0.9875214851245377,0.9998429551679517,-0.5365483836760443,0.4503464671660916,0.9998479593710528,FALSE,FALSE,n.s.
Q8R2K1,Fuom,0.1330086217535639,0.8038711750656371,0.9998429551679517,-0.3548599595106256,0.6343731235628077,0.9998479593710528,FALSE,FALSE,n.s.
P26883,Fkbp1a,0.2849530546608328,0.7397086181031849,0.9998429551679517,-0.2670627942059999,0.6986900479277969,0.9998479593710528,FALSE,FALSE,n.s.
A0A0R4J1R7,Pcbd2,0.1331701465662383,0.8754958217783657,0.9998429551679517,0.5123665617337079,0.563184149607369,0.9998479593710528,FALSE,FALSE,n.s.
Q6PB44,Ptpn23,0.09912891607583625,0.7702782326659858,0.9998429551679517,-0.1721628240254486,0.6687224987090653,0.9998479593710528,FALSE,FALSE,n.s.
P50571,Gabrb1,-0.8776230283417686,0.4459795648083178,0.9998429551679517,-0.007646377211213177,0.993035144642449,0.9998479593710528,FALSE,FALSE,n.s.
Q99L45,Eif2s2,-0.2897458110984166,0.5616834361311553,0.9998429551679517,-0.07885488792566585,0.877331372037649,0.9998479593710528,FALSE,FALSE,n.s.
Q3TEA8,Hp1bp3,-0.4030281440229211,0.4399815341760196,0.9998429551679517,5.814821480190149e-4,0.9991656908226947,0.9998479593710528,FALSE,FALSE,n.s.
Q9CQK7,Rwdd1,0.13365271457573896,0.8771668665014738,0.9998429551679517,-0.5380868937284691,0.5623023555546134,0.9998479593710528,FALSE,FALSE,n.s.
Q8R3Y8,Irf2bp1,-0.12324109255792559,0.7855384144132964,0.9998429551679517,-0.2257049950346568,0.6541722876529865,0.9998479593710528,FALSE,FALSE,n.s.
Q6PHZ8,Kcnip4,0.2929638405954113,0.6749834268851463,0.9998429551679517,-0.2118524714368824,0.7661155431537616,0.9998479593710528,FALSE,FALSE,n.s.
Q99J08,Sec14l2,0.19986314325958712,0.7245975528127409,0.9998429551679517,0.19084040842461622,0.7168161350131321,0.9998479593710528,FALSE,FALSE,n.s.
O35239,Ptpn9,0.15342739897530314,0.8763794950259747,0.9998429551679517,0.5376672415482054,0.5653885068159079,0.9998479593710528,FALSE,FALSE,n.s.
Q5QNQ6,Osbp2,-0.057343098173977716,0.8525446310198777,0.9998429551679517,0.19166847990928093,0.5894632301730888,0.9998479593710528,FALSE,FALSE,n.s.
B1AZI6,Thoc2,0.16506895278073216,0.675047248603381,0.9998429551679517,-0.09639665192189485,0.7669727660304713,0.9998479593710528,FALSE,FALSE,n.s.
A0A140LIW3,Frmpd3,0.028855537328473915,0.9568457525716835,0.9998429551679517,-0.2224132200717108,0.4851762482636619,0.9998479593710528,FALSE,FALSE,n.s.
Q3UR70,Tgfbrap1,-0.309186692384046,0.50775478759938,0.9998429551679517,-0.039124275819689365,0.9344247366058984,0.9998479593710528,FALSE,FALSE,n.s.
Q62433,Ndrg1,0.23597383905286767,0.8283875138622698,0.9998429551679517,-0.6465719526814127,0.6142294734996722,0.9998479593710528,FALSE,FALSE,n.s.
Q9CWN7,Cnot11,0.11731336912543662,0.8618127338553627,0.9998429551679517,0.26353336450508946,0.5809741671657508,0.9998479593710528,FALSE,FALSE,n.s.
A0A0R4J1Y3,Osgep,-0.3512427245798798,0.7155588129178395,0.9998429551679517,-0.32170279030751475,0.7279117113404225,0.9998479593710528,FALSE,FALSE,n.s.
Q9ES97,Rtn3,-0.2424079217629596,0.5842788760594905,0.9998429551679517,-0.08190945438359769,0.859228249033683,0.9998479593710528,FALSE,FALSE,n.s.
Q8C5W0,Clmn,0.1029784845667105,0.7562735652387789,0.9998429551679517,-0.13486551214200657,0.6874702251460236,0.9998479593710528,FALSE,FALSE,n.s.
P62835,Rap1a,-0.5908218702312252,0.6739074181372644,0.9998429551679517,-0.3684618084980575,0.7698818604082089,0.9998479593710528,FALSE,FALSE,n.s.
P51175,Ppox,-0.31933369502812237,0.5063081497622473,0.9998429551679517,0.06524186446182206,0.9377948196629647,0.9998479593710528,FALSE,FALSE,n.s.
Q91YJ5,Mtif2,0.05314446230250029,0.9538838680855659,0.9998429551679517,-0.44442357052636966,0.49028721053761015,0.9998479593710528,FALSE,FALSE,n.s.
Q8C078,Camkk2,-0.1988028159149847,0.7277678186572001,0.9998429551679517,0.17650353518314196,0.7164106026694361,0.9998479593710528,FALSE,FALSE,n.s.
Q62261,Sptbn1,-0.052585618114710284,0.8534864956174825,0.9998429551679517,0.14812456560942394,0.5907256083567822,0.9998479593710528,FALSE,FALSE,n.s.
P48036,Anxa5,0.10508065250748679,0.881460477002179,0.9998429551679517,0.4993791755297466,0.5627934145099733,0.9998479593710528,FALSE,FALSE,n.s.
E9Q3V9,Adgrl1,0.0868716788239369,0.934769043057168,0.9998429551679517,-0.31628865182396143,0.5095660305493764,0.9998479593710528,FALSE,FALSE,n.s.
D3YYY8,Arhgef26,-0.5285276767370958,0.5253502099052715,0.9998429551679517,-0.08568746483892682,0.9190355784062889,0.9998479593710528,FALSE,FALSE,n.s.
Q9D6W8,Borcs6,0.005207996741606523,0.9944107838338543,0.9998429551679517,-0.5135151291639086,0.450049585868076,0.9998479593710528,FALSE,FALSE,n.s.
P99024,Tubb5,-0.6261849338600912,0.7193690048086341,0.9998429551679517,0.5838316777611345,0.7254380909057743,0.9998479593710528,FALSE,FALSE,n.s.
Q9DC70,Ndufs7,-0.21286394782610382,0.8901177501418471,0.9998429551679517,-0.7906466351801205,0.554745396543634,0.9998479593710528,FALSE,FALSE,n.s.
Q3UUJ4,Strada,-0.2888936960977701,0.5089007762409739,0.9998429551679517,0.025317168660621617,0.9360914794510069,0.9998479593710528,FALSE,FALSE,n.s.
Q5SSM3,Arhgap44,-0.12943621818982196,0.7528279309018471,0.9998429551679517,0.18149854148900765,0.6923012121839579,0.9998479593710528,FALSE,FALSE,n.s.
P54726,Rad23a,0.48387986960616114,0.716214251347284,0.9998429551679517,0.33230663148480827,0.7291707831369393,0.9998479593710528,FALSE,FALSE,n.s.
P08113,Hsp90b1,0.08925932088604917,0.8280175000260817,0.9998429551679517,0.22619562170719196,0.6176255563121538,0.9998479593710528,FALSE,FALSE,n.s.
Q6PCN3,Ttbk1,0.3077282030483367,0.6614140866096117,0.9998429551679517,0.15042685897523686,0.7842855780533855,0.9998479593710528,FALSE,FALSE,n.s.
Q9DCW4,Etfb,0.29095107861400665,0.7145372357167867,0.9998429551679517,0.36959074666871933,0.7312070731971914,0.9998479593710528,FALSE,FALSE,n.s.
Q8C0L6,Paox,-0.09826030406918944,0.8497440022606431,0.9998429551679517,0.3099931599587341,0.59629978183873,0.9998479593710528,FALSE,FALSE,n.s.
P27659,Rpl3,-0.26091009792264946,0.6978381369007212,0.9998429551679517,0.16383579729311237,0.7485871925562165,0.9998479593710528,FALSE,FALSE,n.s.
Q07235,Serpine2,0.3017726260163352,0.48107802600223426,0.9998429551679517,-0.016799511874896714,0.9653818126506954,0.9998479593710528,FALSE,FALSE,n.s.
Q9JHR9,Nrip2,-0.19951798315910874,0.8762025399753418,0.9998429551679517,-0.6501262552199795,0.5702973932174557,0.9998479593710528,FALSE,FALSE,n.s.
P61027,Rab10,-0.14997060502434956,0.8766905569551877,0.9998429551679517,0.5213294886913143,0.5699229502416971,0.9998479593710528,FALSE,FALSE,n.s.
Q04857,Col6a1,-0.0332263579681568,0.951228858411977,0.9998429551679517,0.4655622426192671,0.4962340278648689,0.9998479593710528,FALSE,FALSE,n.s.
Q80X80,C2cd2l,-0.12324150001510562,0.8489347879103311,0.9998429551679517,0.36237791669922964,0.5985797226812899,0.9998479593710528,FALSE,FALSE,n.s.
Q6NVE8,Wdr44,-0.23031606229027748,0.5206628340769428,0.9998429551679517,-0.03156985605201604,0.9270801685635602,0.9998479593710528,FALSE,FALSE,n.s.
Q920P5,Ak5,-0.09065628947289946,0.9082226125226156,0.9998429551679517,-0.4278573251513207,0.5398307488263581,0.9998479593710528,FALSE,FALSE,n.s.
O88569,Hnrnpa2b1,0.16163063664428517,0.8566251641450147,0.9998429551679517,0.45385505776815976,0.5915581537632788,0.9998479593710528,FALSE,FALSE,n.s.
P97855,G3bp1,-0.3970745882554415,0.633987819777742,0.9998429551679517,0.16161088039676877,0.8142330793269539,0.9998479593710528,FALSE,FALSE,n.s.
Q61211,Eif2d,0.04021402315154082,0.9398830075157827,0.9998429551679517,0.28742601137641816,0.508794611249362,0.9998479593710528,FALSE,FALSE,n.s.
P26041,Msn,-0.05460695150698676,0.9261206121224492,0.9998429551679517,0.30902411519914263,0.5227483532997732,0.9998479593710528,FALSE,FALSE,n.s.
P15920,Atp6v0a2,0.23269746619792625,0.6892795423211867,0.9998429551679517,0.24291966881090937,0.7599026116252399,0.9998479593710528,FALSE,FALSE,n.s.
Q9R112,Sqor,0.20994689582867668,0.540441262748619,0.9998429551679517,0.05279533198781809,0.9094197248429927,0.9998479593710528,FALSE,FALSE,n.s.
Q9Z0P4,Palm,0.12680516030366992,0.8612219472957986,0.9998429551679517,0.349626924871475,0.5890458116707877,0.9998479593710528,FALSE,FALSE,n.s.
Q8CHY6,Gatad2a,0.08942621717334323,0.7976300253909461,0.9998429551679517,-0.21173435358632298,0.6527652788824435,0.9998479593710528,FALSE,FALSE,n.s.
Q8K0T0,Rtn1,-0.14310588029933627,0.7855784564899667,0.9998429551679517,0.22110367209533519,0.6648659505531502,0.9998479593710528,FALSE,FALSE,n.s.
Q9QZS3,Numb,0.27779163164051857,0.6835566030750035,0.9998429551679517,0.22297601438257325,0.7669449688396517,0.9998479593710528,FALSE,FALSE,n.s.
Q8K2F8,Lsm14a,-0.1858570102481478,0.6580960747349517,0.9998429551679517,0.11922365600157041,0.7929084167266521,0.9998479593710528,FALSE,FALSE,n.s.
P70236,Map2k6,-0.04401206644326446,0.9327139517276157,0.9998429551679517,0.23333381342857254,0.5184948689614417,0.9998479593710528,FALSE,FALSE,n.s.
Q9CS42,Prps2,0.26517351777703263,0.7847507056439678,0.9998429551679517,0.4068812489734823,0.6665470382484555,0.9998479593710528,FALSE,FALSE,n.s.
O88967,Yme1l1,-0.21835750993868042,0.5921306117879048,0.9998429551679517,0.07025622102428128,0.8593901428671373,0.9998479593710528,FALSE,FALSE,n.s.
Q61324,Arnt2,-0.6475811717925725,0.521375775672523,0.9998429551679517,0.11646685321801253,0.9302924881148994,0.9998479593710528,FALSE,FALSE,n.s.
Q8R1Q8,Dync1li1,0.1130200432508478,0.8131500882172527,0.9998429551679517,0.20764214542499598,0.6385295868410539,0.9998479593710528,FALSE,FALSE,n.s.
H3BJZ7,Unc13a,-0.0014789729552697588,0.9971791523232025,0.9998429551679517,-0.32811760472933454,0.45455007513839985,0.9998479593710528,FALSE,FALSE,n.s.
A0A140LIZ7,Nhsl1,0.036585210454882285,0.9679683808768677,0.9998429551679517,0.4645157552182223,0.4837826511549743,0.9998479593710528,FALSE,FALSE,n.s.
Q91XM9,Dlg2,-0.22569163263694336,0.6899970698736011,0.9998429551679517,-0.16472762327330664,0.7618108137587293,0.9998479593710528,FALSE,FALSE,n.s.
Q8VE11,Mtmr6,-0.2759278763338851,0.6052573600793221,0.9998429551679517,-0.08321023582976282,0.8465584462879685,0.9998479593710528,FALSE,FALSE,n.s.
Q9R1Z7,Pts,-0.48363908095905783,0.6718809211279952,0.9998429551679517,0.21726005782786478,0.7799854870779188,0.9998479593710528,FALSE,FALSE,n.s.
Q99JR1,Sfxn1,0.1596385519257152,0.9151931653629058,0.9998429551679517,-0.876973790724482,0.5366810745579415,0.9998479593710528,FALSE,FALSE,n.s.
B9EHJ3,Tjp1,-0.08968880942413003,0.7619781335982158,0.9998429551679517,0.1199297337749596,0.6902603387316499,0.9998479593710528,FALSE,FALSE,n.s.
Q9JMC3,Dnaja4,-0.2576321510494056,0.6420728852668274,0.9998429551679517,0.13440985905377192,0.8102776599540529,0.9998479593710528,FALSE,FALSE,n.s.
Q8VEK0,Tmem30a,0.2305759318219539,0.6664721428593011,0.9998429551679517,-0.15732472950688106,0.7862316318478941,0.9998479593710528,FALSE,FALSE,n.s.
Q8VBW6,Nae1,-0.21286574659649368,0.7566334811243915,0.9998429551679517,0.308276878219004,0.6966348982792496,0.9998479593710528,FALSE,FALSE,n.s.
Q921M3,Sf3b3,0.03149482575598982,0.9449177387128445,0.9998429551679517,0.29121019941618587,0.5087540315346577,0.9998479593710528,FALSE,FALSE,n.s.
Q8CDK8,Prom1,0.2676823105811848,0.5509196289027138,0.9998429551679517,0.05732319831908774,0.9027812019423949,0.9998479593710528,FALSE,FALSE,n.s.
Q3LAC4,Prex2,0.0075831929537444895,0.97953801083142,0.9998429551679517,-0.28485245644917134,0.4748567664179969,0.9998479593710528,FALSE,FALSE,n.s.
Q61164,Ctcf,0.4520291976877349,0.6050542162244541,0.9998429551679517,-0.15388500158527052,0.849461628683186,0.9998479593710528,FALSE,FALSE,n.s.
Q810B7,Slitrk5,0.1380834275165022,0.75204063526615506,0.9998429551679517,-0.2697450143005133,0.7026364356751953,0.9998479593710528,FALSE,FALSE,n.s.
Q3UMR5,Mcu,0.20917686090010218,0.8084290580382831,0.9998429551679517,0.31854148017773104,0.6462527052669393,0.9998479593710528,FALSE,FALSE,n.s.
Q91ZU1,Asb6,0.4014738602458828,0.7029482502974638,0.9998429551679517,0.11511615925652234,0.7522145681882584,0.9998479593710528,FALSE,FALSE,n.s.
Q80YQ8,Rmnd5a,0.26186092728904964,0.5677347965784265,0.9998429551679517,0.07340256558613466,0.8876187336776186,0.9998479593710528,FALSE,FALSE,n.s.
Q923S9,Rab30,-0.23682713466374697,0.8163546752637042,0.9998429551679517,-0.3825677384337503,0.6391072365115191,0.9998479593710528,FALSE,FALSE,n.s.
E9Q8I9,Fry,-0.033948980935662315,0.9055420442128411,0.9998429551679517,0.1558258726820655,0.5502784735650001,0.9998479593710528,FALSE,FALSE,n.s.
Q99JP4,Cdc26,-0.04013314207603672,0.9638362745703594,0.9998429551679517,-0.6399630571390389,0.4926047073609704,0.9998479593710528,FALSE,FALSE,n.s.
Q9CR57,Rpl14,0.706410762584672,0.603257578400531,0.9998429551679517,-0.30507041539937585,0.8532859343937399,0.9998479593710528,FALSE,FALSE,n.s.
P57746,Atp6v1d,-0.6213599049690641,0.5342835439046143,0.9998429551679517,0.08764712857985117,0.9224400091706506,0.9998479593710528,FALSE,FALSE,n.s.
Q9DBR7,Ppp1r12a,-0.033252256445019036,0.9318718989263428,0.9998429551679517,0.2263246325951724,0.52488502449238,0.9998479593710528,FALSE,FALSE,n.s.
Q99KK2,Cmas,-0.2322396682284701,0.7237057801438793,0.9998429551679517,0.20967795303680967,0.7331088640124549,0.9998479593710528,FALSE,FALSE,n.s.
P26039,Tln1,-0.018357894285938512,0.9424135042876782,0.9998429551679517,0.18083652700468178,0.5148115575544394,0.9998479593710528,FALSE,FALSE,n.s.
P21661,Pcsk2,0.37406314696574666,0.568172046261713,0.9998429551679517,-0.061069034138923534,0.8896924929243859,0.9998479593710528,FALSE,FALSE,n.s.
F7BAB2,Tmem132b,-0.1503264125550309,0.7858614695700632,0.9998429551679517,0.27121826213395045,0.6721002175850865,0.9998479593710528,FALSE,FALSE,n.s.
Q9CPW7,Zmat2,-0.06964578121906533,0.9376445927309354,0.9998429551679517,1.095460484995877,0.520350890491628,0.9998479593710528,FALSE,FALSE,n.s.
E9Q4N7,Arid1b,0.16069529904415206,0.7586846541958756,0.9998429551679517,0.17004683842977883,0.7000108219573422,0.9998479593710528,FALSE,FALSE,n.s.
A0A286YCB8,Camk2g,1.053364893193221,0.5112071270817401,0.9998429551679517,-0.05405923670013154,0.9476980578340097,0.9998479593710528,FALSE,FALSE,n.s.
Q05920,Pc,0.13999370436001107,0.7915783431215292,0.9998429551679517,0.25618973535797984,0.6674321016378866,0.9998479593710528,FALSE,FALSE,n.s.
Q566J8,Coq8b,-0.03836354461949664,0.9749776753753275,0.9998429551679517,0.5739012978385241,0.48464927093045307,0.9998479593710528,FALSE,FALSE,n.s.
Q8JZP2,Syn3,0.2044394351449826,0.7389735163884201,0.9998429551679517,0.24154176855138004,0.7208216095607862,0.9998479593710528,FALSE,FALSE,n.s.
Q69ZA1,Cdk13,0.05460625717349864,0.8888029233295761,0.9998429551679517,-0.30257308018785944,0.571581628517361,0.9998479593710528,FALSE,FALSE,n.s.
A0A494B9V8,Ptar1,0.11832844843498784,0.7707635937088229,0.9998429551679517,0.2362004105552442,0.6897316829789738,0.9998479593710528,FALSE,FALSE,n.s.
Q80U35,Arhgef17,0.07680563086801974,0.8745989484007766,0.9998429551679517,-0.23465528564728766,0.587088981854988,0.9998479593710528,FALSE,FALSE,n.s.
A0A1L1SQ41,Ate1,0.2108422667690301,0.7366547678586728,0.9998429551679517,0.22166189053958016,0.7252078200643894,0.9998479593710528,FALSE,FALSE,n.s.
A0A1Y7VMN0,Rock2,0.033388524367209974,0.9055926365900105,0.9998429551679517,-0.1767977847273127,0.5564299880987429,0.9998479593710528,FALSE,FALSE,n.s.
Q7TNV0,Dek,0.1025162202205432,0.8484091785962316,0.9998429551679517,0.30465110299318343,0.6137462811874124,0.9998479593710528,FALSE,FALSE,n.s.
O08586,Pten,0.44299515366865155,0.6629515891224363,0.9998429551679517,0.4085498063918149,0.7994344575695039,0.9998479593710528,FALSE,FALSE,n.s.
Q9R020,Zranb2,-0.6339756414938985,0.5490864081806562,0.9998429551679517,-0.14373065232590235,0.9133685045039293,0.9998479593710528,FALSE,FALSE,n.s.
E9Q6E5,Srsf11,-0.5302885252249816,0.5750315884140891,0.9998429551679517,-0.11811625937040102,0.887455350760854,0.9998479593710528,FALSE,FALSE,n.s.
A0A286YDL2,Cnnm1,-0.2718784566229328,0.6676307497919508,0.9998429551679517,-0.11856039497548468,0.7948765924220892,0.9998479593710528,FALSE,FALSE,n.s.
A2AG50,Map7d2,0.18878451348782518,0.6246527114859441,0.9998429551679517,-0.07140954483168363,0.8378630636614053,0.9998479593710528,FALSE,FALSE,n.s.
P62267,Rps23,0.6157470429828446,0.5240590780055316,0.9998429551679517,-0.05804882950353392,0.9386773611161161,0.9998479593710528,FALSE,FALSE,n.s.
Q9DBH0,Wwp2,0.28496927748060125,0.6882423118580517,0.9998429551679517,0.3092627015315058,0.774503613459337,0.9998479593710528,FALSE,FALSE,n.s.
Q6GT24,Prdx6,0.1454374352301388,0.8767712336448186,0.9998429551679517,0.5168511446126373,0.5866973865265288,0.9998479593710528,FALSE,FALSE,n.s.
F8WHQ1,Tpd52,-0.38500998839088313,0.5115742887422117,0.9998429551679517,-0.04143997812389833,0.9520001152055059,0.9998479593710528,FALSE,FALSE,n.s.
O70439,Stx7,0.12947452146269864,0.9006105861423375,0.9998429551679517,0.5425155504916592,0.5637275380748057,0.9998479593710528,FALSE,FALSE,n.s.
Q91VD9,Ndufs1,-0.18750680687027038,0.7700163155918273,0.9998429551679517,-0.2541533924511893,0.6944060650967643,0.9998479593710528,FALSE,FALSE,n.s.
A2A791,Zmym4,-0.00897370020977204,0.9826606779623075,0.9998429551679517,-0.32760942221982253,0.4822254632396086,0.9998479593710528,FALSE,FALSE,n.s.
G5E8V9,Arfip1,0.4683016298610239,0.6089920815097121,0.9998429551679517,0.13597131682190988,0.8558972323426113,0.9998479593710528,FALSE,FALSE,n.s.
Q9DC61,Pmpca,-0.22514777285401374,0.6295948571455381,0.9998429551679517,-0.09674229178512,0.8353108575828561,0.9998479593710528,FALSE,FALSE,n.s.
P15626,Gstm2,0.004203184508417125,0.993653777726125,0.9998429551679517,0.25591840899761087,0.47145797188446503,0.9998479593710528,FALSE,FALSE,n.s.
P35564,Canx,-0.3383945919410673,0.5155978047936959,0.9998429551679517,-0.030274617386993947,0.949793825415606,0.9998479593710528,FALSE,FALSE,n.s.
P47964,Rpl36,-1.0017514414579147,0.4979119285908304,0.9998429551679517,0.04742180338509293,0.9680146733081647,0.9998479593710528,FALSE,FALSE,n.s.
Q9WVQ5,Apip,-0.5392192224067955,0.4983468367474667,0.9998429551679517,-0.03218051192317747,0.9676470184581596,0.9998479593710528,FALSE,FALSE,n.s.
P70698,Ctps1,-0.029026837784795662,0.9632837451045497,0.9998429551679517,0.4193790602366829,0.5030191924356144,0.9998479593710528,FALSE,FALSE,n.s.
Q8CCT4,Tceal5,-0.4071281438755538,0.7760646364009605,0.9998429551679517,-0.502867366469273,0.6905928620639561,0.9998479593710528,FALSE,FALSE,n.s.
Q8VDS4,Rprd1a,-0.26474058249232624,0.739186605469637,0.9998429551679517,-0.19779457585971683,0.7278920827166181,0.9998479593710528,FALSE,FALSE,n.s.
Q60692,Psmb6,-0.9290837925486876,0.645201959830589,0.9998429551679517,0.5942641814708881,0.8218973509519114,0.9998479593710528,FALSE,FALSE,n.s.
P59279,Rab2b,0.5783315557826599,0.595413057712111,0.9998429551679517,0.19922204270108898,0.8718713328862013,0.9998479593710528,FALSE,FALSE,n.s.
A2ADY9,Ddi2,-0.4806743077050845,0.48486925806812364,0.9998429551679517,-0.0156624630381481,0.9825515636681741,0.9998479593710528,FALSE,FALSE,n.s.
Q8BJZ4,Mrps35,0.19974552734667161,0.7597045291300688,0.9998429551679517,0.2324405444803802,0.7078814716546311,0.9998479593710528,FALSE,FALSE,n.s.
Q3UZT2,Pakap,0.07740128360376385,0.9407771683606683,0.9998429551679517,0.5789674538968312,0.5268333732587882,0.9998479593710528,FALSE,FALSE,n.s.
P45878,Fkbp2,0.4077795124791723,0.5850024270169782,0.9998429551679517,-0.10327802007616142,0.8826416550444697,0.9998479593710528,FALSE,FALSE,n.s.
O89051,Itm2b,0.1335073650308136,0.8872253463273965,0.9998429551679517,-0.451103667439467,0.5810002890106425,0.9998479593710528,FALSE,FALSE,n.s.
P63042,Stmn4,-0.34301258142339197,0.6460923505723333,0.9998429551679517,-0.1508003143471518,0.8222051842975574,0.9998479593710528,FALSE,FALSE,n.s.
P51660,Hsd17b4,-0.3603447763253068,0.5304289331988112,0.9998429551679517,0.04691894065095767,0.9381096665647961,0.9998479593710528,FALSE,FALSE,n.s.
Q4VBD2,Tapt1,0.07990714149184307,0.9151341852923377,0.9998429551679517,-0.3456926469998018,0.5539247584902243,0.9998479593710528,FALSE,FALSE,n.s.
Q6IRU5,Cltb,-0.5430965865626719,0.5804475583844722,0.9998429551679517,-0.11107984059589014,0.8888349032541825,0.9998479593710528,FALSE,FALSE,n.s.
P51125,Cast,0.3801746268393961,0.5652797775920655,0.9998429551679517,-0.04956507976448936,0.9042307377606011,0.9998479593710528,FALSE,FALSE,n.s.
Q9Z1P6,Ndufa7,0.3943162796120513,0.6708068168434989,0.9998429551679517,-0.22337695956382145,0.7988302031547702,0.9998479593710528,FALSE,FALSE,n.s.
Q8CJ40,Crocc,0.21266441477335896,0.546567790274111,0.9998429551679517,0.02855351644573468,0.9235940003396554,0.9998479593710528,FALSE,FALSE,n.s.
Q9JJU8,Sh3bgrl,-0.38821459479593673,0.7521369212910237,0.9998429551679517,-0.3387425567996322,0.7182812189184227,0.9998479593710528,FALSE,FALSE,n.s.
Q91W89,Man2c1,0.12504802665104267,0.8208914899952031,0.9998429551679517,0.21107917158709388,0.6500596314421114,0.9998479593710528,FALSE,FALSE,n.s.
Q923U0,Tom1l1,0.24890802721319005,0.6021437212954217,0.9998429551679517,0.08949468836969533,0.8689136783498879,0.9998479593710528,FALSE,FALSE,n.s.
Q9QXT8,Kcnip3,0.034597961716176115,0.9632597360527327,0.9998429551679517,-0.5490215729931187,0.5078600371633815,0.9998479593710528,FALSE,FALSE,n.s.
Q6ZQ29,Taok2,0.013903686434463807,0.9798136085389532,0.9998429551679517,0.3637210994184325,0.4913428264032226,0.9998479593710528,FALSE,FALSE,n.s.
P62823,Rab3c,0.6323285652818407,0.5794119957416553,0.9998429551679517,-0.15586173375451956,0.8919681585023683,0.9998479593710528,FALSE,FALSE,n.s.
Q9CPT3,Nanp,-0.024827240312063535,0.9599833704722092,0.9998429551679517,0.30779570007055335,0.5120903426678731,0.9998479593710528,FALSE,FALSE,n.s.
O88485,Dync1i1,-0.24846197399533523,0.7229038199490609,0.9998429551679517,-0.22268902597921747,0.7495461443593797,0.9998479593710528,FALSE,FALSE,n.s.
A2A716,Osbpl7,-2.2343978424106713e-4,0.9996073266116843,0.9998429551679517,-0.34891432772120146,0.4728580032045936,0.9998479593710528,FALSE,FALSE,n.s.
Q9WVE8,Pacsin2,-0.311082074479883,0.6553003839187137,0.9998429551679517,0.16241111169612082,0.8171999651916944,0.9998479593710528,FALSE,FALSE,n.s.
Q9DCR2,Ap3s1,-0.4577762498921903,0.6258207931926322,0.9998429551679517,0.15539701981519477,0.8467206715176281,0.9998479593710528,FALSE,FALSE,n.s.
Q8BYH7,Tbc1d17,0.06365613053785403,0.9485887184672102,0.9998429551679517,-0.5307144423413408,0.5239934228196734,0.9998479593710528,FALSE,FALSE,n.s.
Q9JJJ7,Porcn,0.08900386593647013,0.9544851796804941,0.9998429551679517,0.5931141007922389,0.5185106935392527,0.9998479593710528,FALSE,FALSE,n.s.
O08842,Gfra2,-0.23844066260943214,0.8129401669136842,0.9998429551679517,0.4842477666452246,0.6601805245199972,0.9998479593710528,FALSE,FALSE,n.s.
Q9Z0M5,Lipa,0.07551504925002671,0.9158974821350014,0.9998429551679517,-0.3339563584389528,0.5576282691888433,0.9998479593710528,FALSE,FALSE,n.s.
Q61792,Lasp1,-0.4780699001447476,0.6130984876614092,0.9998429551679517,-0.12468812467252458,0.860535506859511,0.9998479593710528,FALSE,FALSE,n.s.
D3YZ62,Myo5a,0.05572028158521857,0.8460660656404868,0.9998429551679517,-0.1256287966786638,0.627659790915017,0.9998479593710528,FALSE,FALSE,n.s.
P55302,Lrpap1,0.2666599948541591,0.629158177198837,0.9998429551679517,-0.10759549189070877,0.845481211942835,0.9998479593710528,FALSE,FALSE,n.s.
Q9CXZ1,Ndufs4,-0.3215365718943105,0.7572031807742903,0.9998429551679517,0.4689015439486747,0.7176127359622437,0.9998479593710528,FALSE,FALSE,n.s.
Q80TH1,Dlg3,0.15174103383077575,0.7647123144479778,0.9998429551679517,0.19266186524008305,0.710311488330402,0.9998479593710528,FALSE,FALSE,n.s.
D3Z6I8,Tpm3,-0.5695773261777268,0.5804683314931003,0.9998429551679517,-0.12675530342356395,0.8947540595089591,0.9998479593710528,FALSE,FALSE,n.s.
E9PWM3,Armcx4,0.26472768048484935,0.8106590495454038,0.9998429551679517,-0.4283868635317975,0.6651757300793424,0.9998479593710528,FALSE,FALSE,n.s.
Q9CRQ7,Rabgap1l,-0.26335187829293205,0.7168001618394104,0.9998429551679517,0.13825153765504297,0.7592377580568734,0.9998479593710528,FALSE,FALSE,n.s.
Q9D8B7,Jam3,0.05114520205153142,0.9592427867017378,0.9998429551679517,-0.6377202351200213,0.517256378327695,0.9998479593710528,FALSE,FALSE,n.s.
Q8R4G0,Ntng1,0.19261213977696517,0.6997108851456557,0.9998429551679517,0.1299339243079528,0.7769310024668866,0.9998479593710528,FALSE,FALSE,n.s.
A2RSY6,Trmt1l,-0.03172082539998399,0.9345327198851949,0.9998429551679517,0.1900011797078884,0.5424574643245539,0.9998479593710528,FALSE,FALSE,n.s.
Q8CJ67,Stau2,0.030928655215821353,0.9715430802482686,0.9998429551679517,-0.42991679313844583,0.5057553644689041,0.9998479593710528,FALSE,FALSE,n.s.
Q8JZQ9,Eif3b,0.12107922117273318,0.788408560429829,0.9998429551679517,0.18796769255194443,0.6890712301972968,0.9998479593710528,FALSE,FALSE,n.s.
Q8R1Y2,Bmerb1,-0.24604271026900634,0.5960582357689984,0.9998429551679517,0.06566238574716145,0.8816455205704187,0.9998479593710528,FALSE,FALSE,n.s.
Q8K135,Kiaa0319l,-0.271743905783848,0.6279049171934132,0.9998429551679517,-0.12404955116907745,0.8498489207750023,0.9998479593710528,FALSE,FALSE,n.s.
Q8BMJ2,Lars1,-0.13640947981339838,0.7255046667340161,0.9998429551679517,0.12852471203113458,0.7525897416442312,0.9998479593710528,FALSE,FALSE,n.s.
Q8K1B8,Fermt3,0.021005216176937472,0.9685265237343862,0.9998429551679517,0.3946272887471764,0.5097552270469932,0.9998479593710528,FALSE,FALSE,n.s.
Q9JHE3,Asah2,0.2215136761534762,0.7637313537633947,0.9998429551679517,-0.19872382459523433,0.7145958205122231,0.9998479593710528,FALSE,FALSE,n.s.
Q91YH5,Atl3,-0.04325996483200305,0.9209358895739417,0.9998429551679517,-0.28494500747635465,0.557580650409,0.9998479593710528,FALSE,FALSE,n.s.
A0A0R4J0M1,Tbcc,0.4065724112424933,0.8220678386178213,0.9998429551679517,-0.4280545915540589,0.6565040051562254,0.9998479593710528,FALSE,FALSE,n.s.
Q9D898,Arpc5l,-0.41344215616703106,0.6450448940602185,0.9998429551679517,-0.16174695637778802,0.8340115780248445,0.9998479593710528,FALSE,FALSE,n.s.
Q80V94,Ap4e1,0.30570904220451645,0.5806446937278551,0.9998429551679517,0.045406246645269925,0.8985115815160232,0.9998479593710528,FALSE,FALSE,n.s.
Q78RX3,Smim12,0.09731042646603755,0.8581870556687569,0.9998429551679517,-0.35956334443611965,0.6209879744577598,0.9998479593710528,FALSE,FALSE,n.s.
Q9JI78,Ngly1,-0.3504789611360343,0.6138116122516488,0.9998429551679517,-0.11725151625330082,0.8657133426328033,0.9998479593710528,FALSE,FALSE,n.s.
P27773,Pdia3,0.20989899181195568,0.6903681295490451,0.9998429551679517,-0.1461337601097378,0.7891620372907795,0.9998479593710528,FALSE,FALSE,n.s.
Q9JIW9,Ralb,-0.32388015138878945,0.7052502290380147,0.9998429551679517,0.18505400000380093,0.774354290557536,0.9998479593710528,FALSE,FALSE,n.s.
Q4QQM4,Trp53i11,-0.7445722453742543,0.5711150069007804,0.9998429551679517,0.17154420150544072,0.9089175739639468,0.9998479593710528,FALSE,FALSE,n.s.
Q8R0F6,Ilkap,-0.16808534486561583,0.8829987219837494,0.9998429551679517,-0.3382235579496139,0.5970994580335149,0.9998479593710528,FALSE,FALSE,n.s.
Q6DFZ1,Gbf1,-0.017865801625908055,0.949765341155293,0.9998429551679517,0.18959256301795263,0.5324324660867573,0.9998479593710528,FALSE,FALSE,n.s.
Q925N0,Sfxn5,-0.045400482113048694,0.9642003417996814,0.9998429551679517,-0.6733436426714287,0.5183693605343801,0.9998479593710528,FALSE,FALSE,n.s.
Q8K0U4,Hspa12a,0.0418520870018374,0.9436381608440743,0.9998429551679517,0.37648451087421203,0.5391056676108593,0.9998479593710528,FALSE,FALSE,n.s.
Q8BHL5,Elmo2,-0.037858028371796776,0.9454273625806113,0.9998429551679517,-0.3162280879371405,0.5378640487766435,0.9998479593710528,FALSE,FALSE,n.s.
Q9JM13,Rabgef1,0.2902390127562747,0.6191476788836937,0.9998429551679517,-0.07298681974345807,0.8647741115467641,0.9998479593710528,FALSE,FALSE,n.s.
Q8BJS4,Sun2,0.1405817281268137,0.86624651833875,0.9998429551679517,-0.43382977492951597,0.6177928503578122,0.9998479593710528,FALSE,FALSE,n.s.
P29699,Ahsg,-0.24143608876574854,0.7776358730857362,0.9998429551679517,-0.4224185048152495,0.7070612668620861,0.9998479593710528,FALSE,FALSE,n.s.
P28741,Kif3a,-0.11293026136293105,0.8562231759350534,0.9998429551679517,-0.2704984504787325,0.6287687503457199,0.9998479593710528,FALSE,FALSE,n.s.
Q62426,Cstb,0.22333348067890943,0.798749771690494,0.9998429551679517,0.38960217243775863,0.6862919730237513,0.9998479593710528,FALSE,FALSE,n.s.
O54983,Crym,0.6168962120641831,0.5932770624175111,0.9998429551679517,0.13995489293322688,0.891839338698343,0.9998479593710528,FALSE,FALSE,n.s.
Q8BW75,Maob,-0.2956713523976902,0.5965953755121061,0.9998429551679517,0.07381326259357976,0.8889714210012212,0.9998479593710528,FALSE,FALSE,n.s.
O09172,Gclm,0.30090257441678014,0.6149858417597112,0.9998429551679517,0.14509291143915345,0.8705837631815608,0.9998479593710528,FALSE,FALSE,n.s.
Q80TM9,Nisch,0.0824888129832031,0.8564083145354439,0.9998429551679517,0.253373494003128,0.6291899196969789,0.9998479593710528,FALSE,FALSE,n.s.
Q91VU6,Dcaf11,0.26021086600256804,0.5300173242061121,0.9998429551679517,-0.049623746950737624,0.955657045920849,0.9998479593710528,FALSE,FALSE,n.s.
Q9WTS4,Tenm1,-0.16268167083428736,0.6416897504746548,0.9998429551679517,0.06762485741489195,0.8440090664861907,0.9998479593710528,FALSE,FALSE,n.s.
Q9CPT4,Mydgf,-0.27148165070809144,0.7749986056013186,0.9998429551679517,0.4066626040440892,0.710774454252362,0.9998479593710528,FALSE,FALSE,n.s.
Q9DB16,Cab39l,-0.29526979044439017,0.7296874026039619,0.9998429551679517,0.20201347408318399,0.7569632314845098,0.9998479593710528,FALSE,FALSE,n.s.
Q8BZB2,Ppcdc,0.328855969715599,0.695346301598744,0.9998429551679517,0.23246138261597699,0.7913807558877494,0.9998479593710528,FALSE,FALSE,n.s.
Q9D6Y7,Msra,0.08577141752703903,0.9032625342241914,0.9998429551679517,-0.45574687798207497,0.5834972388295843,0.9998479593710528,FALSE,FALSE,n.s.
Q60738,Slc30a1,-0.029567511680908147,0.9399633220346788,0.9998429551679517,0.3191086727541659,0.5470359372373892,0.9998479593710528,FALSE,FALSE,n.s.
Q91ZM2,Sh2b1,0.07173384858880115,0.8891935272068134,0.9998429551679517,0.39917039749939776,0.5978995410507766,0.9998479593710528,FALSE,FALSE,n.s.
Q9DB30,Phkg2,-0.022517663499059877,0.9704780347932418,0.9998429551679517,-0.5079918910721197,0.5166878666891948,0.9998479593710528,FALSE,FALSE,n.s.
Q9CY57,Chtop,0.09894736885781422,0.9267961889163255,0.9998429551679517,-0.6117212662545292,0.560777626612709,0.9998479593710528,FALSE,FALSE,n.s.
Q8R4E6,Purg,0.03356578370130563,0.9655697985209832,0.9998429551679517,-0.5329910522902493,0.522439958360093,0.9998479593710528,FALSE,FALSE,n.s.
Q8C080,Snx16,-0.15992803579199014,0.8905769927760228,0.9998429551679517,0.4750788710958842,0.5975441249077206,0.9998479593710528,FALSE,FALSE,n.s.
Q69ZK0,Prex1,0.0038493737723916408,0.9906245078079342,0.9998429551679517,0.21997053845317402,0.49755162600766656,0.9998479593710528,FALSE,FALSE,n.s.
Q9Z2Y3,Homer1,0.23089090107955712,0.7075960416680873,0.9998429551679517,0.17225425915417447,0.7807975550071481,0.9998479593710528,FALSE,FALSE,n.s.
Q811C2,Atg4c,0.11102287615217883,0.8663411836353855,0.9998429551679517,0.4007731530188174,0.622261382951475,0.9998479593710528,FALSE,FALSE,n.s.
P19258,Mpv17,-0.5980284473390752,0.5853156105039649,0.9998429551679517,0.1504142074763079,0.903360839888604,0.9998479593710528,FALSE,FALSE,n.s.
P46471,Psmc2,-0.40375264516532255,0.48891481936050085,0.9998429551679517,1.3529477106719175e-4,0.9997905840723005,0.9998479593710528,FALSE,FALSE,n.s.
A0A494B953,Nedd4l,-0.10144107958025604,0.812271343268262,0.9998429551679517,-0.2211672137095625,0.6766160443389844,0.9998479593710528,FALSE,FALSE,n.s.
O88958,Gnpda1,0.1895774363866189,0.7730044303069643,0.9998429551679517,0.23574900679592836,0.7161818712451913,0.9998479593710528,FALSE,FALSE,n.s.
P63168,Dynll1,-1.1036900007185781,0.581545563516346,0.9998429551679517,-0.2339938801198725,0.9077515583530359,0.9998479593710528,FALSE,FALSE,n.s.
Q7TMQ7,Wdr91,-0.15194393899877517,0.7137588085705502,0.9998429551679517,-0.12620662637778482,0.7757857918131279,0.9998479593710528,FALSE,FALSE,n.s.
P70333,Hnrnph2,-0.3578982911616788,0.8267565127482708,0.9998429551679517,-0.6164804422658062,0.6630110091035639,0.9998479593710528,FALSE,FALSE,n.s.
Q8VH51,Rbm39,0.17392708613031732,0.7910626204003068,0.9998429551679517,0.2734110989533664,0.698782449625466,0.9998479593710528,FALSE,FALSE,n.s.
Q9QYJ0,Dnaja2,0.002026575573885727,0.997237803208558,0.9998429551679517,0.3790557095764518,0.4931407559806271,0.9998479593710528,FALSE,FALSE,n.s.
Q5NCQ5,Dph1,0.0071218038420548775,0.9915073313524012,0.9998429551679517,0.6071396160932385,0.4989840664955941,0.9998479593710528,FALSE,FALSE,n.s.
P18581,Slc7a2,0.28591918587699644,0.6494582024348962,0.9998429551679517,-0.08162293963859787,0.8412236145257492,0.9998479593710528,FALSE,FALSE,n.s.
Q6P5F6,Slc39a10,-0.23560943891107097,0.6742418192135443,0.9998429551679517,0.08592444521264783,0.8165065171103497,0.9998479593710528,FALSE,FALSE,n.s.
Q9ER00,Stx12,0.1201133350108764,0.8881162837535017,0.9998429551679517,0.5298844038313489,0.603346986660894,0.9998479593710528,FALSE,FALSE,n.s.
Q9DCT8,Crip2,0.3817620458036874,0.7428885921210777,0.9998429551679517,0.6673405729431452,0.7490685363903351,0.9998479593710528,FALSE,FALSE,n.s.
Q8BGA9,Oxa1l,-0.09298314612722826,0.9051127579305291,0.9998429551679517,0.45694723218329697,0.5869211423254054,0.9998479593710528,FALSE,FALSE,n.s.
Q9QUM9,Psma6,-0.3755588579440226,0.6375154951163085,0.9998429551679517,0.13802596523829944,0.8546149639524769,0.9998479593710528,FALSE,FALSE,n.s.
Q9QZ73,Dcun1d1,-0.20844997764665166,0.7899255258786946,0.9998429551679517,0.30175270504799256,0.7022843158738993,0.9998479593710528,FALSE,FALSE,n.s.
P63011,Rab3a,-0.8607952204816589,0.5421615253008761,0.9998429551679517,-0.08930220652020983,0.9502479645713526,0.9998479593710528,FALSE,FALSE,n.s.
P97807,Fh,-0.2293616179199807,0.7313498636450607,0.9998429551679517,-0.2118837393420281,0.7613986715448164,0.9998479593710528,FALSE,FALSE,n.s.
P70392,Rasgrf2,-0.008679524032293853,0.9833261910796122,0.9998429551679517,0.2723121984660644,0.5094510866663231,0.9998479593710528,FALSE,FALSE,n.s.
Q61656,Ddx5,0.3256360563591421,0.6233903472836198,0.9998429551679517,0.12025249710284902,0.8694532489097704,0.9998479593710528,FALSE,FALSE,n.s.
Q64519,Sdc3,0.4915293878015125,0.8109781237756668,0.9998429551679517,-0.3583470925664605,0.681950682931902,0.9998479593710528,FALSE,FALSE,n.s.
P97370,Atp1b3,-0.3746454211871316,0.6769609722809915,0.9998429551679517,0.2246632028236959,0.8163900350710805,0.9998479593710528,FALSE,FALSE,n.s.
Q8JZK9,Hmgcs1,0.2779942498832321,0.5665661954834161,0.9998429551679517,-0.059738117426886686,0.9279091529198862,0.9998479593710528,FALSE,FALSE,n.s.
Q9WV32,Arpc1b,-0.24762231909797222,0.7673880011721229,0.9998429551679517,0.22300704479094224,0.7272578547536562,0.9998479593710528,FALSE,FALSE,n.s.
Q3UJP5,Cfap418,-0.517352769625982,0.603894734497533,0.9998429551679517,0.18026851638896105,0.8912358953479101,0.9998479593710528,FALSE,FALSE,n.s.
Q9DAK9,Phpt1,-0.005153411907740793,0.9948830047666174,0.9998429551679517,0.5289199236709421,0.5004690332028718,0.9998479593710528,FALSE,FALSE,n.s.
Q9QZB9,Dctn5,-0.15127607483337932,0.8881721003940811,0.9998429551679517,-0.5778501887704137,0.6073370007821606,0.9998479593710528,FALSE,FALSE,n.s.
P15208,Insr,0.07606381795002833,0.8059460379374846,0.9998429551679517,0.19394887135443636,0.6898065051149562,0.9998479593710528,FALSE,FALSE,n.s.
Q8BWQ6,Vps35l,-0.1360464207819942,0.6519282583811026,0.9998429551679517,-0.05895283830824703,0.8439920705449226,0.9998479593710528,FALSE,FALSE,n.s.
Q9D287,Bcas2,-0.15058735206970922,0.7773553996554796,0.9998429551679517,-0.24579053244934618,0.7190429942846476,0.9998479593710528,FALSE,FALSE,n.s.
E9Q137,Tex264,-0.34436629043823574,0.5542484599164688,0.9998429551679517,-0.042756494269064374,0.9422916713757638,0.9998479593710528,FALSE,FALSE,n.s.
Q922L6,Nelfcd,-0.00931163184267956,0.9923477782464153,0.9998429551679517,0.3057590897246981,0.5045730489866782,0.9998479593710528,FALSE,FALSE,n.s.
P28474,Adh5,-0.12340077368545788,0.8635863401335859,0.9998429551679517,0.3328446945811059,0.6334170820817928,0.9998479593710528,FALSE,FALSE,n.s.
Q9JKV1,Adrm1,0.4440474658389944,0.6728602364308567,0.9998429551679517,0.21149519364783412,0.8243690976483627,0.9998479593710528,FALSE,FALSE,n.s.
A0A571BDG0,Srcin1,-0.1114484853905732,0.7569621122225052,0.9998429551679517,0.10570103501092908,0.7412911069249466,0.9998479593710528,FALSE,FALSE,n.s.
Q60739,Bag1,0.043407543922033734,0.9318036302727033,0.9998429551679517,-0.25077462249469684,0.5665699682007556,0.9998479593710528,FALSE,FALSE,n.s.
Q3KNM2,Marchf5,0.16816802950275192,0.8536336105467455,0.9998429551679517,-0.5761593330520088,0.6447581143171817,0.9998479593710528,FALSE,FALSE,n.s.
B2RXR6,Ankrd44,-0.2435035634160837,0.7066947135670252,0.9998429551679517,-0.16244394785025063,0.7917651759321471,0.9998479593710528,FALSE,FALSE,n.s.
Q3ULL6,Upf3b,-0.24121953847759853,0.6955212768572545,0.9998429551679517,-0.13858944287877042,0.8033111719648385,0.9998479593710528,FALSE,FALSE,n.s.
Q91YL3,Uckl1,-0.0743134369977683,0.8818787013578742,0.9998429551679517,0.30918769184610817,0.6169690057292608,0.9998479593710528,FALSE,FALSE,n.s.
E9PX50,Slc8a3,-0.023553059371294163,0.9653451300526024,0.9998429551679517,0.34172405283103763,0.5336934411140382,0.9998479593710528,FALSE,FALSE,n.s.
Q9DBH5,Lman2,-0.2839656589535484,0.682235985716622,0.9998429551679517,-0.2377983347829087,0.8169893594024105,0.9998479593710528,FALSE,FALSE,n.s.
Q8R2U4,Ntmt1,-0.15596877782256802,0.8826152627071564,0.9998429551679517,-0.5118340787330498,0.6166563623868171,0.9998479593710528,FALSE,FALSE,n.s.
Q9CPQ1,Cox6c,-0.4989974389206573,0.74985454633993,0.9998429551679517,-0.3857873739699113,0.7504097100834131,0.9998479593710528,FALSE,FALSE,n.s.
Q9CQH3,Ndufb5,0.11488243463022058,0.913518162309944,0.9998429551679517,0.5303262990504786,0.5868775182202981,0.9998479593710528,FALSE,FALSE,n.s.
P48453,Ppp3cb,0.0026717693554354676,0.9985894091369933,0.9998429551679517,-0.568878743563231,0.5020990096461986,0.9998479593710528,FALSE,FALSE,n.s.
Q99KK7,Dpp3,-0.012144785195464374,0.982415458188004,0.9998429551679517,0.3629189825804055,0.5184334083886547,0.9998479593710528,FALSE,FALSE,n.s.
A5A4Y9,Ppp1r11,-0.5967978512673465,0.7598766390230395,0.9998429551679517,0.5946420685474186,0.7411999399315625,0.9998479593710528,FALSE,FALSE,n.s.
Q9CQ10,Chmp3,-0.5245592352959845,0.6505818126679958,0.9998429551679517,-0.145991983408316,0.850518611096959,0.9998479593710528,FALSE,FALSE,n.s.
E9QKG3,Trmt11,-0.0600315270871406,0.9650601066177937,0.9998429551679517,0.3499467819259587,0.5361934774029858,0.9998479593710528,FALSE,FALSE,n.s.
D3YTP3,Mtx3,-0.06995403639591823,0.9096809899935486,0.9998429551679517,0.442349636833253,0.591707648645615,0.9998479593710528,FALSE,FALSE,n.s.
P63328,Ppp3ca,-0.24060331124502918,0.781586338894624,0.9998429551679517,0.29354402004582414,0.7204748165090269,0.9998479593710528,FALSE,FALSE,n.s.
O70325,Gpx4,-0.19085141620267052,0.8003406302274408,0.9998429551679517,0.2868658697741892,0.7020320272635157,0.9998479593710528,FALSE,FALSE,n.s.
Q3UHD9,Agap2,-0.11414393812090469,0.8389964534708358,0.9998429551679517,0.32794687684891577,0.6635934608051464,0.9998479593710528,FALSE,FALSE,n.s.
Q61024,Asns,-0.10583931676956344,0.8571266287252548,0.9998429551679517,-0.28644105221955785,0.6456637455841481,0.9998479593710528,FALSE,FALSE,n.s.
Q9CY00,Ift70b,-0.13571732624027466,0.8646878422400239,0.9998429551679517,-0.26228771436585085,0.6383098860915873,0.9998479593710528,FALSE,FALSE,n.s.
O35075,Vps26c,-0.09744133994861623,0.9190491166378199,0.9998429551679517,-0.5102120112608032,0.5843104469087477,0.9998479593710528,FALSE,FALSE,n.s.
A0A0R4J0U7,Commd5,-0.7619295643955427,0.516527021372111,0.9998429551679517,-0.009025872198596633,0.9871420065749863,0.9998479593710528,FALSE,FALSE,n.s.
Q80WT5,Aftph,0.21018360212330303,0.6615663129349862,0.9998429551679517,-0.08924239169990004,0.8424954045716913,0.9998479593710528,FALSE,FALSE,n.s.
Q3U9G9,Lbr,0.03846166177150548,0.9543609044779104,0.9998429551679517,-0.48265233839423494,0.5498590350871055,0.9998479593710528,FALSE,FALSE,n.s.
Q99KI3,Emc3,-0.10666769294457558,0.8458838565112456,0.9998429551679517,-0.2397913745445139,0.6583557504164844,0.9998479593710528,FALSE,FALSE,n.s.
Q6VVW5,Npr2,0.03810533562216073,0.9487059555661728,0.9998429551679517,0.5260868838880255,0.555761570034765,0.9998479593710528,FALSE,FALSE,n.s.
A2A432,Cul4b,-0.08427359202299195,0.7852075662426061,0.9998429551679517,0.12601674185044975,0.7192959887485041,0.9998479593710528,FALSE,FALSE,n.s.
P97429,Anxa4,0.37318073755812964,0.6633908603696259,0.9998429551679517,0.15107474775552737,0.8415743998293888,0.9998479593710528,FALSE,FALSE,n.s.
P35235,Ptpn11,0.0034404111535173715,0.9947316704429425,0.9998429551679517,0.36367388826804564,0.5105100556660249,0.9998479593710528,FALSE,FALSE,n.s.
Q8VD65,Pik3r4,-0.20409512745468447,0.5305713682938473,0.9998429551679517,0.009681399448095332,0.9749464691703413,0.9998479593710528,FALSE,FALSE,n.s.
Q7M729,Scn4b,0.019257434729251326,0.9857989968427645,0.9998429551679517,0.7604831503024762,0.5200318025836194,0.9998479593710528,FALSE,FALSE,n.s.
Q8R3N6,Thoc1,0.38772546201729624,0.5286073601781733,0.9998429551679517,0.017730584802012086,0.9774598354339786,0.9998479593710528,FALSE,FALSE,n.s.
P20357,Map2,0.0156727034130332,0.9488136718415263,0.9998429551679517,0.14504455345803105,0.5575614830476148,0.9998479593710528,FALSE,FALSE,n.s.
O88737,Bsn,-0.14347332513674174,0.6384973089725289,0.9998429551679517,-0.040074650585523675,0.8679204855351894,0.9998479593710528,FALSE,FALSE,n.s.
Q8K3G9,Appl2,0.2746664946434995,0.5098224857444928,0.9998429551679517,0.001588937611839493,0.9967985894671836,0.9998479593710528,FALSE,FALSE,n.s.
P43274,H1-4,0.1437801376494679,0.9146116642658786,0.9998429551679517,0.7003155412252521,0.5920236239617985,0.9998479593710528,FALSE,FALSE,n.s.
Q9CSU0,Rprd1b,0.2792793240020741,0.7191391287124697,0.9998429551679517,-0.23442447173404166,0.7880410711786767,0.9998479593710528,FALSE,FALSE,n.s.
Q91V57,Chn1,-0.3337295438168922,0.6631983520854545,0.9998429551679517,0.14359097594964376,0.844088125760032,0.9998479593710528,FALSE,FALSE,n.s.
Q8CCX5,Krt222,5.233065576341209e-4,0.9992166113113135,0.9998429551679517,0.3302755088560693,0.5084883929695243,0.9998479593710528,FALSE,FALSE,n.s.
Q9EPK2,Rp2,-0.5403300900976717,0.6532296298599395,0.9998429551679517,-0.11734812402818687,0.8552879384709263,0.9998479593710528,FALSE,FALSE,n.s.
Q80XL6,Acad11,-0.2474253304653661,0.8498766059713714,0.9998429551679517,-0.23323239164939524,0.6587826733179978,0.9998479593710528,FALSE,FALSE,n.s.
Q9D7B1,Dus2,0.13255766765476215,0.8335756091344981,0.9998429551679517,0.2096130256817975,0.6754196952990449,0.9998479593710528,FALSE,FALSE,n.s.
P62242,Rps8,-0.5610261065343858,0.6378976864019187,0.9998429551679517,-0.21062680783663626,0.871575231066093,0.9998479593710528,FALSE,FALSE,n.s.
Q68ED7,Crtc1,-0.6570130626972773,0.6325270590151699,0.9998429551679517,0.1554239667906679,0.8776928972356011,0.9998479593710528,FALSE,FALSE,n.s.
Q9WVL1,Ap4s1,0.4807556727854193,0.5443229979338113,0.9998429551679517,-0.021570849697836066,0.9664940145050778,0.9998479593710528,FALSE,FALSE,n.s.
Q91ZA3,Pcca,-0.09399491704465561,0.8478817527248452,0.9998429551679517,0.22210197641447352,0.6629439226827378,0.9998479593710528,FALSE,FALSE,n.s.
Q8CH18,Ccar1,-0.2498780880324034,0.574789955932631,0.9998429551679517,-0.029317597116517675,0.9361904017890299,0.9998479593710528,FALSE,FALSE,n.s.
P60229,Eif3e,0.04428050678328055,0.9494369726770204,0.9998429551679517,-0.3902043463986851,0.5617709905947923,0.9998479593710528,FALSE,FALSE,n.s.
Q91YN0,Ferry3,-0.04588086169113899,0.9119313220598375,0.9998429551679517,0.16688666710104058,0.6002855669946748,0.9998479593710528,FALSE,FALSE,n.s.
Q99MP8,Brap,-0.08744653713560153,0.8876954747940803,0.9998429551679517,0.2506962882081712,0.624696686817324,0.9998479593710528,FALSE,FALSE,n.s.
Q8R349,Cdc16,-0.08997758104018368,0.8528115721158515,0.9998429551679517,0.2537362859041127,0.6595818419832418,0.9998479593710528,FALSE,FALSE,n.s.
Q8VEH5,Epm2aip1,0.3636138684573869,0.7364577141734994,0.9998429551679517,-0.27268771453845575,0.7761583760870677,0.9998479593710528,FALSE,FALSE,n.s.
A2AF47,Dock11,0.1830691915278527,0.7565312057366942,0.9998429551679517,-0.10569849451450732,0.7563985432399358,0.9998479593710528,FALSE,FALSE,n.s.
Q9WV95,Phlda3,0.7247856282437717,0.5167058426772824,0.9998429551679517,0.0050730049456664565,0.9962632210846346,0.9998479593710528,FALSE,FALSE,n.s.
Q9Z2I9,Sucla2,-0.3884857864952402,0.5702346321300621,0.9998429551679517,0.051675830432134945,0.9428300399460569,0.9998479593710528,FALSE,FALSE,n.s.
Q7TMC8,Fcsk,0.0659082407964459,0.9089914340839551,0.9998429551679517,0.3160212994603896,0.6045129774529935,0.9998479593710528,FALSE,FALSE,n.s.
Q80VQ0,Aldh3b1,0.19163568769069428,0.8115400385369903,0.9998429551679517,0.3205160180826718,0.7021838039292949,0.9998479593710528,FALSE,FALSE,n.s.
Q8CI43,Myl6b,0.49301095956647745,0.5825480643098673,0.9998429551679517,-0.09212990661802474,0.9313480735732476,0.9998479593710528,FALSE,FALSE,n.s.
Q3UZV7,Elapor2,-0.2690705621776046,0.5733473569812042,0.9998429551679517,-0.03318745443377288,0.9409705868019924,0.9998479593710528,FALSE,FALSE,n.s.
B2RW11,Ankrd34a,0.18661326449033308,0.8476309860993027,0.9998429551679517,0.316232337871356,0.6668101117874381,0.9998479593710528,FALSE,FALSE,n.s.
Q9CQU0,Txndc12,0.48035610645078475,0.7014878277151568,0.9998429551679517,0.2488221311760893,0.8130162776013494,0.9998479593710528,FALSE,FALSE,n.s.
Q9QYS9,Qki,-0.21529540837086472,0.7818663379227582,0.9998429551679517,-0.2828502435843208,0.7327552801912092,0.9998479593710528,FALSE,FALSE,n.s.
Q9D1B9,Mrpl28,-0.07540042725126342,0.9080907724077271,0.9998429551679517,-0.40076400594905764,0.6070967224624142,0.9998479593710528,FALSE,FALSE,n.s.
Q80VP1,Epn1,0.0012972403511119883,0.9987930569577775,0.9998429551679517,0.6763510417400852,0.5163979212123624,0.9998479593710528,FALSE,FALSE,n.s.
P32848,Pvalb,-0.5056172740531343,0.5370444663659664,0.9998429551679517,-0.02217788046911769,0.978250922551904,0.9998479593710528,FALSE,FALSE,n.s.
O09131,Gsto1,0.4686569571129635,0.5363438479267459,0.9998429551679517,-0.015560826384187003,0.9790739612231558,0.9998479593710528,FALSE,FALSE,n.s.
Q920N2,Hlcs,-0.14105325777087066,0.8166194243351711,0.9998429551679517,-0.1980617378548033,0.6988514976236253,0.9998479593710528,FALSE,FALSE,n.s.
Q9D5V6,Syap1,0.22693034801875048,0.5303888862386001,0.9998429551679517,0.0063890980734437625,0.9853855871958898,0.9998479593710528,FALSE,FALSE,n.s.
G5E829,Atp2b1,0.13599648975903164,0.7625328942888605,0.9998429551679517,0.13139967892996576,0.7537226411262707,0.9998479593710528,FALSE,FALSE,n.s.
Q9CXT8,Pmpcb,-0.10210618564841152,0.8913809462329303,0.9998429551679517,0.3611830335688461,0.625037444024707,0.9998479593710528,FALSE,FALSE,n.s.
P38060,Hmgcl,-0.25993909723344666,0.741165308436195,0.9998429551679517,-0.1864898582672653,0.7753852216642317,0.9998479593710528,FALSE,FALSE,n.s.
Q99JY0,Hadhb,-0.18303281251344203,0.8243754405746654,0.9998429551679517,0.3113654801326142,0.6924682017186885,0.9998479593710528,FALSE,FALSE,n.s.
Q3UIA2,Arhgap17,0.2898901344478436,0.5587391311654785,0.9998429551679517,0.017532806979771245,0.958211883768879,0.9998479593710528,FALSE,FALSE,n.s.
Q5SX40,Myh1,0.12671851242510163,0.7966963980792687,0.9998429551679517,0.15186621880664533,0.7203424790226051,0.9998479593710528,FALSE,FALSE,n.s.
P40142,Tkt,-0.08463893025898771,0.861274105279586,0.9998429551679517,0.2245010369527523,0.6559858262917828,0.9998479593710528,FALSE,FALSE,n.s.
Q99LB7,Sardh,0.17596415390175543,0.8667896979034337,0.9998429551679517,0.31591401837379046,0.6506614530130943,0.9998479593710528,FALSE,FALSE,n.s.
Q921T2,Tor1aip1,0.21655554421775924,0.7927069373606787,0.9998429551679517,0.24233443297668958,0.7250506982468772,0.9998479593710528,FALSE,FALSE,n.s.
Q6IR34,Gpsm1,-0.03671161317337548,0.9443802167527108,0.9998429551679517,-0.21800120527841496,0.5734148789946778,0.9998479593710528,FALSE,FALSE,n.s.
Q9D708,S100a16,-0.3651117930276018,0.7849715046045871,0.9998429551679517,0.3711336065785224,0.7334745272297869,0.9998479593710528,FALSE,FALSE,n.s.
Q8VHK1,Caskin2,-0.3473465799797364,0.6143568579627741,0.9998429551679517,0.043961606896382156,0.9041403850175569,0.9998479593710528,FALSE,FALSE,n.s.
O08579,Emd,-0.4466967922973273,0.6024159609725599,0.9998429551679517,-0.10174838765031963,0.9163793947970259,0.9998479593710528,FALSE,FALSE,n.s.
P60521,Gabarapl2,0.4949237682018552,0.6160711485107335,0.9998429551679517,0.08732821038948448,0.9030236249544112,0.9998479593710528,FALSE,FALSE,n.s.
Q9D2R0,Aacs,0.19513462599361797,0.7543452203369517,0.9998429551679517,0.16743891862852464,0.7648375797414073,0.9998479593710528,FALSE,FALSE,n.s.
Q91W90,Txndc5,0.05629306165966697,0.9122338124404783,0.9998429551679517,0.3497692958049875,0.6070254346647341,0.9998479593710528,FALSE,FALSE,n.s.
O70194,Eif3d,-0.02531160362657112,0.9618523287790188,0.9998429551679517,0.28712324881506984,0.5574836551110532,0.9998479593710528,FALSE,FALSE,n.s.
Q64676,Ugt8,0.023705097026730435,0.9784637440083652,0.9998429551679517,0.4522901129105103,0.5410304065167367,0.9998479593710528,FALSE,FALSE,n.s.
Q91YQ5,Rpn1,0.011893617932989143,0.9835309715213685,0.9998429551679517,0.3252032347710972,0.5360324189008889,0.9998479593710528,FALSE,FALSE,n.s.
G5E8G3,Opcml,-0.2216286077479855,0.822435147579531,0.9998429551679517,0.814783969175815,0.6982213424817458,0.9998479593710528,FALSE,FALSE,n.s.
A2A543,Cacnb1,-0.07061960772392559,0.8980910497657514,0.9998429551679517,-0.23313467600978988,0.6232264038500079,0.9998479593710528,FALSE,FALSE,n.s.
P70288,Hdac2,-0.3732869521935365,0.5417977390756831,0.9998429551679517,-0.015216751338310448,0.9795670950623607,0.9998479593710528,FALSE,FALSE,n.s.
Q02819,Nucb1,0.04909581704899833,0.9123091985016926,0.9998429551679517,-0.23448748550324824,0.6090704204288961,0.9998479593710528,FALSE,FALSE,n.s.
Q00560,Il6st,-0.32386408564946506,0.6282543109635166,0.9998429551679517,-0.06433798553451205,0.8931410159328353,0.9998479593710528,FALSE,FALSE,n.s.
P61290,Psme3,-0.16136397896137084,0.8389538648141521,0.9998429551679517,-0.25435646621339403,0.6824590423927803,0.9998479593710528,FALSE,FALSE,n.s.
O88531,Ppt1,-0.4190480119694791,0.7126887059356767,0.9998429551679517,0.20679282876434893,0.8089234712461663,0.9998479593710528,FALSE,FALSE,n.s.
Q99JI6,Rap1b,0.6177615490419931,0.5221069843429949,0.9998429551679517,-2.020997829002538e-4,0.9998479593710528,0.9998479593710528,FALSE,FALSE,n.s.
P24472,Gsta4,-0.16634825057578773,0.8910574486595118,0.9998429551679517,0.5669135051167002,0.6314082557439981,0.9998479593710528,FALSE,FALSE,n.s.
Q9DCN1,Nudt12,0.40739883415559824,0.5344038959082498,0.9998429551679517,-0.007906282377379552,0.9885612419708067,0.9998479593710528,FALSE,FALSE,n.s.
Q60809,Cnot7,-0.14997089834495972,0.7683039882584031,0.9998429551679517,0.13342089196557613,0.7547831094781268,0.9998479593710528,FALSE,FALSE,n.s.
Q91VJ4,Stk38,-0.1750097243823992,0.5488180778688858,0.9998429551679517,-0.020053991281458156,0.974947381645681,0.9998479593710528,FALSE,FALSE,n.s.
Q8K327,Champ1,0.04505044399540095,0.8760214459310968,0.9998429551679517,0.15230499796193553,0.6478039860205906,0.9998479593710528,FALSE,FALSE,n.s.
Q9D0E1,Hnrnpm,0.19159050853385248,0.8095888572235115,0.9998429551679517,0.2613604855214021,0.7142501347742976,0.9998479593710528,FALSE,FALSE,n.s.
Q9CQU5,Zwint,0.21961476227343876,0.699629480713887,0.9998429551679517,-0.11716654674385114,0.8242130159222957,0.9998479593710528,FALSE,FALSE,n.s.
Q9CPS6,Hint3,0.5094461339875257,0.6096640689014559,0.9998429551679517,0.10683738266850627,0.9151709450718082,0.9998479593710528,FALSE,FALSE,n.s.
Q80Y81,Elac2,-0.12892270700857653,0.7477880699491741,0.9998429551679517,-0.13881521652589965,0.7776043597837776,0.9998479593710528,FALSE,FALSE,n.s.
D3Z742,Mb21d2,-0.1368568999653975,0.8560576041285934,0.9998429551679517,-0.3400660830482977,0.66958748535021,0.9998479593710528,FALSE,FALSE,n.s.
O55028,Bckdk,-0.2845601465168359,0.5809671942040113,0.9998429551679517,-0.04290509389965575,0.9448180930096478,0.9998479593710528,FALSE,FALSE,n.s.
Q8CJG0,Ago2,-0.06252530838271883,0.875660047705192,0.9998429551679517,-0.2167384292473092,0.6514652877153337,0.9998479593710528,FALSE,FALSE,n.s.
Q9R1S8,Capn7,-0.07630538059011685,0.8867372374279554,0.9998429551679517,0.2719458877664209,0.6407908217152316,0.9998479593710528,FALSE,FALSE,n.s.
Q05A62,Dnal1,-0.1924967973358379,0.7866816288544652,0.9998429551679517,-0.17494172793888094,0.7411115246066875,0.9998479593710528,FALSE,FALSE,n.s.
Q9JHS4,Clpx,-0.007527277048917908,0.9866735374757175,0.9998429551679517,-0.22956509459377603,0.5413319370718312,0.9998479593710528,FALSE,FALSE,n.s.
P28738,Kif5c,-0.056503391738838935,0.8892630387361784,0.9998429551679517,0.1868782882544484,0.6387651578504433,0.9998479593710528,FALSE,FALSE,n.s.
Q7TSJ2,Map6,0.14877954520413278,0.7033639976686158,0.9998429551679517,-0.08900130633244857,0.8246688587548396,0.9998479593710528,FALSE,FALSE,n.s.
Q8BGV0,Nars2,0.20620987046980882,0.6849431718712444,0.9998429551679517,-0.1478135708638634,0.8432472412528295,0.9998479593710528,FALSE,FALSE,n.s.
Q99KY4,Gak,-0.17235295946181003,0.673893260045602,0.9998429551679517,0.07534011410805992,0.8547082958253776,0.9998479593710528,FALSE,FALSE,n.s.
Q8BKE9,Ift74,-0.18403779952095417,0.6846429115210642,0.9998429551679517,-0.06829182246541741,0.8441195949252156,0.9998479593710528,FALSE,FALSE,n.s.
Q3TYX3,Smyd5,0.6885776242792953,0.5581420111599145,0.9998429551679517,0.03904117053486873,0.9708331681531324,0.9998479593710528,FALSE,FALSE,n.s.
P62069,Usp46,-0.2183470738626132,0.7267964222536527,0.9998429551679517,0.2805539828097396,0.8026463519434994,0.9998479593710528,FALSE,FALSE,n.s.
Q9ERD7,Tubb3,0.10861871199902821,0.9217642371846168,0.9998429551679517,-0.5252226663388805,0.6077390078878606,0.9998479593710528,FALSE,FALSE,n.s.
Q9CZU6,Cs,-0.411497082652,0.7313092083133532,0.9998429551679517,0.3293536601795607,0.7982838550023321,0.9998479593710528,FALSE,FALSE,n.s.
Q61249,Igbp1,0.23453054884373836,0.6998516241005014,0.9998429551679517,0.12758575230862457,0.8300198227612225,0.9998479593710528,FALSE,FALSE,n.s.
P46735,Myo1b,0.16700734387704416,0.588803888507686,0.9998429551679517,0.028502165867878015,0.9410930608694441,0.9998479593710528,FALSE,FALSE,n.s.
P23492,Pnp,-0.2585702779191542,0.8084408370967064,0.9998429551679517,-0.41168680360985993,0.7216410187391753,0.9998479593710528,FALSE,FALSE,n.s.
Q8BXL7,Arfrp1,0.13128022454327584,0.7993345143542141,0.9998429551679517,0.19887277442322823,0.7311005721680626,0.9998479593710528,FALSE,FALSE,n.s.
P21126,Ubl4a,0.4621672614924859,0.5461429312029231,0.9998429551679517,-0.012214097299860316,0.984339650049338,0.9998479593710528,FALSE,FALSE,n.s.
B2RR83,Ythdc2,-0.05571503935773254,0.9039220054374097,0.9998429551679517,0.2539874218108856,0.6268629773693726,0.9998479593710528,FALSE,FALSE,n.s.
Q8R081,Hnrnpl,-0.3032150798090903,0.5590684135762548,0.9998429551679517,-0.013503424648651955,0.9718724118446869,0.9998479593710528,FALSE,FALSE,n.s.
P47754,Capza2,-0.11649125488298218,0.8606553034660457,0.9998429551679517,0.21273606029554182,0.6703814776300637,0.9998479593710528,FALSE,FALSE,n.s.
O08917,Flot1,0.025478283227071078,0.9671229318360647,0.9998429551679517,0.3402199330743358,0.5643495168948617,0.9998479593710528,FALSE,FALSE,n.s.
Q99PT1,Arhgdia,-0.3194707025049123,0.7696982724844825,0.9998429551679517,-0.3308912960731941,0.7620222772614177,0.9998479593710528,FALSE,FALSE,n.s.
Q8VE33,Gdap1l1,-0.13564757559585544,0.8543446513141717,0.9998429551679517,0.2673976168562633,0.6775219308265252,0.9998479593710528,FALSE,FALSE,n.s.
Q3TPX4,Exoc5,0.013614041306145372,0.9777806233180439,0.9998429551679517,0.2666158208048992,0.5545594473573654,0.9998479593710528,FALSE,FALSE,n.s.
P09411,Pgk1,0.27816560239875054,0.6701549242849738,0.9998429551679517,0.1070622947287336,0.8626014660365358,0.9998479593710528,FALSE,FALSE,n.s.
Q8CHT0,Aldh4a1,0.39337357713536153,0.5982417025344364,0.9998429551679517,0.06505301664974383,0.934551628231,0.9998479593710528,FALSE,FALSE,n.s.
Q8BYA0,Tbcd,-0.14304209564788448,0.7473169163223998,0.9998429551679517,0.12734828530807146,0.7857106747234678,0.9998479593710528,FALSE,FALSE,n.s.
Q8C0P5,Coro2a,0.023457801053391278,0.9684660187496225,0.9998429551679517,0.320216750024055,0.5646305271640164,0.9998479593710528,FALSE,FALSE,n.s.
Q61553,Fscn1,0.11337996799385446,0.8994529611369082,0.9998429551679517,0.40147717679446643,0.6337379482629979,0.9998479593710528,FALSE,FALSE,n.s.
Q8K2C6,Sirt5,-0.19894962148852727,0.8145778062191995,0.9998429551679517,-0.2496289465257421,0.7187429515200254,0.9998479593710528,FALSE,FALSE,n.s.
Q6ZWX2,Tmsb4x,0.0818772837339168,0.9111290757480688,0.9998429551679517,-0.44590208278106414,0.6223960044505462,0.9998479593710528,FALSE,FALSE,n.s.
Q8N7N5,Dcaf8,-0.07551260861122316,0.8935077103144229,0.9998429551679517,-0.23157754284648255,0.6406357254524985,0.9998479593710528,FALSE,FALSE,n.s.
Q9CZR3,Tomm40l,0.6020006858352318,0.7947376102035427,0.9998429551679517,0.789680869307376,0.7395332393516314,0.9998479593710528,FALSE,FALSE,n.s.
Q9D6S7,Mrrf,0.18703823945738013,0.786235212925221,0.9998429551679517,-0.24260103547934356,0.7483269001242527,0.9998479593710528,FALSE,FALSE,n.s.
Q7TNC4,Luc7l2,-0.2585571829485,0.7547017457522235,0.9998429551679517,-0.18942103377427233,0.7798708504132328,0.9998479593710528,FALSE,FALSE,n.s.
Q9CPU0,Glo1,-0.4049479488989625,0.7276526087435374,0.9998429551679517,0.29888553082500774,0.8070292987691806,0.9998479593710528,FALSE,FALSE,n.s.
Q8C7X2,Emc1,0.15744817597180802,0.7873927865405417,0.9998429551679517,0.15778536271627805,0.7482323956419996,0.9998479593710528,FALSE,FALSE,n.s.
P61358,Rpl27,0.17659612406033695,0.9157398036385798,0.9998429551679517,0.8469451735554494,0.6199539458158561,0.9998479593710528,FALSE,FALSE,n.s.
Q99J77,Nans,-0.1835248944523566,0.7202278119042049,0.9998429551679517,0.12367338604379316,0.8157008816684925,0.9998479593710528,FALSE,FALSE,n.s.
Q9QXX4,Slc25a13,0.13974486722947857,0.8202533945755123,0.9998429551679517,-0.26739870231595514,0.7162257521738817,0.9998479593710528,FALSE,FALSE,n.s.
Q8K157,Galm,0.6945797643499241,0.553639013335995,0.9998429551679517,-0.01924753014522722,0.9831702108662157,0.9998479593710528,FALSE,FALSE,n.s.
P47867,Scg3,0.0922980892168251,0.8551636495411631,0.9998429551679517,0.23706608438207286,0.6818475913142374,0.9998479593710528,FALSE,FALSE,n.s.
Q61749,Eif2b4,-0.03694042290009227,0.9704453575192891,0.9998429551679517,-0.5029058658478317,0.566775303149849,0.9998479593710528,FALSE,FALSE,n.s.
P35436,Grin2a,0.15178824692089563,0.7370278877244835,0.9998429551679517,0.08449387008047428,0.8003914691791076,0.9998479593710528,FALSE,FALSE,n.s.
O88597,Becn1,-0.2951737297222162,0.726385787142857,0.9998429551679517,-0.21811098154534656,0.8111580429865248,0.9998479593710528,FALSE,FALSE,n.s.
Q99LF4,Rtcb,-0.25700082386074957,0.5743128056072693,0.9998429551679517,-0.021916873199982367,0.963895844169443,0.9998479593710528,FALSE,FALSE,n.s.
Q6P5E4,Uggt1,0.06447041575925827,0.8411333878096494,0.9998429551679517,-0.11904439676414717,0.6972428518377543,0.9998479593710528,FALSE,FALSE,n.s.
Q9CQ60,Pgls,1.0322565197231337,0.5948109394485941,0.9998429551679517,-0.13160003358228112,0.9435669853435463,0.9998479593710528,FALSE,FALSE,n.s.
Q6PDM2,Srsf1,0.010461349108041786,0.9955531409874909,0.9998429551679517,-1.1178697951183083,0.5432851264273624,0.9998479593710528,FALSE,FALSE,n.s.
Q9WUM3,Coro1b,0.07322117639485043,0.9409136495204785,0.9998429551679517,0.4916759937076191,0.598194808352795,0.9998479593710528,FALSE,FALSE,n.s.
P70335,Rock1,0.015166729784798142,0.9523006224169215,0.9998429551679517,-0.18638727111552203,0.5874672755984872,0.9998479593710528,FALSE,FALSE,n.s.
Q3UQN2,Fcho2,0.09101389365043552,0.8875007757030846,0.9998429551679517,-0.3063786973110755,0.6524803218659891,0.9998479593710528,FALSE,FALSE,n.s.
A2BH40,Arid1a,-0.14613691771215975,0.6611250869228592,0.9998429551679517,-0.061009539986179716,0.8791951776915211,0.9998479593710528,FALSE,FALSE,n.s.
O08715,Akap1,-0.28285689403404807,0.6648735976769911,0.9998429551679517,-0.0698380778512171,0.8754513168577034,0.9998479593710528,FALSE,FALSE,n.s.
Q03265,Atp5f1a,0.26470839184910655,0.7435131687263683,0.9998429551679517,0.22299683700175507,0.7968916944082564,0.9998479593710528,FALSE,FALSE,n.s.
Q9CZ42,Naxd,0.5442593559720833,0.558960550231111,0.9998429551679517,-0.026658688843413606,0.9815981112026568,0.9998479593710528,FALSE,FALSE,n.s.
F8WHB1,Atp2b2,0.18521105206592517,0.7038295706299873,0.9998429551679517,0.254911077060728,0.836867602767436,0.9998479593710528,FALSE,FALSE,n.s.
P97813,Pld2,0.025379611566734964,0.9785529604479555,0.9998429551679517,-0.26692388815030654,0.5625139708126186,0.9998479593710528,FALSE,FALSE,n.s.
Q921H9,Coa7,-0.12060263034315588,0.8651552837643982,0.9998429551679517,0.34816537501697037,0.6759964756977506,0.9998479593710528,FALSE,FALSE,n.s.
Q8BWT1,Acaa2,-0.09889009311272859,0.868895937012473,0.9998429551679517,-0.2963354393642798,0.6724954935788345,0.9998479593710528,FALSE,FALSE,n.s.
Q9D1R9,Rpl34,-0.20480957513527295,0.8896798121695344,0.9998429551679517,0.6702500569919468,0.6517254182253811,0.9998479593710528,FALSE,FALSE,n.s.
Q09143,Slc7a1,0.5972298790195506,0.5532634188221922,0.9998429551679517,-0.011633412771865768,0.9881969629293297,0.9998479593710528,FALSE,FALSE,n.s.
Q61292,Lamb2,-0.031842021168008695,0.961425784781525,0.9998429551679517,-0.4625297833333398,0.5803007016561647,0.9998479593710528,FALSE,FALSE,n.s.
Q9D154,Serpinb1a,0.08078916586097121,0.8956125519785386,0.9998429551679517,0.28357207260161066,0.6469291740225331,0.9998479593710528,FALSE,FALSE,n.s.
E9Q9R9,Dlg5,0.20815989575281982,0.8241993413953153,0.9998429551679517,-0.17793448590771713,0.718907779146993,0.9998479593710528,FALSE,FALSE,n.s.
P33175,Kif5a,-0.06416747097246557,0.8727740305887138,0.9998429551679517,-0.16604272484092425,0.6703824694697511,0.9998479593710528,FALSE,FALSE,n.s.
Q8C845,Efhd2,0.1748091641991006,0.8705386296530254,0.9998429551679517,0.3841977130336053,0.6727898723021541,0.9998479593710528,FALSE,FALSE,n.s.
Q8VHH7,Adcy3,0.04631230186473348,0.9340841314628257,0.9998429551679517,0.2510111356269187,0.6093604562097021,0.9998479593710528,FALSE,FALSE,n.s.
P11031,Sub1,0.1370816627338621,0.8976407169210612,0.9998429551679517,-0.6416943889144481,0.6459642713527296,0.9998479593710528,FALSE,FALSE,n.s.
E9Q800,Immt,-0.10192554786225651,0.8441984500267762,0.9998429551679517,-0.19927798718968265,0.699609852580418,0.9998479593710528,FALSE,FALSE,n.s.
Q99LC3,Ndufa10,0.3280679420013281,0.6569216994541132,0.9998429551679517,-0.11599964084950103,0.8869920415584961,0.9998479593710528,FALSE,FALSE,n.s.
Q02111,Prkcq,-0.296934701336697,0.6427837739269139,0.9998429551679517,0.053213916111762835,0.9012422800481407,0.9998479593710528,FALSE,FALSE,n.s.
Q3UHD6,Snx27,0.07623067419603288,0.8912080177904882,0.9998429551679517,-0.2963416102683142,0.653363752853103,0.9998479593710528,FALSE,FALSE,n.s.
Q64727,Vcl,0.10846443280444575,0.7670359700692883,0.9998429551679517,-0.11127298980552532,0.7778776887867598,0.9998479593710528,FALSE,FALSE,n.s.
Q9EQG9,Cert1,-0.07799671851386099,0.8554662850827445,0.9998429551679517,-0.12359451989572294,0.6895086193644752,0.9998479593710528,FALSE,FALSE,n.s.
Q9WVL0,Gstz1,-0.06409639031912302,0.9213496990147034,0.9998429551679517,0.343118036865124,0.6236437640368313,0.9998479593710528,FALSE,FALSE,n.s.
Q9DBG3,Ap2b1,0.062254600472339876,0.8964232300876762,0.9998429551679517,0.22715352619946247,0.6487539464876366,0.9998479593710528,FALSE,FALSE,n.s.
P15105,Glul,-0.054071154050790035,0.954094819971292,0.9998429551679517,0.5302542230619568,0.5921097834676579,0.9998479593710528,FALSE,FALSE,n.s.
A0A991EKZ2,Fxr2,0.21058177438106862,0.9028641088609761,0.9998429551679517,0.3539822310894632,0.643441101313163,0.9998479593710528,FALSE,FALSE,n.s.
P24788,Cdk11b,0.1016503609106118,0.8436307796704203,0.9998429551679517,-0.12295648861701247,0.7032531133913525,0.9998479593710528,FALSE,FALSE,n.s.
Q01065,Pde1b,-0.11992542058289878,0.8913875700849591,0.9998429551679517,-0.34462332684337754,0.6565773254747393,0.9998479593710528,FALSE,FALSE,n.s.
Q9QY81,Nup210,0.19432979568953956,0.5921237100456487,0.9998429551679517,-0.02060052234731281,0.9559704646954024,0.9998479593710528,FALSE,FALSE,n.s.
Q9DCT1,Akr1e2,-0.29037916030705807,0.5915847014298907,0.9998429551679517,-0.026690549237733712,0.9567537927183365,0.9998479593710528,FALSE,FALSE,n.s.
Q6NXJ0,Wwc2,0.1345566892619729,0.6828806587897541,0.9998429551679517,-0.054740482001392254,0.8660622389801238,0.9998479593710528,FALSE,FALSE,n.s.
Q9WTL7,Lypla2,-0.15252495159873963,0.8764861754814571,0.9998429551679517,-0.4433488462155198,0.6729500727179436,0.9998479593710528,FALSE,FALSE,n.s.
P97452,Bop1,0.0864661872849359,0.8989296007094529,0.9998429551679517,-0.3288497490897734,0.6509888227752552,0.9998479593710528,FALSE,FALSE,n.s.
Q8K2Q9,Shtn1,0.15103475509615114,0.6468943017863191,0.9998429551679517,-0.05215715551936734,0.903423535531738,0.9998479593710528,FALSE,FALSE,n.s.
Q9CXW3,Cacybp,0.1843886665477573,0.7523747207976199,0.9998429551679517,0.16873743033219468,0.7981937125123894,0.9998479593710528,FALSE,FALSE,n.s.
Q9DB34,Chmp2a,-0.17329417603370567,0.8187219715798989,0.9998429551679517,0.28097725561426384,0.7329693601133348,0.9998479593710528,FALSE,FALSE,n.s.
A0A1B0GR85,2900026A02Rik,-0.6969905646516216,0.6690201787179095,0.9998429551679517,-0.16637850080273375,0.883087383656388,0.9998479593710528,FALSE,FALSE,n.s.
Q9CQE8,RTRAF,-0.07913369103243133,0.8789841638803523,0.9998429551679517,0.22569004928541486,0.6733957247249689,0.9998479593710528,FALSE,FALSE,n.s.
Q00422,Gabpa,-0.047213074132604275,0.9321889844032243,0.9998429551679517,0.27045716605475656,0.6208362882129177,0.9998479593710528,FALSE,FALSE,n.s.
Q9DBS1,Tmem43,0.21190838073048143,0.7354042916218687,0.9998429551679517,0.14216896722650452,0.8177530680068191,0.9998479593710528,FALSE,FALSE,n.s.
Q9Z0E0,Ncdn,-0.022168506599677406,0.977270911702019,0.9998429551679517,0.3964919374773958,0.57590244699918,0.9998479593710528,FALSE,FALSE,n.s.
Q8K3X4,Irf2bpl,-0.10902342022737274,0.7062650633624996,0.9998429551679517,0.11966046252728782,0.8473651287098578,0.9998479593710528,FALSE,FALSE,n.s.
W6PPR4,Ank3,0.05942395062617313,0.8866375125184032,0.9998429551679517,-0.1663533696109454,0.6672654155888615,0.9998479593710528,FALSE,FALSE,n.s.
Q9CQ79,Txndc9,-0.2355347933915324,0.701611020055787,0.9998429551679517,-0.10002900489509449,0.8528087852505761,0.9998479593710528,FALSE,FALSE,n.s.
Q8BR63,Fam177a1,-0.013108593989553802,0.9766926581805316,0.9998429551679517,0.840116875000781,0.5782262074574769,0.9998479593710528,FALSE,FALSE,n.s.
P35293,Rab18,0.10489998758507454,0.9022994507758415,0.9998429551679517,0.37193399704065633,0.6532778246203091,0.9998479593710528,FALSE,FALSE,n.s.
Q9D1C8,Vps28,-0.3661461538766325,0.7667665222807669,0.9998429551679517,0.27377368321438733,0.78885192021657,0.9998479593710528,FALSE,FALSE,n.s.
P51432,Plcb3,-0.058690899628276096,0.9090295878921754,0.9998429551679517,-0.22204461417254845,0.6466374640135819,0.9998479593710528,FALSE,FALSE,n.s.
Q9D051,Pdhb,-0.5274782094228606,0.6331414519243554,0.9998429551679517,0.11407811889426286,0.9229409444386358,0.9998479593710528,FALSE,FALSE,n.s.
A2AHJ7,Dgkz,0.05154480158566088,0.9266081344574085,0.9998429551679517,0.2998396011095519,0.630042182446763,0.9998479593710528,FALSE,FALSE,n.s.
Q6PAM1,Txlna,0.03695047808040352,0.9386364551353734,0.9998429551679517,0.2384813762011649,0.6191756329900504,0.9998479593710528,FALSE,FALSE,n.s.
Q62425,Ndufa4,-0.16955866214771415,0.8732879317600439,0.9998429551679517,0.5606774850971624,0.684832464481584,0.9998479593710528,FALSE,FALSE,n.s.
P32020,Scp2,0.2690700795526355,0.6871487139930785,0.9998429551679517,0.0994519351965503,0.8713710040915321,0.9998479593710528,FALSE,FALSE,n.s.
Q8C729,Hycc2,-0.11747066093580484,0.8854141614186859,0.9998429551679517,-0.3190233409946146,0.673500060631284,0.9998479593710528,FALSE,FALSE,n.s.
Q61233,Lcp1,0.0014243884746926896,0.9974004725174463,0.9998429551679517,0.24355336316864318,0.5616191296446096,0.9998479593710528,FALSE,FALSE,n.s.
Q99LS3,Psph,-0.005659014737527863,0.9944743374011821,0.9998429551679517,-0.5169405467213218,0.5647610019891195,0.9998479593710528,FALSE,FALSE,n.s.
Q8C9B9,Dido1,-0.09903509477448094,0.8389402668200245,0.9998429551679517,-0.1713364216416309,0.7206106912045099,0.9998479593710528,FALSE,FALSE,n.s.
Q3UPH1,Prrc1,-0.07621783600471481,0.8958101021829329,0.9998429551679517,0.38040012692467373,0.664369478758686,0.9998479593710528,FALSE,FALSE,n.s.
Q8BPU7,Elmo1,-0.030320647323845835,0.9447291878763049,0.9998429551679517,0.21901429038294512,0.6156030168855555,0.9998479593710528,FALSE,FALSE,n.s.
Q9D2G2,Dlst,-0.13038630576696178,0.9104862203383915,0.9998429551679517,0.5332265585104646,0.6502911348735982,0.9998479593710528,FALSE,FALSE,n.s.
Q8BHH2,Rab9b,0.7006143055201233,0.6018189449189095,0.9998429551679517,-0.049722030772841534,0.9591330669883442,0.9998479593710528,FALSE,FALSE,n.s.
P97772,Grm1,-0.09598468178101176,0.8569722977393406,0.9998429551679517,0.14816865687606953,0.7049836313358631,0.9998479593710528,FALSE,FALSE,n.s.
Q61548,Snap91,0.26076523192271894,0.650661311759476,0.9998429551679517,-0.06721219256958239,0.91143336600441,0.9998479593710528,FALSE,FALSE,n.s.
Q8VHQ9,Acot11,-0.46992727059155037,0.6148911210192953,0.9998429551679517,0.053502823757823906,0.9472271072495829,0.9998479593710528,FALSE,FALSE,n.s.
O35127,Grcc10,-0.6486222020413666,0.6108172979015039,0.9998429551679517,-0.034701866906157716,0.952178562752062,0.9998479593710528,FALSE,FALSE,n.s.
V9GXM1,Arfgap1,0.19921924018938011,0.7108233736436952,0.9998429551679517,-0.10113616287359536,0.8522038179908084,0.9998479593710528,FALSE,FALSE,n.s.
Q3TJD7,Pdlim7,0.18011893835891185,0.7694950834487294,0.9998429551679517,-0.12400923620816781,0.7940528614204256,0.9998479593710528,FALSE,FALSE,n.s.
Q9ER58,Spock2,0.1607999473012935,0.7972810181232837,0.9998429551679517,-0.20965453671047543,0.7662687598350894,0.9998479593710528,FALSE,FALSE,n.s.
Q9JK48,Sh3glb1,-0.2932267346050551,0.6948099606570497,0.9998429551679517,0.09584324657305926,0.8689876208401361,0.9998479593710528,FALSE,FALSE,n.s.
Q810A7,Ddx42,0.23286418958770597,0.6068088212921479,0.9998429551679517,-0.02967019822211936,0.9576628805966403,0.9998479593710528,FALSE,FALSE,n.s.
Q9D2V7,Coro7,-0.07382904540749266,0.8712910564132169,0.9998429551679517,0.16745358806192157,0.6934753982279389,0.9998479593710528,FALSE,FALSE,n.s.
Q80U23,Snph,0.2377115119906495,0.7291242434921261,0.9998429551679517,0.14631524363437576,0.8357347120187472,0.9998479593710528,FALSE,FALSE,n.s.
Q8CE90,Map2k7,-0.15577794074418988,0.7733073047922641,0.9998429551679517,0.16700237931602857,0.7917150185686759,0.9998479593710528,FALSE,FALSE,n.s.
Q6P5E8,Dgkq,-0.006356741545109002,0.9874749456435186,0.9998429551679517,0.26204170272063587,0.5781198531705696,0.9998479593710528,FALSE,FALSE,n.s.
Q91WA3,Hdac11,-0.153918020350854,0.7644139423088631,0.9998429551679517,0.17189859968393836,0.8012791281065634,0.9998479593710528,FALSE,FALSE,n.s.
O35988,Sdc4,0.23218307365760169,0.8283092551287277,0.9998429551679517,0.35120173212076367,0.7386269031751467,0.9998479593710528,FALSE,FALSE,n.s.
Q80V91,Dtx3,0.3534765668996288,0.6867351253285533,0.9998429551679517,0.10503448783881135,0.8802155080220152,0.9998479593710528,FALSE,FALSE,n.s.
Q9WTP7,Ak3,0.3671087327052489,0.5974959946559819,0.9998429551679517,-0.02517158142830182,0.9699509938356355,0.9998479593710528,FALSE,FALSE,n.s.
Q9D1J3,Sarnp,0.6764993393900509,0.5691855854079617,0.9998429551679517,-0.0031951963924366604,0.9983140098428165,0.9998479593710528,FALSE,FALSE,n.s.
Q8BMS9,Rassf2,0.02763153357208869,0.9104202277594515,0.9998429551679517,-0.33603848916035123,0.6578096748539727,0.9998479593710528,FALSE,FALSE,n.s.
Q9Z140,Cpne6,-0.06558523555262072,0.91005521014689,0.9998429551679517,0.23710901855506536,0.6584839866561771,0.9998479593710528,FALSE,FALSE,n.s.
Q8K004,Spata2,-0.2562623079284233,0.6993333112156483,0.9998429551679517,0.15855411305596923,0.8695840626630806,0.9998479593710528,FALSE,FALSE,n.s.
Q9Z0V2,Kcnd2,-0.3367833709466054,0.8110399597395712,0.9998429551679517,0.370381611725686,0.757923811730328,0.9998479593710528,FALSE,FALSE,n.s.
Q91YI4,Arrb2,0.2645733326665321,0.634557680930026,0.9998429551679517,0.0517866030566083,0.9344708416411226,0.9998479593710528,FALSE,FALSE,n.s.
B9EHS4,Tecpr2,-0.12595332655528824,0.806386598102352,0.9998429551679517,-0.12967392742817113,0.7627729007526634,0.9998479593710528,FALSE,FALSE,n.s.
Q6NZL0,Mtcl3,-0.21931144420729382,0.645324986196826,0.9998429551679517,-0.04543868229258548,0.9241172676387027,0.9998479593710528,FALSE,FALSE,n.s.
Q6NWV3,Ift122,-0.07940888077692704,0.8270916204784898,0.9998429551679517,-0.21203705170213996,0.7425377758862546,0.9998479593710528,FALSE,FALSE,n.s.
Q80TY5,Vps13b,0.21651072692860043,0.6204498070167987,0.9998429551679517,0.08459665748966089,0.9491856768655357,0.9998479593710528,FALSE,FALSE,n.s.
Q7TNC9,Inpp5a,0.14093534811134212,0.8024372411910065,0.9998429551679517,0.11551030108319442,0.7672895078531072,0.9998479593710528,FALSE,FALSE,n.s.
P53986,Slc16a1,0.22877361061432008,0.8220186767236306,0.9998429551679517,-0.2822317537285156,0.7484492463505307,0.9998479593710528,FALSE,FALSE,n.s.
P62962,Pfn1,0.036651106433827886,0.966783000695706,0.9998429551679517,0.49746316517750233,0.6041498988532881,0.9998479593710528,FALSE,FALSE,n.s.
Q8R3Q2,Ppp6r2,0.12177784820802037,0.810255631820744,0.9998429551679517,0.137315997030137,0.7618828409230539,0.9998479593710528,FALSE,FALSE,n.s.
O08784,Tcof1,-0.11294993287865873,0.7545879723313506,0.9998429551679517,0.0934118746387564,0.817602822813337,0.9998479593710528,FALSE,FALSE,n.s.
Q9DBC7,Prkar1a,0.022344350928271535,0.9666762657210101,0.9998429551679517,0.2656635261547604,0.6061429266745426,0.9998479593710528,FALSE,FALSE,n.s.
Q8BZW8,Nhlrc2,0.05774397297225877,0.88269119563824,0.9998429551679517,-0.22775579800936613,0.6908581502319989,0.9998479593710528,FALSE,FALSE,n.s.
Q6P2L7,Golm2,-0.16207523931041165,0.7752635218208987,0.9998429551679517,0.16237496969422707,0.7986281411528585,0.9998479593710528,FALSE,FALSE,n.s.
Q56A07,Scn2b,-0.019439054009792612,0.978033331388185,0.9998429551679517,-0.4569914881575596,0.5962410554966417,0.9998479593710528,FALSE,FALSE,n.s.
P17156,Hspa2,-0.29292851346782506,0.6931097171874523,0.9998429551679517,0.0912590065283567,0.8813197901339636,0.9998479593710528,FALSE,FALSE,n.s.
P62812,Gabra1,-0.28974921352900107,0.6479793194772667,0.9998429551679517,-0.05902721149785929,0.9265137465331742,0.9998479593710528,FALSE,FALSE,n.s.
A0A0A6YXH3,Osbpl9,-0.10009387163338469,0.8571719962697641,0.9998429551679517,-0.15442294582770066,0.7174692525960658,0.9998479593710528,FALSE,FALSE,n.s.
E9Q6Y8,Usp31,-0.21838345844834237,0.6027659229705044,0.9998429551679517,-0.011939764037980015,0.9720422992268903,0.9998479593710528,FALSE,FALSE,n.s.
Q920P3,Brinp1,0.08830546330403564,0.8584766514643084,0.9998429551679517,0.17832389350137637,0.717186416720518,0.9998479593710528,FALSE,FALSE,n.s.
Q9D1M4,Eef1e1,-0.38104228034664733,0.6545330620998332,0.9998429551679517,0.10331278411760182,0.9211481883379868,0.9998479593710528,FALSE,FALSE,n.s.
Q8VED9,Lgalsl,0.24890667451127974,0.87481054503659506,0.9998429551679517,-0.6675382497871547,0.7011600171682203,0.9998479593710528,FALSE,FALSE,n.s.
Q80UG5,Septin9,0.1060612991723431,0.8691976094401357,0.9998429551679517,0.2351098471032751,0.7072671963493736,0.9998479593710528,FALSE,FALSE,n.s.
E9Q4S1,Pde8b,0.12378575141009787,0.7508707320068341,0.9998429551679517,-0.13779250575989951,0.8257188651992311,0.9998479593710528,FALSE,FALSE,n.s.
B9EKR1,Ptprz1,-0.09310115747349798,0.8391035138099117,0.9998429551679517,0.13626896244356787,0.7387711490119034,0.9998479593710528,FALSE,FALSE,n.s.
P35278,Rab5c,-0.9261669807840769,0.6786270800284803,0.9998429551679517,0.18167081078686256,0.8993152906111844,0.9998479593710528,FALSE,FALSE,n.s.
P55264,Adk,-0.23498798355407233,0.6789480262749558,0.9998429551679517,0.0737737718792767,0.8991050695792351,0.9998479593710528,FALSE,FALSE,n.s.
Q80YA9,Cnksr2,-0.13915805003336446,0.764388801458115,0.9998429551679517,0.1179986869994691,0.8137096960362268,0.9998479593710528,FALSE,FALSE,n.s.
P13595,Ncam1,-0.23409416215059237,0.7060151538672879,0.9998429551679517,0.09965221577051507,0.8721473353047036,0.9998479593710528,FALSE,FALSE,n.s.
A0A0R4J0B8,Sh3gl3,-0.24997408468890656,0.6130142708589896,0.9998429551679517,-0.022828984097194627,0.9652528746844466,0.9998479593710528,FALSE,FALSE,n.s.
E0CZ22,Mroh1,-0.1401234038719879,0.6856228568173273,0.9998429551679517,0.045683722805845046,0.8929649927923371,0.9998479593710528,FALSE,FALSE,n.s.
P21981,Tgm2,0.12406889954143037,0.8321400853991282,0.9998429551679517,0.20700223176872087,0.7466733162801493,0.9998479593710528,FALSE,FALSE,n.s.
Q8VDD8,Washc1,-0.5280136199074444,0.5869717402415551,0.9998429551679517,-0.0061670366941288125,0.9920027189122675,0.9998479593710528,FALSE,FALSE,n.s.
Q9Z0J4,Nos1,-0.02264461062111359,0.9342363427023819,0.9998429551679517,0.12946271586785632,0.6451695860953734,0.9998479593710528,FALSE,FALSE,n.s.
Q9JLB2,Pals1,0.2654496314610464,0.6880492445029598,0.9998429551679517,-0.0825809161598438,0.891635202976666,0.9998479593710528,FALSE,FALSE,n.s.
Q9CPP6,Ndufa5,0.5572512505017243,0.6376032122200954,0.9998429551679517,0.07901869173721658,0.9421740464420654,0.9998479593710528,FALSE,FALSE,n.s.
Q9Z2Y8,Plpbp,0.11790767367707236,0.8844130832515419,0.9998429551679517,0.3557014688682667,0.696173900738755,0.9998479593710528,FALSE,FALSE,n.s.
P11438,Lamp1,-0.3130633773566729,0.8328345429365356,0.9998429551679517,-0.4543495186445473,0.748621443568265,0.9998479593710528,FALSE,FALSE,n.s.
P63038,Hspd1,0.2791472561815824,0.6008497308433001,0.9998429551679517,-0.013003362009629623,0.98078118499121,0.9998479593710528,FALSE,FALSE,n.s.
P14131,Rps16,0.3971656540104782,0.8472867772029813,0.9998429551679517,0.74641763966923,0.7344637668930838,0.9998479593710528,FALSE,FALSE,n.s.
Q8C8N2,Scai,-0.2431511061850054,0.6803897076469567,0.9998429551679517,0.061212378450090546,0.9013954089405054,0.9998479593710528,FALSE,FALSE,n.s.
Q00493,Cpe,-0.2687414706269985,0.7164507066098789,0.9998429551679517,0.11017825130957956,0.8656380420037838,0.9998479593710528,FALSE,FALSE,n.s.
P05063,Aldoc,-0.2515022666441932,0.7617301454879462,0.9998429551679517,-0.21117012278997005,0.8205927025396762,0.9998479593710528,FALSE,FALSE,n.s.
Q9JHJ0,Tmod3,-0.1371992115518793,0.6033627939445599,0.9998429551679517,-0.008622414661495582,0.9790988089024735,0.9998479593710528,FALSE,FALSE,n.s.
Q8CI70,Lrrc20,0.4378733499786907,0.6507993478538807,0.9998429551679517,0.053368461982747264,0.9318705875613973,0.9998479593710528,FALSE,FALSE,n.s.
Q8VDK1,Nit1,-0.27846533840581855,0.7350548449336112,0.9998429551679517,0.14825235312094484,0.8477084408292371,0.9998479593710528,FALSE,FALSE,n.s.
Q8CHW4,Eif2b5,-0.009685796211527068,0.9885137732490785,0.9998429551679517,-0.2108439813643839,0.5950089782963084,0.9998479593710528,FALSE,FALSE,n.s.
Q3UHB8,Ccdc177,-0.28429829569357956,0.6720667536733702,0.9998429551679517,-0.04712218149182013,0.9129861162345321,0.9998479593710528,FALSE,FALSE,n.s.
Q3USB7,Plcl1,0.08231322094850091,0.8158246131995062,0.9998429551679517,-0.1240590266152007,0.7705746088756973,0.9998479593710528,FALSE,FALSE,n.s.
Q8K2Y9,Ccm2,-0.24712968181592884,0.6756137500106042,0.9998429551679517,-0.030841486930495828,0.9109257728835809,0.9998479593710528,FALSE,FALSE,n.s.
Q9CR51,Atp6v1g1,0.011811257304908966,0.9933237098983037,0.9998429551679517,-0.6657784339089892,0.5939245919459222,0.9998479593710528,FALSE,FALSE,n.s.
Q01097,Grin2b,0.13428795483944517,0.7054708938399006,0.9998429551679517,-0.06988595293866272,0.8821934658504402,0.9998479593710528,FALSE,FALSE,n.s.
Q8CB44,Gramd4,-0.09149365783666309,0.9184943565264809,0.9998429551679517,0.2159578438588133,0.6692189777963689,0.9998479593710528,FALSE,FALSE,n.s.
Q80VE5,Tbc1d22b,0.4269106666560783,0.5899581748903888,0.9998429551679517,-0.002002658402812877,0.9980520674673006,0.9998479593710528,FALSE,FALSE,n.s.
P09405,Ncl,0.13496392506422245,0.8040026074043022,0.9998429551679517,0.15036045590043226,0.7845384587784963,0.9998479593710528,FALSE,FALSE,n.s.
B8QI36,Ppfia4,0.11322906833283898,0.7814248395829273,0.9998429551679517,-0.09543744118080033,0.8072869887081897,0.9998479593710528,FALSE,FALSE,n.s.
F8VQ05,Fryl,-0.079964300119651735,0.7660216800920048,0.9998429551679517,-0.055642987958399635,0.8229242679423594,0.9998479593710528,FALSE,FALSE,n.s.
Q06890,Clu,-0.1691128842420742,0.7847818388479553,0.9998429551679517,0.1617093204863368,0.8048139044830749,0.9998479593710528,FALSE,FALSE,n.s.
P03888,Mtnd1,-0.4348520763366434,0.7322041011880702,0.9998429551679517,-0.24858157760292654,0.8573917112283365,0.9998479593710528,FALSE,FALSE,n.s.
Q9R0Q7,Ptges3,0.4561684324813221,0.7114318200387715,0.9998429551679517,0.23046447360966,0.8783037726128727,0.9998479593710528,FALSE,FALSE,n.s.
Q9CZD3,Gars1,0.06885932421640761,0.8858413732468227,0.9998429551679517,-0.19556890161318422,0.7045496561472631,0.9998479593710528,FALSE,FALSE,n.s.
Q8R5H6,Wasf1,-0.01091843623300498,0.9890378173718772,0.9998429551679517,0.38761471267199343,0.6016015277784195,0.9998479593710528,FALSE,FALSE,n.s.
Q9Z2V5,Hdac6,0.171332428718602,0.7478797955688701,0.9998429551679517,0.09232879070724032,0.8428981353400917,0.9998479593710528,FALSE,FALSE,n.s.
Q99JB2,Stoml2,-0.31920428514526683,0.6400909350879831,0.9998429551679517,-0.06344342714885196,0.9507877264527804,0.9998479593710528,FALSE,FALSE,n.s.
Q8BH57,Wdr48,-0.20092768983401793,0.6469793958118152,0.9998429551679517,0.0239189035100901,0.9440326232227043,0.9998479593710528,FALSE,FALSE,n.s.
Q9DBC3,Cmtr1,0.3050107946225472,0.6754198862796076,0.9998429551679517,-0.08600595084738037,0.9162020982293037,0.9998479593710528,FALSE,FALSE,n.s.
Q9ESN6,Trim2,-0.05706568666711873,0.89911393707988,0.9998429551679517,0.18011516204713338,0.692588863791819,0.9998479593710528,FALSE,FALSE,n.s.
P09103,P4hb,0.2400306861568498,0.6440729249403552,0.9998429551679517,-0.03408747627410968,0.9480397926984516,0.9998479593710528,FALSE,FALSE,n.s.
P62880,Gnb2,0.24734276517656884,0.88091264602099,0.9998429551679517,0.5972514809992445,0.7113073338738918,0.9998479593710528,FALSE,FALSE,n.s.
P22682,Cbl,-0.11912497769111371,0.8262376292162101,0.9998429551679517,-0.12685697814506275,0.7660623282277137,0.9998479593710528,FALSE,FALSE,n.s.
Q8CH02,Sugp1,-0.005018202471262964,0.9914928856030617,0.9998429551679517,0.3029208564191942,0.6010026145934196,0.9998479593710528,FALSE,FALSE,n.s.
Q99LD9,Eif2b2,0.20439036428662086,0.749086420325205,0.9998429551679517,-0.11609173274026553,0.8435825512915546,0.9998479593710528,FALSE,FALSE,n.s.
Q8VE97,Srsf4,0.03132796801019022,0.9732994089581981,0.9998429551679517,0.3319074824057885,0.6198932046708638,0.9998479593710528,FALSE,FALSE,n.s.
A6H5Z3,Exoc6b,-0.14344750665210348,0.6916801886158477,0.9998429551679517,-0.04997630611228913,0.9017834689583779,0.9998479593710528,FALSE,FALSE,n.s.
Q8BM55,Tmem214,0.11629256686356504,0.7880473365823782,0.9998429551679517,-0.12753692298289482,0.8058081609121086,0.9998479593710528,FALSE,FALSE,n.s.
Q9CZB0,Sdhc,-0.36144383676610636,0.8375525324110623,0.9998429551679517,-0.4987903940358095,0.7569113227618118,0.9998479593710528,FALSE,FALSE,n.s.
F2Z3U3,Raph1,-0.041963697131173386,0.9013019207016862,0.9998429551679517,0.11753119183274954,0.6933886147797534,0.9998479593710528,FALSE,FALSE,n.s.
Q9CQQ7,Atp5pb,-0.08672967493843917,0.9062840925311887,0.9998429551679517,0.3686033205545609,0.6887752070877118,0.9998479593710528,FALSE,FALSE,n.s.
Q8BFT9,Svop,0.21869834931372625,0.8085815227369904,0.9998429551679517,-0.34137013332544996,0.7865361358147683,0.9998479593710528,FALSE,FALSE,n.s.
Q9WUQ2,Preb,0.1302148339189043,0.7827559293806576,0.9998429551679517,-0.14334921516781055,0.8129921563977927,0.9998479593710528,FALSE,FALSE,n.s.
P16125,Ldhb,-0.3872828176472781,0.682492332764761,0.9998429551679517,0.10900231371473787,0.9134724733959969,0.9998479593710528,FALSE,FALSE,n.s.
Q9D4C9,Clvs1,0.2398366649637214,0.7676109130507873,0.9998429551679517,0.16476733782368402,0.8288144815681873,0.9998479593710528,FALSE,FALSE,n.s.
G5E895,Akr1b10,0.2715347621839322,0.7295937485708506,0.9998429551679517,-0.15683127580550452,0.8668444086230831,0.9998479593710528,FALSE,FALSE,n.s.
P26049,Gabra3,-0.2534868945026237,0.6088978987551505,0.9998429551679517,0.005916295842835154,0.9878034906763545,0.9998479593710528,FALSE,FALSE,n.s.
Q3U3W5,Prmt9,0.08504126573325464,0.8507088489754642,0.9998429551679517,0.11237414047718952,0.7460048286684005,0.9998479593710528,FALSE,FALSE,n.s.
Q9JLJ2,Aldh9a1,0.3019522736085462,0.6325959963192467,0.9998429551679517,-0.03217804733519999,0.9642683608207239,0.9998479593710528,FALSE,FALSE,n.s.
P46467,Vps4b,0.43129487896946206,0.598827840022878,0.9998429551679517,-0.0012699224508372234,0.9983755819738791,0.9998479593710528,FALSE,FALSE,n.s.
P97326,Cdh6,0.27369463657328247,0.6272324361666375,0.9998429551679517,-0.023294318246119473,0.9707251399944314,0.9998479593710528,FALSE,FALSE,n.s.
Q80TA9,Epg5,0.04173208924465683,0.8651956488899741,0.9998429551679517,-0.08757807805790324,0.7328370670715378,0.9998479593710528,FALSE,FALSE,n.s.
P63080,Gabrb3,0.3763744136980537,0.7293800222225666,0.9998429551679517,0.0870081590197907,0.8695056271846506,0.9998479593710528,FALSE,FALSE,n.s.
Q9JJV2,Pfn2,-0.7264495056858091,0.6133158369447207,0.9998429551679517,-0.021707319653080752,0.9864877800104225,0.9998479593710528,FALSE,FALSE,n.s.
Q61282,Acan,0.22341453662910815,0.7211444751540831,0.9998429551679517,-0.09578595449224998,0.8788497623461082,0.9998479593710528,FALSE,FALSE,n.s.
Q8C570,Rae1,-0.0538088141082846,0.8892831818088601,0.9998429551679517,-0.17206619662017283,0.7107207343529706,0.9998479593710528,FALSE,FALSE,n.s.
P58501,Paxbp1,0.04478831861615451,0.9217815007943038,0.9998429551679517,0.22078809441765246,0.6783365744264742,0.9998479593710528,FALSE,FALSE,n.s.
Q8BFV2,Pcid2,-0.13372658921957054,0.8776962903805827,0.9998429551679517,0.2213882802986462,0.7225175856262347,0.9998479593710528,FALSE,FALSE,n.s.
P36895,Bmpr1a,0.010453943446445407,0.9896715348142533,0.9998429551679517,0.41172963800787377,0.6105805435331856,0.9998479593710528,FALSE,FALSE,n.s.
P20352,F3,0.08569618590563395,0.8785609347191132,0.9998429551679517,0.19480050231593232,0.7219952540958083,0.9998479593710528,FALSE,FALSE,n.s.
Q9CWM4,Pfdn1,0.3716673008727548,0.6440138512260509,0.9998429551679517,-0.03861090716675577,0.9567929102629741,0.9998479593710528,FALSE,FALSE,n.s.
O88998,Olfm1,0.18861141941868545,0.8663891480893049,0.9998429551679517,-0.2004038305847728,0.7350352321835013,0.9998479593710528,FALSE,FALSE,n.s.
Q8R2Y8,Ptrh2,0.2358575652881825,0.7952881342672502,0.9998429551679517,0.2599456297703188,0.8062054141423529,0.9998479593710528,FALSE,FALSE,n.s.
P59326,Ythdf1,0.3307492230167124,0.6319913668520425,0.9998429551679517,0.027189689349177044,0.9695087100678543,0.9998479593710528,FALSE,FALSE,n.s.
D3YVF0,Akap5,-0.17570296556332426,0.70779069076019,0.9998429551679517,-0.05895227888451318,0.8937554112209023,0.9998479593710528,FALSE,FALSE,n.s.
Q9Z1E4,Gys1,0.12364020387797318,0.7580775794680729,0.9998429551679517,0.12398165129637138,0.8436998111051753,0.9998479593710528,FALSE,FALSE,n.s.
Q8CIN4,Pak2,-0.18244195851577066,0.7123130286663778,0.9998429551679517,0.07016140284807626,0.8897791681851486,0.9998479593710528,FALSE,FALSE,n.s.
O70435,Psma3,-0.22486591502690706,0.8064961140701631,0.9998429551679517,-0.24673227911721643,0.795831287565379,0.9998479593710528,FALSE,FALSE,n.s.
Q9CQA1,Trappc5,0.37062509277581146,0.793202560609398,0.9998429551679517,0.26857334184708154,0.8092843519135409,0.9998479593710528,FALSE,FALSE,n.s.
Q80U87,Usp8,0.12403994023417711,0.7077800567012902,0.9998429551679517,-0.058823956014990485,0.8947233815860638,0.9998479593710528,FALSE,FALSE,n.s.
Q8BGH4,Reep1,-0.41800536537671934,0.6659574483876216,0.9998429551679517,0.07147288242182742,0.9367928627892774,0.9998479593710528,FALSE,FALSE,n.s.
Q61584,Fxr1,-0.24181925019696374,0.7006110326858017,0.9998429551679517,0.07377917848290678,0.9022442941286425,0.9998479593710528,FALSE,FALSE,n.s.
Q3TVA9,Ccdc136,-0.01207276462095067,0.9885766341906315,0.9998429551679517,0.4667524324504016,0.6144149670604637,0.9998479593710528,FALSE,FALSE,n.s.
Q8C7K6,Pcyox1l,0.08674500692440099,0.8952274330484156,0.9998429551679517,-0.22522397362310695,0.7080716792139121,0.9998479593710528,FALSE,FALSE,n.s.
P55066,Ncan,0.4951006607070347,0.7002968328024048,0.9998429551679517,-0.21023333362034277,0.9030796638483195,0.9998479593710528,FALSE,FALSE,n.s.
P97379,G3bp2,-0.29138607305958963,0.626419363917339,0.9998429551679517,0.014943986410437786,0.9769627174696834,0.9998479593710528,FALSE,FALSE,n.s.
Q61543,Glg1,0.10350253388875133,0.8183735700327067,0.9998429551679517,0.11284651451952503,0.7851072180522518,0.9998479593710528,FALSE,FALSE,n.s.
Q80U49,Cep170b,-0.20828448753697684,0.6165813935781279,0.9998429551679517,-0.0064234112580096705,0.9870135195855103,0.9998479593710528,FALSE,FALSE,n.s.
O54901,Cd200,-0.022209155926113885,0.9857363079095316,0.9998429551679517,-0.7807052979188414,0.6183001628931177,0.9998479593710528,FALSE,FALSE,n.s.
O55060,Tpmt,0.08029114534917528,0.8921625953489023,0.9998429551679517,0.19217949983383412,0.7119001953393793,0.9998479593710528,FALSE,FALSE,n.s.
Q80Z10,Astn2,-0.07708338748521665,0.8590355023360319,0.9998429551679517,0.1580044397316293,0.7453262102306126,0.9998479593710528,FALSE,FALSE,n.s.
Q6P8M1,Tatdn1,0.07836433651347587,0.847255750013172,0.9998429551679517,-0.11446566441793789,0.757417437023274,0.9998479593710528,FALSE,FALSE,n.s.
Q5BKP2,Usp13,-0.08228211468309655,0.8569831759251949,0.9998429551679517,0.12755672312500785,0.7477088675311292,0.9998479593710528,FALSE,FALSE,n.s.
P97471,Smad4,0.0725184755832703,0.9527014819650645,0.9998429551679517,0.5269614277499559,0.6522061760838467,0.9998479593710528,FALSE,FALSE,n.s.
Q8BP67,Rpl24,0.5014947077563597,0.6854675044486263,0.9998429551679517,-0.14993953629846477,0.9194729942177962,0.9998479593710528,FALSE,FALSE,n.s.
B9EIZ7,Coro6,0.09425904378608993,0.8810367483820987,0.9998429551679517,0.2772178973684552,0.7241008020571581,0.9998479593710528,FALSE,FALSE,n.s.
Q8R0S4,Cacnb4,0.1623071062640607,0.8282817235541492,0.9998429551679517,0.1871322047657583,0.7768719482171689,0.9998479593710528,FALSE,FALSE,n.s.
Q9D0F3,Lman1,-0.3480974332396736,0.7131207620927327,0.9998429551679517,0.08010601207344703,0.8924820792567069,0.9998479593710528,FALSE,FALSE,n.s.
P70208,Plxna3,0.10711843447284755,0.7862892404818648,0.9998429551679517,-0.09888182292908132,0.8196110139146899,0.9998479593710528,FALSE,FALSE,n.s.
Q99LM2,Cdk5rap3,-0.20081588928923988,0.7562160089226507,0.9998429551679517,-0.1553464886782895,0.8501813999768273,0.9998479593710528,FALSE,FALSE,n.s.
P42208,Septin2,0.22623096958770475,0.7416153446943567,0.9998429551679517,0.11997360970660195,0.8649299536746653,0.9998479593710528,FALSE,FALSE,n.s.
Q8BTY2,Slc4a7,-0.2587234539671765,0.7015580602712101,0.9998429551679517,0.11042899330058173,0.9054542501817476,0.9998479593710528,FALSE,FALSE,n.s.
Q50H33,Kctd8,0.09554295830213273,0.8586353330392451,0.9998429551679517,-0.1387466406231354,0.7490679176553885,0.9998479593710528,FALSE,FALSE,n.s.
Q8BWR2,Pithd1,0.019808546722888905,0.9898968565706712,0.9998429551679517,0.8248582327119467,0.6179754027821083,0.9998479593710528,FALSE,FALSE,n.s.
Q8BWF0,Aldh5a1,0.20486872835572,0.761189875516838,0.9998429551679517,-0.1305620747021979,0.8477631540110366,0.9998479593710528,FALSE,FALSE,n.s.
Q04750,Top1,-0.04373237550931049,0.9121499406650186,0.9998429551679517,-0.14704183621807307,0.6972505627580012,0.9998479593710528,FALSE,FALSE,n.s.
Q61527,Erbb4,0.005178868330095201,0.9911982317135655,0.9998429551679517,-0.3265771626638668,0.6183316722622845,0.9998479593710528,FALSE,FALSE,n.s.
Q8R5C5,Actr1b,0.6071194449524973,0.6888744056699831,0.9998429551679517,-0.14279286442521713,0.9207825819662074,0.9998479593710528,FALSE,FALSE,n.s.
Q8K0V4,Cnot3,0.17294512619192537,0.8088824473676108,0.9998429551679517,0.1577003097013384,0.8010588020355388,0.9998479593710528,FALSE,FALSE,n.s.
Q7TPD3,Robo2,-0.11231930184765704,0.780790266478909,0.9998429551679517,-0.08640938697271609,0.8295910803437899,0.9998479593710528,FALSE,FALSE,n.s.
A2ARP1,Ppip5k1,0.060399322027681265,0.8793827104791514,0.9998429551679517,0.1646907918438633,0.7313127506453208,0.9998479593710528,FALSE,FALSE,n.s.
Q5XG69,Fam169a,0.015193508942823026,0.98683527696329,0.9998429551679517,0.34510375691891854,0.6240457241653552,0.9998479593710528,FALSE,FALSE,n.s.
Q8CC86,Naprt,-0.14866923840957946,0.6449665368438653,0.9998429551679517,-0.03935342565699552,0.9661200661586044,0.9998479593710528,FALSE,FALSE,n.s.
P97770,Thumpd3,0.034774423344598265,0.9437961785812511,0.9998429551679517,0.22606580074884206,0.6675522949948266,0.9998479593710528,FALSE,FALSE,n.s.
P59999,Arpc4,0.2705017874645488,0.8719277962512686,0.9998429551679517,0.7739776725833012,0.7394255731703663,0.9998479593710528,FALSE,FALSE,n.s.
Q9D273,Mmab,-0.12227511464363422,0.8839815000086604,0.9998429551679517,-0.2097354008591922,0.7278135995429926,0.9998479593710528,FALSE,FALSE,n.s.
P70372,Elavl1,-0.07437089182267495,0.9662301060422602,0.9998429551679517,0.8644105321019938,0.6456846943154908,0.9998479593710528,FALSE,FALSE,n.s.
P56391,Cox6b1,0.39772008111754314,0.871377768518196,0.9998429551679517,-0.8887092087262042,0.7411903564819491,0.9998479593710528,FALSE,FALSE,n.s.
Q9WUA6,Akt3,0.19805440901398214,0.6595953632493214,0.9998429551679517,-0.029063320327326725,0.9532382372093811,0.9998479593710528,FALSE,FALSE,n.s.
O88974,Setdb1,-0.04233866869017314,0.9728039255387498,0.9998429551679517,-0.5189547121068351,0.6403735526732289,0.9998479593710528,FALSE,FALSE,n.s.
Q8C5W3,Tbcel,-0.11858131113827813,0.7618349388771761,0.9998429551679517,-0.07865040981731637,0.8520781983154048,0.9998479593710528,FALSE,FALSE,n.s.
Q61578,Fdxr,-0.10718397496717826,0.856135637566515,0.9998429551679517,-0.10985499738769544,0.7591351786975977,0.9998479593710528,FALSE,FALSE,n.s.
Q91WF7,Fig4,-0.17089794058943603,0.7118133657347314,0.9998429551679517,0.0588605727283024,0.9036330430613737,0.9998479593710528,FALSE,FALSE,n.s.
Q8BT60,Cpne3,0.11818063682215964,0.8258866840113437,0.9998429551679517,0.1640455904538879,0.789607193971734,0.9998479593710528,FALSE,FALSE,n.s.
O35098,Dpysl4,0.03532582712488163,0.9537577095932157,0.9998429551679517,0.27649509394579014,0.6624584751206859,0.9998479593710528,FALSE,FALSE,n.s.
P43277,H1-3,0.3108846408332197,0.8172762198168254,0.9998429551679517,0.583349213448034,0.7989442255166281,0.9998479593710528,FALSE,FALSE,n.s.
Q6P5B0,Rrp12,0.1671170022762038,0.6225056996068965,0.9998429551679517,-0.00277410055683175,0.994009026237203,0.9998479593710528,FALSE,FALSE,n.s.
Q8BL86,Mblac2,-0.15334371115710588,0.89410829739664055,0.9998429551679517,-0.36436963911646325,0.7230421366483861,0.9998479593710528,FALSE,FALSE,n.s.
Q61423,Kcna4,0.21189677094571108,0.7937134261799305,0.9998429551679517,0.10820201818233514,0.8235928305720062,0.9998479593710528,FALSE,FALSE,n.s.
Q9D0P8,Ift27,0.2684303137569854,0.8220016171526532,0.9998429551679517,-0.24399594840889394,0.7954212264097753,0.9998479593710528,FALSE,FALSE,n.s.
P56501,Ucp3,0.06326676152125119,0.9339708477233164,0.9998429551679517,-0.27621122816570887,0.683598974005434,0.9998479593710528,FALSE,FALSE,n.s.
A0A5F8MPM1,Shc3,-0.1353870539027353,0.7490157873069205,0.9998429551679517,0.1150216406885215,0.8686959212706543,0.9998479593710528,FALSE,FALSE,n.s.
O88845,Akap10,0.11417303389027864,0.8168486610663777,0.9998429551679517,-0.10089915775072023,0.801677558366452,0.9998479593710528,FALSE,FALSE,n.s.
Q4VAE3,Tmem65,-0.11846045265738955,0.9454499641146092,0.9998429551679517,0.7966692187902099,0.673249238201293,0.9998479593710528,FALSE,FALSE,n.s.
Q9CQC7,Ndufb4,-0.5031045583064828,0.76044609078550085,0.9998429551679517,0.28330820099268694,0.8585663526918835,0.9998479593710528,FALSE,FALSE,n.s.
Q68EF4,Grm4,-0.34116228850388747,0.6982514738772256,0.9998429551679517,0.10420498134125088,0.9208690541766601,0.9998479593710528,FALSE,FALSE,n.s.
Q921G8,Tubgcp2,0.1262122366934779,0.824661665847071,0.9998429551679517,-0.11046470955481803,0.7944998195950574,0.9998479593710528,FALSE,FALSE,n.s.
Q8K2V1,Ppp4r1,-0.4221488819620157,0.7355774320251334,0.9998429551679517,0.16055486112540077,0.8837079735790927,0.9998479593710528,FALSE,FALSE,n.s.
Q8VE91,Retreg1,0.14054477873518056,0.8407544527794659,0.9998429551679517,-0.1815069833127195,0.7787615374214898,0.9998479593710528,FALSE,FALSE,n.s.
O08915,Aip,0.2714397372382627,0.6278253881126983,0.9998429551679517,-0.005102892326502229,0.9924464084191573,0.9998479593710528,FALSE,FALSE,n.s.
P34022,Ranbp1,-0.39616004826618495,0.7218899678613359,0.9998429551679517,-0.13758545315075835,0.8984183870693172,0.9998479593710528,FALSE,FALSE,n.s.
Q9QXE0,Hacl1,0.19738388620191508,0.7779952160361016,0.9998429551679517,0.09838206118144688,0.8434458708810151,0.9998479593710528,FALSE,FALSE,n.s.
Q9D394,Rufy3,-0.2176186091191739,0.6745911739235343,0.9998429551679517,-0.04246456316910685,0.9471659729711732,0.9998479593710528,FALSE,FALSE,n.s.
Q8BU31,Rap2c,-0.48424244112823445,0.6540658905013665,0.9998429551679517,-0.03011476609747079,0.9680461978745531,0.9998479593710528,FALSE,FALSE,n.s.
Q9D0J4,Arl2,0.09682766351889377,0.9358521536673312,0.9998429551679517,0.4088027022945883,0.686763581295982,0.9998479593710528,FALSE,FALSE,n.s.
Q63829,Commd3,-0.11844760852654972,0.7675435949538634,0.9998429551679517,-0.05555005708084253,0.8552662104575346,0.9998479593710528,FALSE,FALSE,n.s.
Q8K409,Polb,0.012714282960511853,0.9904508824182907,0.9998429551679517,0.5742712723359223,0.6329397709343095,0.9998479593710528,FALSE,FALSE,n.s.
P05064,Aldoa,-0.3229840899966119,0.6987403218975416,0.9998429551679517,0.08048648371095447,0.9246686000940838,0.9998479593710528,FALSE,FALSE,n.s.
Q9WTR1,Trpv2,-0.15821136718787301,0.79407322745911,0.9998429551679517,-0.1551795491977332,0.8295024887212552,0.9998479593710528,FALSE,FALSE,n.s.
Q91YI0,Asl,0.15296734491088043,0.8058420872295972,0.9998429551679517,-0.11336620480906803,0.8182454247476318,0.9998479593710528,FALSE,FALSE,n.s.
Q8R050,Gspt1,-0.0739470501882759,0.8558618149729655,0.9998429551679517,0.12057860284958792,0.768519402078456,0.9998479593710528,FALSE,FALSE,n.s.
Q3UHH2,Slc22a23,0.012262846566334475,0.9807049692487453,0.9998429551679517,0.2794142741930462,0.6438808017802945,0.9998479593710528,FALSE,FALSE,n.s.
Q99JI4,Psmd6,-0.1899855453611246,0.7377579402451698,0.9998429551679517,0.07901841940158405,0.8871553306562282,0.9998479593710528,FALSE,FALSE,n.s.
Q62415,Ppp1r13b,-0.06300270363351382,0.8629166269159853,0.9998429551679517,-0.10686785209519861,0.7628568392047064,0.9998479593710528,FALSE,FALSE,n.s.
O35071,Kif1c,0.11113454586015703,0.847342693380573,0.9998429551679517,-0.133080943997745,0.7795088143670907,0.9998479593710528,FALSE,FALSE,n.s.
E9Q512,Trip11,0.05347377945219856,0.8391397626881021,0.9998429551679517,0.06091245917667187,0.7880445481672472,0.9998479593710528,FALSE,FALSE,n.s.
Q99KP3,Cryl1,-0.5117462117959475,0.630983883079737,0.9998429551679517,-0.004480865891920417,0.9967194803443689,0.9998479593710528,FALSE,FALSE,n.s.
Q61036,Pak3,-0.0014203224247702597,0.9979638473116372,0.9998429551679517,-0.3092354065481701,0.6299612913048097,0.9998479593710528,FALSE,FALSE,n.s.
Q68FH0,Pkp4,0.14375825555311647,0.7894968610981312,0.9998429551679517,-0.09777114181833789,0.8394001517109869,0.9998479593710528,FALSE,FALSE,n.s.
O55143,Atp2a2,-0.11958145059901258,0.7897991835944855,0.9998429551679517,-0.08468301095598835,0.839306424847936,0.9998479593710528,FALSE,FALSE,n.s.
Q9QYK9,Pnck,-0.37784175297055494,0.7756834155061801,0.9998429551679517,-0.14769882549642838,0.8534898367050258,0.9998479593710528,FALSE,FALSE,n.s.
Q9QWY8,Asap1,-0.12446394042175361,0.7558810686264278,0.9998429551679517,0.056915718530139346,0.8737099248243614,0.9998479593710528,FALSE,FALSE,n.s.
Q8VDC1,Fyco1,0.13364338842024545,0.8179965996503522,0.9998429551679517,0.07365899612742656,0.8116782731783829,0.9998479593710528,FALSE,FALSE,n.s.
Q9WUK2,Eif4h,-0.08018394388253706,0.9530867361889748,0.9998429551679517,0.600181854017193,0.6766934629285883,0.9998479593710528,FALSE,FALSE,n.s.
Q9R062,Gyg1,-0.39317559808710756,0.6511344525742901,0.9998429551679517,-0.023133823319187154,0.9788622484811222,0.9998479593710528,FALSE,FALSE,n.s.
P98086,C1qa,0.4221340348483419,0.7499820459942342,0.9998429551679517,-0.14934047941554093,0.8803910227837617,0.9998479593710528,FALSE,FALSE,n.s.
Q80UM7,Mogs,-0.09740373754197876,0.8651496780325774,0.9998429551679517,-0.20218849612959397,0.7652574800585503,0.9998479593710528,FALSE,FALSE,n.s.
Q91XV3,Basp1,0.20137677780943078,0.8187979644153471,0.9998429551679517,-0.18642914713275782,0.8119064849389643,0.9998479593710528,FALSE,FALSE,n.s.
Q8BH79,Ano10,0.18196419825032095,0.6470720690178989,0.9998429551679517,0.008577323996665385,0.9846647446560064,0.9998479593710528,FALSE,FALSE,n.s.
A0A0J9YUW5,Scn8a,-0.09247619105359349,0.902201867430905,0.9998429551679517,-0.20495269237865069,0.7298925368276152,0.9998479593710528,FALSE,FALSE,n.s.
P62334,Psmc6,0.13138335938987036,0.8384695424179371,0.9998429551679517,-0.154129566754429,0.7939143483246198,0.9998479593710528,FALSE,FALSE,n.s.
Q9WV69,Dmtn,-0.1024691758257411,0.8718441081184921,0.9998429551679517,0.1968183317563599,0.7611494692271316,0.9998479593710528,FALSE,FALSE,n.s.
P37804,Tagln,0.0015316098040402276,0.9979830095534806,0.9998429551679517,0.3705907895077225,0.6350139294490355,0.9998479593710528,FALSE,FALSE,n.s.
Q3V1U8,Elmod1,0.037850499064695405,0.9502832805714363,0.9998429551679517,0.24318428613285178,0.6829582642638807,0.9998479593710528,FALSE,FALSE,n.s.
P62748,Hpcal1,-0.29279407312247735,0.7872771997833498,0.9998429551679517,-0.12521958424373336,0.8459662701272792,0.9998479593710528,FALSE,FALSE,n.s.
Q62036,Cep131,-0.1905271926653699,0.718372932074463,0.9998429551679517,0.08653809893742803,0.9148742033912607,0.9998479593710528,FALSE,FALSE,n.s.
P63213,Gng2,0.2035966961399286,0.8467406724875983,0.9998429551679517,0.2444713554092783,0.7865697790950199,0.9998479593710528,FALSE,FALSE,n.s.
F8WJB9,Evl,0.21795854643936458,0.7183020711315136,0.9998429551679517,0.05724671698739499,0.9151685526680153,0.9998479593710528,FALSE,FALSE,n.s.
B2RXQ2,Ppfia1,0.1888876138381099,0.7690373555610033,0.9998429551679517,0.07461168131344596,0.8648200303634295,0.9998479593710528,FALSE,FALSE,n.s.
P61460,Depdc5,0.08960473432294855,0.7902815020392472,0.9998429551679517,-0.10429076065800363,0.843723432563431,0.9998479593710528,FALSE,FALSE,n.s.
Q52KI8,Srrm1,-0.24481088933783773,0.8311273142206418,0.9998429551679517,-0.16209187965224836,0.8029231057884786,0.9998479593710528,FALSE,FALSE,n.s.
Q3THJ3,Eif1ad,6.390377916666636e-5,0.9999203475709799,0.9999203475709799,0.37845075728134747,0.6342481114502858,0.9998479593710528,FALSE,FALSE,n.s.
Q8VCX5,Micu1,-0.06058776924310065,0.961156035140458,0.9998429551679517,0.4860035338039995,0.673121173665147,0.9998479593710528,FALSE,FALSE,n.s.
Q9CWS0,Ddah1,0.05500351916437436,0.9439900639718033,0.9998429551679517,0.28482601817061515,0.6903940016246692,0.9998479593710528,FALSE,FALSE,n.s.
Q02053,Uba1,-0.18619194676511389,0.725137985881137,0.9998429551679517,-0.05857289823116561,0.9098809507916678,0.9998479593710528,FALSE,FALSE,n.s.
Q61686,Cbx5,0.13246516103169712,0.7153208385419756,0.9998429551679517,0.04240937826795118,0.9199376285648655,0.9998479593710528,FALSE,FALSE,n.s.
P47758,Srprb,0.2669133723764688,0.6643286168152028,0.9998429551679517,-0.028546957373493987,0.9717443447940455,0.9998479593710528,FALSE,FALSE,n.s.
Q3TIV5,Zc3h15,0.23016351026785076,0.6535300316180972,0.9998429551679517,-0.010589953485956177,0.9826720099106929,0.9998479593710528,FALSE,FALSE,n.s.
Q9WU01,Khdrbs2,-0.30889802504817443,0.6973611546594726,0.9998429551679517,-0.10766607932884892,0.938939327472423,0.9998479593710528,FALSE,FALSE,n.s.
Q62418,Dbnl,-0.05162295357817336,0.9373297069771419,0.9998429551679517,0.20120453639677907,0.6990881991951294,0.9998479593710528,FALSE,FALSE,n.s.
Q3U6U7,Wars1,-0.20529239912776748,0.6781593348158212,0.9998429551679517,0.025196889473511064,0.9583609267923784,0.9998479593710528,FALSE,FALSE,n.s.
A0A087WNU5,Ank3,-0.0880641038926384,0.7112320422235807,0.9998429551679517,0.02001993266178944,0.9257047128150635,0.9998479593710528,FALSE,FALSE,n.s.
Q8BWG8,Arrb1,-0.21088421102639004,0.7614553171265968,0.9998429551679517,0.11128697481400675,0.8755029727637701,0.9998479593710528,FALSE,FALSE,n.s.
Q91X97,Ncald,0.22560706346275317,0.8318323647379836,0.9998429551679517,-0.2530500249728629,0.8052004356243767,0.9998479593710528,FALSE,FALSE,n.s.
Q3U2G2,Hspa4,-0.03962609133711105,0.9189036564527373,0.9998429551679517,0.14410815299879928,0.7183958508803002,0.9998479593710528,FALSE,FALSE,n.s.
Q9WUM4,Coro1c,0.08817918775052123,0.8783361313909495,0.9998429551679517,0.18293911920820852,0.7590752316186535,0.9998479593710528,FALSE,FALSE,n.s.
Q8VHH5,Agap3,-0.4341315012524468,0.69939195827464,0.9998429551679517,-0.09596747605114142,0.9381683529347522,0.9998479593710528,FALSE,FALSE,n.s.
P97411,Ica1,0.017465905423453002,0.9729699006732961,0.9998429551679517,-0.29537741543872953,0.6647006309971863,0.9998479593710528,FALSE,FALSE,n.s.
P27601,Gna13,0.17177225788546607,0.7671725009139423,0.9998429551679517,-0.11681709172250807,0.87055735359371,0.9998479593710528,FALSE,FALSE,n.s.
P22907,Hmbs,-0.27795101320777993,0.6392967389796681,0.9998429551679517,-4.727702314512916e-4,0.9993059051352885,0.9998479593710528,FALSE,FALSE,n.s.
Q8JZU2,Slc25a1,-0.49268283083424586,0.6419547990073429,0.9998429551679517,-0.005932023137479295,0.9967627413691155,0.9998479593710528,FALSE,FALSE,n.s.
Q8C3X4,Guf1,-0.030708157549289468,0.9438485770580045,0.9998429551679517,0.16529448993103557,0.6952408748439767,0.9998479593710528,FALSE,FALSE,n.s.
Q6PGJ3,L1cam,-0.02624372886259849,0.9573492850090712,0.9998429551679517,0.20509100197959737,0.6817945590947805,0.9998479593710528,FALSE,FALSE,n.s.
A2A690,Tanc2,0.09283754083676245,0.8176463433465282,0.9998429551679517,-0.14674586241900392,0.8218736342748267,0.9998479593710528,FALSE,FALSE,n.s.
Q9EPR5,Sorcs2,-0.1208203063979441,0.7912186043521936,0.9998429551679517,0.11421581385896676,0.8483680787310683,0.9998479593710528,FALSE,FALSE,n.s.
Q9CZ44,Nsfl1c,-0.35944705130148225,0.6844232383958375,0.9998429551679517,0.04633039061065222,0.9561140479089878,0.9998479593710528,FALSE,FALSE,n.s.
Q91W50,Csde1,0.003537555463251231,0.9930518259982819,0.9998429551679517,0.1668793646465127,0.6480200045893822,0.9998479593710528,FALSE,FALSE,n.s.
Q9CQE5,Rgs10,-0.166974052863097,0.7086811972166466,0.9998429551679517,-0.03761676903296501,0.9326260216196162,0.9998479593710528,FALSE,FALSE,n.s.
Q78KL9,Rexo2,0.062025535128365894,0.937112461428038,0.9998429551679517,0.28493988331579695,0.7044207006526929,0.9998479593710528,FALSE,FALSE,n.s.
Q8K2T1,Nmral1,0.02921923935095252,0.9674624374848986,0.9998429551679517,0.307483972393438,0.6755490963405424,0.9998479593710528,FALSE,FALSE,n.s.
Q78J03,Msrb2,0.22522120911103674,0.6715305698329825,0.9998429551679517,-0.02096547174268839,0.9726263052748697,0.9998479593710528,FALSE,FALSE,n.s.
Q9D7A8,Armc1,-0.29585777883264974,0.8602909218911534,0.9998429551679517,-0.3517922635841778,0.7840591315714122,0.9998479593710528,FALSE,FALSE,n.s.
Q8K354,Cbr3,0.1364619395126629,0.833219440197059,0.9998429551679517,-0.11858898280257028,0.8117449986663072,0.9998479593710528,FALSE,FALSE,n.s.
Q60575,Kif1b,0.18849047484451023,0.689748735881601,0.9998429551679517,-0.024340018114180188,0.9554479251536436,0.9998479593710528,FALSE,FALSE,n.s.
P21271,Myo5b,-0.0040469454913652685,0.9926010263042289,0.9998429551679517,-0.21072329093351985,0.6532547044685668,0.9998479593710528,FALSE,FALSE,n.s.
O88533,Ddc,-0.06582138939404247,0.9145244927305195,0.9998429551679517,0.25154407489263864,0.7315674737872897,0.9998479593710528,FALSE,FALSE,n.s.
Q8CF89,Tab1,0.10002665411752183,0.8907077506603165,0.9998429551679517,0.18414016023758223,0.7558461900288581,0.9998479593710528,FALSE,FALSE,n.s.
Q91WC9,Daglb,0.17141416653067393,0.865026787055642,0.9998429551679517,0.14746002069263814,0.7817756164627258,0.9998479593710528,FALSE,FALSE,n.s.
Q9CQX2,Cyb5b,-0.5474025411195134,0.7128573466316774,0.9998429551679517,-0.11427438276972753,0.934057169328423,0.9998479593710528,FALSE,FALSE,n.s.
Q924C1,Xpo5,0.1134538362423204,0.7589067853680873,0.9998429551679517,-0.053763326632864504,0.8880593879473915,0.9998479593710528,FALSE,FALSE,n.s.
P60202,Plp1,0.052200854021752466,0.9758012866218893,0.9998429551679517,-0.6514608470342854,0.6714620465916759,0.9998479593710528,FALSE,FALSE,n.s.
O88696,Clpp,0.292905255497235,0.8310152009256646,0.9998429551679517,-0.330471698694481,0.8170312547699022,0.9998479593710528,FALSE,FALSE,n.s.
Q8VE47,Uba5,0.08860602656279705,0.9141251979483414,0.9998429551679517,0.28614869214965466,0.7345296695755108,0.9998479593710528,FALSE,FALSE,n.s.
P63101,Ywhaz,0.31913200270215725,0.6917610224855991,0.9998429551679517,0.04942228717644031,0.9572338792911608,0.9998479593710528,FALSE,FALSE,n.s.
Q3UAS2,Capza1,-0.06711409561809044,0.8889200566126495,0.9998429551679517,0.1967184637319934,0.7602620889676575,0.9998479593710528,FALSE,FALSE,n.s.
Q9D855,Uqcrb,0.1846539180798544,0.8637663970318181,0.9998429551679517,-0.2838282334321452,0.7855186957041955,0.9998479593710528,FALSE,FALSE,n.s.
Q60866,Pter,0.12238819310463342,0.8592485979008988,0.9998429551679517,-0.1256798642224611,0.7901773105602896,0.9998479593710528,FALSE,FALSE,n.s.
P84075,Hpca,0.25742386053995286,0.7674870299754636,0.9998429551679517,-0.15885779523766488,0.8822270066811251,0.9998479593710528,FALSE,FALSE,n.s.
Q80TM6,R3hdm2,0.1556930007663087,0.7929900780170671,0.9998429551679517,0.1812413187773798,0.8578233590524721,0.9998479593710528,FALSE,FALSE,n.s.
Q8BYL4,Yars2,0.3072428130314026,0.7591227491518963,0.9998429551679517,0.11770901634820467,0.8923555040352432,0.9998479593710528,FALSE,FALSE,n.s.
Q8BGF6,Elmod2,-0.5183371966768163,0.6798819494546193,0.9998429551679517,-0.028722001497084683,0.9720302180531315,0.9998479593710528,FALSE,FALSE,n.s.
P17751,Tpi1,0.1169077648366462,0.9027943194394418,0.9998429551679517,-0.29803762439657366,0.7491622835099797,0.9998479593710528,FALSE,FALSE,n.s.
P99027,Rplp2,-0.49673315954995884,0.7097644328517494,0.9998429551679517,0.0992067423607279,0.9430722192057849,0.9998479593710528,FALSE,FALSE,n.s.
P54775,Psmc4,0.2179632877391036,0.7095579986027861,0.9998429551679517,-0.04351227686061126,0.9433546425289301,0.9998479593710528,FALSE,FALSE,n.s.
P17742,Ppia,0.383934778834476,0.8230647824983812,0.9998429551679517,0.3498706947980877,0.8300241923471077,0.9998479593710528,FALSE,FALSE,n.s.
A2ALK6,Epb41l4b,-0.030032007994766147,0.9515954984515431,0.9998429551679517,0.22433182759661136,0.7022210150607932,0.9998479593710528,FALSE,FALSE,n.s.
Q91VU7,Pus7,-0.13171386880637698,0.6656439126382498,0.9998429551679517,-0.006179508966253424,0.988400513879439,0.9998479593710528,FALSE,FALSE,n.s.
Q9Z0R9,Fads2,-0.04228118989446268,0.9508184271429195,0.9998429551679517,0.16426251916739032,0.7033183165437429,0.9998479593710528,FALSE,FALSE,n.s.
P54071,Idh2,-0.11337164172917583,0.8489988647330609,0.9998429551679517,0.1290165718911094,0.8054480761888463,0.9998479593710528,FALSE,FALSE,n.s.
Q9ESN9,Mapk8ip3,-0.10638329412504743,0.7964149544233241,0.9998429551679517,-0.08644813321508991,0.8583050193696893,0.9998479593710528,FALSE,FALSE,n.s.
Q9D8B3,Chmp4b,0.15543852331055408,0.8113831924975689,0.9998429551679517,-0.15191629258804715,0.843526178732033,0.9998479593710528,FALSE,FALSE,n.s.
Q91V61,Sfxn3,-0.3029601782643617,0.8132740891479544,0.9998429551679517,-0.20127128387873142,0.8417710027131272,0.9998479593710528,FALSE,FALSE,n.s.
Q9Z160,Cog1,-0.018716709012596415,0.9603579124227337,0.9998429551679517,-0.1580279913118689,0.6952525997266245,0.9998479593710528,FALSE,FALSE,n.s.
Q8BMS4,Coq3,0.14735973296421953,0.8745721695134585,0.9998429551679517,0.34616657688864766,0.78128764118765,0.9998479593710528,FALSE,FALSE,n.s.
Q8BU14,Sec62,-0.2923163373816278,0.8528238351463643,0.9998429551679517,0.5026183286375944,0.8036799497663463,0.9998479593710528,FALSE,FALSE,n.s.
Q8C460,Eri3,0.1930694299798332,0.8050131155329205,0.9998429551679517,0.15406730240541167,0.8525545680156751,0.9998479593710528,FALSE,FALSE,n.s.
P51881,Slc25a5,0.35736214506912917,0.7179192783677633,0.9998429551679517,0.07688657465691692,0.9397790839003086,0.9998479593710528,FALSE,FALSE,n.s.
P0C0S6,H2az1,0.6901382196563526,0.7819135356789353,0.9998429551679517,-0.5628191601258995,0.875872301473267,0.9998479593710528,FALSE,FALSE,n.s.
E9QN99,Abhd14b,-0.09211928290621627,0.8958507692386242,0.9998429551679517,-0.19189190232199932,0.762250539136671,0.9998479593710528,FALSE,FALSE,n.s.
Q8BVQ5,Ppme1,-0.18303953218073232,0.7931646563132827,0.9998429551679517,0.11961110035980713,0.8652541332482082,0.9998479593710528,FALSE,FALSE,n.s.
P46660,Ina,0.2695998093317643,0.8287426018442846,0.9998429551679517,0.21857082416245488,0.8299446464052948,0.9998479593710528,FALSE,FALSE,n.s.
Q8R0Y8,Slc25a42,-0.06686419021364232,0.9274916937590896,0.9998429551679517,-0.24120277712747967,0.7317820051041029,0.9998479593710528,FALSE,FALSE,n.s.
D3YXK2,Safb,0.025234528777871173,0.9583997237503773,0.9998429551679517,-0.17589809857161426,0.7012237022752856,0.9998479593710528,FALSE,FALSE,n.s.
P51141,Dvl1,-0.06313591990070472,0.9265912975274737,0.9998429551679517,0.14685763692035037,0.733373749307431,0.9998479593710528,FALSE,FALSE,n.s.
Q9D0K0,Tbc1d7,0.1805659431731013,0.815371541520194,0.9998429551679517,-0.2018969089211344,0.8452813346786656,0.9998479593710528,FALSE,FALSE,n.s.
O09174,Amacr,-0.22330065833926321,0.7072612856527706,0.9998429551679517,-0.03401931380668652,0.9535263526129082,0.9998479593710528,FALSE,FALSE,n.s.
Q0VAW6,Ark2n,-0.33997329917081237,0.7075488893781443,0.9998429551679517,0.028340409486173373,0.9538738428352703,0.9998479593710528,FALSE,FALSE,n.s.
Q921G7,Etfdh,-0.016456488161579082,0.9775843278088676,0.9998429551679517,0.24821883650461524,0.6838511211466098,0.9998479593710528,FALSE,FALSE,n.s.
Q9QYI3,Dnajc7,0.08871198331321356,0.8563532383109569,0.9998429551679517,0.10675331604509902,0.8057747132223942,0.9998479593710528,FALSE,FALSE,n.s.
Q62318,Trim28,0.23079353210837705,0.7058851530444432,0.9998429551679517,0.03360080664412434,0.9566682028519722,0.9998479593710528,FALSE,FALSE,n.s.
Q8VEH6,Zng1,-0.1474525645136577,0.9050923270044644,0.9998429551679517,0.27786114093507525,0.7575596401847547,0.9998479593710528,FALSE,FALSE,n.s.
E9Q6B2,Ccdc85c,-0.3150435941819225,0.8532173805159637,0.9998429551679517,-0.19663596195533023,0.8094864020136943,0.9998479593710528,FALSE,FALSE,n.s.
E9QL80,Lpgat1,-0.1494876248682325,0.8954834726883407,0.9998429551679517,-0.286536247759119,0.7679648629811765,0.9998479593710528,FALSE,FALSE,n.s.
Q9JMA2,Qtrt1,0.1695347897288908,0.7653317281493257,0.9998429551679517,0.11222903807332268,0.8985367947366973,0.9998479593710528,FALSE,FALSE,n.s.
Q7TPD2,Fam185a,0.0051741552998721884,0.9925595455626093,0.9998429551679517,-0.23138607761387026,0.6720136971201378,0.9998479593710528,FALSE,FALSE,n.s.
Q91VH2,Snx9,-0.07152780791583316,0.9438922102965489,0.9998429551679517,0.2153981824711594,0.7211525366627661,0.9998479593710528,FALSE,FALSE,n.s.
E9QAN8,Pik3c2b,0.2517656121148015,0.7756396350133676,0.9998429551679517,0.058106454851898796,0.8894093406332315,0.9998479593710528,FALSE,FALSE,n.s.
P16254,Srp14,-0.2546339286143229,0.6831094217138086,0.9998429551679517,-0.019898458993331276,0.9820436764441356,0.9998479593710528,FALSE,FALSE,n.s.
Q9DAI2,Ift22,0.19876258458480636,0.6724710404341787,0.9998429551679517,0.005856464096239634,0.99318297341916,0.9998479593710528,FALSE,FALSE,n.s.
Q99PU8,Dhx30,-0.06611722647817442,0.8434979264464043,0.9998429551679517,-0.07259661011209054,0.8225512680966877,0.9998479593710528,FALSE,FALSE,n.s.
Q9WUC3,Ly6h,-0.4343818350736521,0.8440849724580883,0.9998429551679517,-0.5032349629411131,0.8223340120359424,0.9998479593710528,FALSE,FALSE,n.s.
Q6PHS9,Cacna2d2,-0.13855737402409804,0.7655017112654275,0.9998429551679517,0.06279942101310729,0.9012880723982994,0.9998479593710528,FALSE,FALSE,n.s.
Q9EPL9,Acox3,0.15231321730124886,0.6902237564339295,0.9998429551679517,-0.012476293222325447,0.9769790625834486,0.9998479593710528,FALSE,FALSE,n.s.
P51410,Rpl9,0.11821126089496782,0.8815666555225273,0.9998429551679517,0.24716804854999688,0.7862818828996707,0.9998479593710528,FALSE,FALSE,n.s.
Q7TN22,Txndc16,-0.4513732969057311,0.6698836655540835,0.9998429551679517,-0.0016539977606092663,0.9982808494829838,0.9998479593710528,FALSE,FALSE,n.s.
Q8R3V2,Aimp2,-0.24523596468094983,0.8106156091670803,0.9998429551679517,-0.17636659236765975,0.8577931303036044,0.9998479593710528,FALSE,FALSE,n.s.
Q6PGL7,Washc2,0.08171897897004628,0.7787414822844425,0.9998429551679517,-0.038066122307824433,0.8900607665584175,0.9998479593710528,FALSE,FALSE,n.s.
P35486,Pdha1,0.28579859508634564,0.7255379838468559,0.9998429551679517,0.0638404015688123,0.9433749092830501,0.9998479593710528,FALSE,FALSE,n.s.
Q3UID0,Smarcc2,-0.15613821898514543,0.7009039845654066,0.9998429551679517,-0.014289804916776542,0.9685073315784096,0.9998479593710528,FALSE,FALSE,n.s.
Q8BLQ9,Cadm2,-0.28475322293688654,0.6834769545294535,0.9998429551679517,-0.011913330444121758,0.9862034051667368,0.9998479593710528,FALSE,FALSE,n.s.
P97449,Anpep,0.1871973449486929,0.7194505189363429,0.9998429551679517,-0.032724069261184416,0.9504368966921154,0.9998479593710528,FALSE,FALSE,n.s.
P28184,Mt3,-0.43708983893540676,0.7553933870723856,0.9998429551679517,0.16096094274097814,0.9147476828935273,0.9998479593710528,FALSE,FALSE,n.s.
Q8BR07,Bicd1,-0.03150753260208396,0.9293514254865421,0.9998429551679517,-0.14750955751256084,0.7408849598206377,0.9998479593710528,FALSE,FALSE,n.s.
P19157,Gstp1,0.3014988200888062,0.8132176023554787,0.9998429551679517,0.21278345431710594,0.8573450561614127,0.9998479593710528,FALSE,FALSE,n.s.
Q6PNC0,Dmxl1,0.06508694276911998,0.7990568156785522,0.9998429551679517,-0.03669512889353549,0.8715168368581001,0.9998479593710528,FALSE,FALSE,n.s.
Q9CQZ5,Ndufa6,-0.07761740689498829,0.9589708722575252,0.9998429551679517,0.5660955546241705,0.7117510136872343,0.9998479593710528,FALSE,FALSE,n.s.
Q99JY8,Plpp3,0.1272981698712723,0.9271179754979377,0.9998429551679517,0.45466000633389425,0.7436533336749844,0.9998479593710528,FALSE,FALSE,n.s.
Q99KK9,Hars2,-0.20688216768698478,0.6803463607040706,0.9998429551679517,-0.0047683108195422305,0.9909901243393626,0.9998479593710528,FALSE,FALSE,n.s.
Q03173,Enah,-0.2174559834583957,0.7226158531502918,0.9998429551679517,0.0315864504040514,0.9499174484058741,0.9998479593710528,FALSE,FALSE,n.s.
Q8K021,Scamp1,0.349679842400424,0.7412813839562229,0.9998429551679517,-0.08806914940916637,0.9316644269368911,0.9998479593710528,FALSE,FALSE,n.s.
P22315,Fech,0.12793658670790395,0.8458071593769154,0.9998429551679517,-0.15409275325211627,0.8273552042894283,0.9998479593710528,FALSE,FALSE,n.s.
Q2NL51,Gsk3a,-0.02489151777784692,0.989166851881756,0.9998429551679517,-0.7652750907057152,0.6842410224742439,0.9998479593710528,FALSE,FALSE,n.s.
Q9CXW2,Mrps22,0.07788262170168173,0.9097502907717614,0.9998429551679517,-0.16473647066470312,0.7642819521085082,0.9998479593710528,FALSE,FALSE,n.s.
Q00915,Rbp1,0.05507937374561104,0.9330360040231733,0.9998429551679517,-0.2338599096176288,0.741547393369534,0.9998479593710528,FALSE,FALSE,n.s.
Q9CQ62,Decr1,-0.11204885267561075,0.9111546761267466,0.9998429551679517,0.26372541147917655,0.7635695711949642,0.9998479593710528,FALSE,FALSE,n.s.
Q8BYI9,Tnr,0.10642986092294757,0.8830355701511543,0.9998429551679517,0.20420099069442538,0.7921227685348999,0.9998479593710528,FALSE,FALSE,n.s.
Q7TSV4,Pgm2,-0.27739977192749016,0.6784313369242898,0.9998429551679517,0.0018288830406908722,0.9975038995940573,0.9998479593710528,FALSE,FALSE,n.s.
P49710,Hcls1,0.09235058046513582,0.89834391721255,0.9998429551679517,-0.2605054058032942,0.7777242779137741,0.9998479593710528,FALSE,FALSE,n.s.
Q8VHI3,Pofut2,-0.14299863871436896,0.80050028564819,0.9998429551679517,-0.10349383585615213,0.8758129221675945,0.9998479593710528,FALSE,FALSE,n.s.
Q9JJL8,Sars2,-0.17267389963056953,0.7309384273905488,0.9998429551679517,-0.033650185901378984,0.9454221196226393,0.9998479593710528,FALSE,FALSE,n.s.
Q8VEE1,Lmcd1,-0.039863854792231514,0.9362333473902581,0.9998429551679517,-0.1513990638686842,0.7402843775767542,0.9998479593710528,FALSE,FALSE,n.s.
Q8R420,Abca3,-0.15171987141135512,0.8023551495426571,0.9998429551679517,-0.1266729484833132,0.8744227538256071,0.9998479593710528,FALSE,FALSE,n.s.
Q8C5H8,Nadk2,0.22059785903637447,0.7382646702386121,0.9998429551679517,0.05239193281869207,0.938611998511258,0.9998479593710528,FALSE,FALSE,n.s.
Q8R2R9,Ap3m2,0.26554332107228906,0.6980660977067796,0.9998429551679517,0.017677145879230825,0.9789559999369633,0.9998479593710528,FALSE,FALSE,n.s.
E9Q3K3,Agap1,-0.0490180360075968,0.940121613775241,0.9998429551679517,0.19383795481892763,0.7374781417951334,0.9998479593710528,FALSE,FALSE,n.s.
Q64444,Ca4,-0.18204846182396603,0.7898011767241627,0.9998429551679517,-0.08722040127389727,0.8878304677208173,0.9998479593710528,FALSE,FALSE,n.s.
O35326,Srsf5,0.4155604657932239,0.6973838711535639,0.9998429551679517,0.0306025416537879,0.9802625347549752,0.9998479593710528,FALSE,FALSE,n.s.
Q8C0L8,Cog5,0.023668810771503138,0.9697126291115143,0.9998429551679517,-0.21944204060974723,0.7086862415133438,0.9998479593710528,FALSE,FALSE,n.s.
P49722,Psma2,-0.3346064177115206,0.7272745225197286,0.9998429551679517,0.053177440409554064,0.9514926849064235,0.9998479593710528,FALSE,FALSE,n.s.
P10852,Slc3a2,-0.14290627371000222,0.8049782750117713,0.9998429551679517,0.1055142886440695,0.8739311864887767,0.9998479593710528,FALSE,FALSE,n.s.
P54923,Adprh,9.709590750057365e-4,0.998899111281758,0.9998429551679517,0.298650032313171,0.6801148255940388,0.9998479593710528,FALSE,FALSE,n.s.
Q9DBR2,Fam13c,-0.14533705510780143,0.8428563354734241,0.9998429551679517,-0.1234773028582949,0.836784145167451,0.9998479593710528,FALSE,FALSE,n.s.
Q3U2J5,Camkmt,-0.01909889715582171,0.9452759385857704,0.9998429551679517,0.1460536335861812,0.7344390555579716,0.9998479593710528,FALSE,FALSE,n.s.
Q9D1D4,Tmed10,-0.014862975398291173,0.9840061168600824,0.9998429551679517,0.2923506496354755,0.6958422312938888,0.9998479593710528,FALSE,FALSE,n.s.
Q9D7X8,Ggct,-0.05541979318498442,0.9276167090135561,0.9998429551679517,0.20518171305266364,0.7526501231451518,0.9998479593710528,FALSE,FALSE,n.s.
Q8BXQ2,Pigt,-0.13636909937886496,0.845840617780095,0.9998429551679517,-0.1258926488810968,0.8348233654241934,0.9998479593710528,FALSE,FALSE,n.s.
Q60960,Kpna1,0.49445184126267117,0.7286314073282046,0.9998429551679517,0.049015423442864026,0.952111513003211,0.9998479593710528,FALSE,FALSE,n.s.
D3YWN7,Map7,0.1101504745137649,0.8814842213316987,0.9998429551679517,-0.1203285469843262,0.7999810910775422,0.9998479593710528,FALSE,FALSE,n.s.
Q3TCN2,Plbd2,0.30713563748317296,0.7092728094129741,0.9998429551679517,0.024466861276489997,0.972850160016188,0.9998479593710528,FALSE,FALSE,n.s.
Q91WM2,Hdhd5,-0.28455862284195227,0.7974779351665522,0.9998429551679517,0.1600754054390605,0.884964042607919,0.9998479593710528,FALSE,FALSE,n.s.
Q3UH60,Dip2b,0.10457425376822199,0.7546975017162418,0.9998429551679517,0.029793135095153075,0.9281947141489948,0.9998479593710528,FALSE,FALSE,n.s.
Q9DCX2,Atp5pd,0.17152244355821505,0.8279443101911885,0.9998429551679517,0.157012573070321,0.8551920516816427,0.9998479593710528,FALSE,FALSE,n.s.
Q9CPU4,Mgst3,-0.8240406677065271,0.7193428308842149,0.9998429551679517,-0.055297555698160035,0.9638900145511025,0.9998479593710528,FALSE,FALSE,n.s.
P18760,Cfl1,-0.10272399275742237,0.8974756254388683,0.9998429551679517,0.2158569424112154,0.7858339109584491,0.9998479593710528,FALSE,FALSE,n.s.
Q80U56,Avl9,0.2080201548948808,0.7283411699619562,0.9998429551679517,0.030281746164196648,0.9550687072122839,0.9998479593710528,FALSE,FALSE,n.s.
Q9JJC6,Rilpl1,0.028934154690058583,0.9505781136211748,0.9998429551679517,0.15968026358078327,0.7330444971163785,0.9998479593710528,FALSE,FALSE,n.s.
Q9CTY5,Micu3,0.08961164771773111,0.8719667195818726,0.9998429551679517,0.1366854986152041,0.811934860978761,0.9998479593710528,FALSE,FALSE,n.s.
Q9CQM5,Txndc17,0.5319679743395099,0.7495374650450841,0.9998429551679517,0.1811978809909974,0.9360856001432658,0.9998479593710528,FALSE,FALSE,n.s.
Q99JP6,Homer3,-0.06661327770444556,0.9172911246076438,0.9998429551679517,0.2274244617073719,0.7699161809534203,0.9998479593710528,FALSE,FALSE,n.s.
Q9JLM9,Grb14,0.12045979522444818,0.8114383585876027,0.9998429551679517,0.06801834192892733,0.8757704206038877,0.9998479593710528,FALSE,FALSE,n.s.
Q8BLR2,Cpne4,0.037422300697685866,0.9387864478665982,0.9998429551679517,-0.13169971201938335,0.748977497102518,0.9998479593710528,FALSE,FALSE,n.s.
Q91VW5,Golga4,0.06271765327427865,0.7590446448765019,0.9998429551679517,0.016983459642685418,0.9289319450543299,0.9998479593710528,FALSE,FALSE,n.s.
Q8K4Z3,Naxe,0.28830526668079964,0.7743179730303698,0.9998429551679517,-0.11845320365634185,0.9149092253612472,0.9998479593710528,FALSE,FALSE,n.s.
Q8BYY4,Ttc39b,0.24282168676739516,0.8100120954393437,0.9998429551679517,-0.11356915504888476,0.8813881731701536,0.9998479593710528,FALSE,FALSE,n.s.
Q9WU28,Pfdn5,0.202946234772034,0.7997435963795485,0.9998429551679517,0.10493551915194256,0.8921063224351613,0.9998479593710528,FALSE,FALSE,n.s.
A6H630,Armt1,-0.08657684108008375,0.8783330519251064,0.9998429551679517,0.12673951336616546,0.8142616477831425,0.9998479593710528,FALSE,FALSE,n.s.
Q8C419,Gpr158,-0.02171070264374871,0.9652891510611399,0.9998429551679517,0.1656507099861108,0.7279679874274263,0.9998479593710528,FALSE,FALSE,n.s.
P14824,Anxa6,0.09619722749988101,0.9570690038228851,0.9998429551679517,0.16118872500862166,0.7364923748126695,0.9998479593710528,FALSE,FALSE,n.s.
E9PZ43,Map4,-0.12593650868185743,0.7537219341545822,0.9998429551679517,-0.037992354373425415,0.9398657703506372,0.9998479593710528,FALSE,FALSE,n.s.
P67778,Phb1,0.16130842348399324,0.8699980352439003,0.9998429551679517,-0.2332085594833242,0.8238360238616488,0.9998479593710528,FALSE,FALSE,n.s.
O70591,Pfdn2,-0.34569848355721594,0.808702829261953,0.9998429551679517,-0.14145980306647055,0.8863399254275347,0.9998479593710528,FALSE,FALSE,n.s.
Q02384,Sos2,0.05502866320461097,0.9131411793211915,0.9998429551679517,-0.166117268836962,0.7822483614000375,0.9998479593710528,FALSE,FALSE,n.s.
Q61361,Bcan,-0.2838398524139187,0.6975759607139492,0.9998429551679517,-0.0027379447510908644,0.9978622603783514,0.9998479593710528,FALSE,FALSE,n.s.
G3X9K3,Arfgef1,0.07151403374220859,0.8179490397764758,0.9998429551679517,-0.043161270944679316,0.87801164126987,0.9998479593710528,FALSE,FALSE,n.s.
Q91VM3,Wdr45,0.30096752848407066,0.7022778293700488,0.9998429551679517,0.005389772002086196,0.9937053298031319,0.9998479593710528,FALSE,FALSE,n.s.
P09528,Fth1,-0.10983045628353,0.911760902497727,0.9998429551679517,0.2711100839466866,0.7844114897944738,0.9998479593710528,FALSE,FALSE,n.s.
Q3TGS7,Snx12,-0.0845183881447371,0.9436110425802375,0.9998429551679517,0.4178097051827844,0.7529633459142875,0.9998479593710528,FALSE,FALSE,n.s.
Q9JI75,Nqo2,-0.09552796506946679,0.8880500313842481,0.9998429551679517,0.11491509684346018,0.80866526504471,0.9998479593710528,FALSE,FALSE,n.s.
P0DP26,Calm1,0.29288621980191065,0.8407334090378584,0.9998429551679517,0.2863013620266264,0.8566321421972771,0.9998479593710528,FALSE,FALSE,n.s.
B2RXC1,Trappc11,-0.17955510083369744,0.7033192233899387,0.9998429551679517,-0.0025965314122050913,0.9951083850854985,0.9998479593710528,FALSE,FALSE,n.s.
Q9CPW4,Arpc5,-0.03318405142804245,0.9780004015854749,0.9998429551679517,0.37939026402188986,0.7209803385225138,0.9998479593710528,FALSE,FALSE,n.s.
O88844,Idh1,-0.0782070513279988,0.8852707894930654,0.9998429551679517,-0.11868600119764385,0.8141917358666534,0.9998479593710528,FALSE,FALSE,n.s.
Q9WVG6,Carm1,-0.0890957938688587,0.8917798527541968,0.9998429551679517,0.16010857759206495,0.8083843889177644,0.9998479593710528,FALSE,FALSE,n.s.
A0A7N9VR94,Ahnak2,4.892747296938932e-4,0.999426121151394,0.9998429551679517,0.1537736506303931,0.7008374767685577,0.9998479593710528,FALSE,FALSE,n.s.
O08919,Numbl,0.19159365236363435,0.7764353037280025,0.9998429551679517,-0.051045631621735844,0.9239737737984938,0.9998479593710528,FALSE,FALSE,n.s.
Q99KR3,Lactb2,0.18074972827181113,0.8622744193212407,0.9998429551679517,0.1386093274582984,0.8384283312695051,0.9998479593710528,FALSE,FALSE,n.s.
Q61503,Nt5e,0.14670962318473002,0.7692138418486171,0.9998429551679517,-0.05564971740774369,0.931859616952633,0.9998479593710528,FALSE,FALSE,n.s.
Q5SUC9,Sco1,-0.2013358496038356,0.8407957188194192,0.9998429551679517,0.1260983936038853,0.8607132713314205,0.9998479593710528,FALSE,FALSE,n.s.
P35585,Ap1m1,0.11153601001667655,0.857715107965509,0.9998429551679517,-0.12180865573704458,0.8443266900814836,0.9998479593710528,FALSE,FALSE,n.s.
Q9QZI9,Serinc3,-0.2309534100667271,0.771979717606593,0.9998429551679517,-0.08185487670144925,0.9304341521802952,0.9998479593710528,FALSE,FALSE,n.s.
Q64737,Gart,-0.13718822772035827,0.7464716285406543,0.9998429551679517,-0.024992331327467997,0.9563472116631271,0.9998479593710528,FALSE,FALSE,n.s.
Q9QZD8,Slc25a10,-0.27995751730346086,0.7828764328626104,0.9998429551679517,0.11396058462162427,0.9200125461788403,0.9998479593710528,FALSE,FALSE,n.s.
P59913,Pcmtd1,-0.13050117660943197,0.887633526698299,0.9998429551679517,-0.24517699584691777,0.8159595957181669,0.9998479593710528,FALSE,FALSE,n.s.
P06837,Gap43,-0.07473263860358474,0.9113995097081238,0.9998429551679517,0.17980288309666892,0.7935913421145123,0.9998479593710528,FALSE,FALSE,n.s.
A0A0R4J1K1,Cnot4,0.21184625880343527,0.7170451751626523,0.9998429551679517,0.004463971582115712,0.9881836842043843,0.9998479593710528,FALSE,FALSE,n.s.
P48962,Slc25a4,-0.03271887193496998,0.9797038768535213,0.9998429551679517,0.42708831222362476,0.7256466389696661,0.9998479593710528,FALSE,FALSE,n.s.
P54763,Ephb2,-0.016436097796263403,0.9679008626117065,0.9998429551679517,0.15104382411471806,0.7378672559970356,0.9998479593710528,FALSE,FALSE,n.s.
Q80ZX8,Spag1,0.06831142090842504,0.9726421049301868,0.9998429551679517,0.18205872040407486,0.7343006250374644,0.9998479593710528,FALSE,FALSE,n.s.
P47962,Rpl5,-0.16580262951185645,0.8407110720316299,0.9998429551679517,-0.1066962813543898,0.8671448604911496,0.9998479593710528,FALSE,FALSE,n.s.
O35393,Efnb3,0.2010044432103418,0.7719345618364043,0.9998429551679517,0.041157676498910195,0.9370690005486615,0.9998479593710528,FALSE,FALSE,n.s.
Q8R0G9,Nup133,0.06844943611377151,0.8400784403003989,0.9998429551679517,0.05475666709263434,0.86921970629547185,0.9998479593710528,FALSE,FALSE,n.s.
Q8VDZ4,Zdhhc5,0.07599954427735665,0.8835537456985316,0.9998429551679517,0.11427405527907293,0.8257979234894793,0.9998479593710528,FALSE,FALSE,n.s.
Q8JZM0,Tfb1m,-0.05266605805956201,0.9522306112090047,0.9998429551679517,0.23019731080443784,0.7581021452664909,0.9998479593710528,FALSE,FALSE,n.s.
Q6P5H6,Frmd5,0.20632278564108708,0.8305914411651433,0.9998429551679517,0.10152012141364043,0.8819091793631928,0.9998479593710528,FALSE,FALSE,n.s.
Q9QY36,Naa10,-0.19921471244357558,0.7768731202889448,0.9998429551679517,-0.0524581481321128,0.9356742661378334,0.9998479593710528,FALSE,FALSE,n.s.
Q8CD19,Lancl3,-0.04175870750240063,0.9583728869932884,0.9998429551679517,0.2961258062481122,0.7542086554272517,0.9998479593710528,FALSE,FALSE,n.s.
P47199,Cryz,0.019317362013766194,0.9802071317704448,0.9998429551679517,0.27944963966019415,0.7324644920107766,0.9998479593710528,FALSE,FALSE,n.s.
P07309,Ttr,0.002451763392376306,0.9974209789445259,0.9998429551679517,0.4045025041840717,0.7159485999860689,0.9998479593710528,FALSE,FALSE,n.s.
P14211,Calr,0.054646742642149373,0.9301159743566938,0.9998429551679517,0.16156892970775538,0.7833443649621964,0.9998479593710528,FALSE,FALSE,n.s.
Q9CQF4,Mtres1,0.26107772777203037,0.8158648229346328,0.9998429551679517,-0.10575032259320473,0.897655853311006,0.9998479593710528,FALSE,FALSE,n.s.
Q91ZH7,Abhd3,-0.23217004834943175,0.8116395509716194,0.9998429551679517,0.17369151189678597,0.9020767673698329,0.9998479593710528,FALSE,FALSE,n.s.
Q8BUL6,Plekha1,0.1418115075985641,0.7195804317188457,0.9998429551679517,0.0024445670109955703,0.9942018883809463,0.9998479593710528,FALSE,FALSE,n.s.
F7D3W5,Gm45837,0.13795387050943708,0.7980378399946404,0.9998429551679517,0.040991235996722865,0.9158934226442025,0.9998479593710528,FALSE,FALSE,n.s.
E9Q236,Abcc4,0.13124722104527692,0.8029601101095478,0.9998429551679517,-0.07718010310509543,0.9110959860554717,0.9998479593710528,FALSE,FALSE,n.s.
A0A0R4J065,Atg4b,-0.19620877503528023,0.8248650481171815,0.9998429551679517,-0.11273799407004534,0.8895832119626556,0.9998479593710528,FALSE,FALSE,n.s.
E9QNF7,Cntnap2,0.028038829281812706,0.9560782168825078,0.9998429551679517,0.1468605764087646,0.7591331849829724,0.9998479593710528,FALSE,FALSE,n.s.
P68040,Rack1,-0.20938213780868273,0.7395185319850921,0.9998429551679517,-0.02305880481601255,0.9759825184648774,0.9998479593710528,FALSE,FALSE,n.s.
Q921J2,Rheb,0.08278275782161026,0.9177703735129753,0.9998429551679517,0.22459621343926192,0.7977811032602893,0.9998479593710528,FALSE,FALSE,n.s.
P11983,Tcp1,-0.03917396550911729,0.9503392747302748,0.9998429551679517,0.19832251540622475,0.7660470061946322,0.9998479593710528,FALSE,FALSE,n.s.
E9QAT4,Sec16a,-0.03984614004417108,0.9244153256095005,0.9998429551679517,-0.09424512538732939,0.7920631289846043,0.9998479593710528,FALSE,FALSE,n.s.
Q8K363,Ddx18,0.1837569599890513,0.7294735695572736,0.9998429551679517,-0.00970362202374391,0.9875159463437999,0.9998479593710528,FALSE,FALSE,n.s.
Q6A058,Armcx2,-0.21792362309300367,0.7639692677723857,0.9998429551679517,0.0345600309325585,0.9531295826291868,0.9998479593710528,FALSE,FALSE,n.s.
Q60771,Cldn11,-0.2605676071552165,0.869154747424445,0.9998429551679517,-0.3693033019088639,0.8492454514976395,0.9998479593710528,FALSE,FALSE,n.s.
Q61171,Prdx2,-0.0044055177578564775,0.997662773692503,0.9998429551679517,0.5210286243538961,0.720840009032848,0.9998479593710528,FALSE,FALSE,n.s.
F6SPK0,Ube2j1,0.31726831515737763,0.775125442552917,0.9998429551679517,-0.10904143380760017,0.9439855655357177,0.9998479593710528,FALSE,FALSE,n.s.
Q61733,Mrps31,0.0999183253047229,0.8101006090178213,0.9998429551679517,-0.05658522533034346,0.9091378353724175,0.9998479593710528,FALSE,FALSE,n.s.
P35979,Rpl12,-0.46899456382731075,0.7407274010804303,0.9998429551679517,0.039929388538312134,0.9788103319603263,0.9998479593710528,FALSE,FALSE,n.s.
Q7TNM2,Trim46,-0.017524315397366715,0.9660147560087105,0.9998429551679517,-0.16626664727364962,0.7537658074386617,0.9998479593710528,FALSE,FALSE,n.s.
A0AAQ4VMY7,Dpysl2,0.26565666938721694,0.7473008664045035,0.9998429551679517,-0.029023683896560487,0.9725706770862199,0.9998479593710528,FALSE,FALSE,n.s.
P98195,Atp9b,0.28961797606380857,0.7368718369590681,0.9998429551679517,-0.016007890603849977,0.9831296811174257,0.9998479593710528,FALSE,FALSE,n.s.
Q8VHK9,Dhx36,0.07669782147741971,0.8965235850504206,0.9998429551679517,-0.13121756303848783,0.8236437464844725,0.9998479593710528,FALSE,FALSE,n.s.
B1AUN2,Eif2b3,0.1847720166963748,0.7426983884326309,0.9998429551679517,-0.012197167287678402,0.9781749736314258,0.9998479593710528,FALSE,FALSE,n.s.
Q9CXS4,Cenpv,-0.10540557843467024,0.9325020957398388,0.9998429551679517,0.2157312020770457,0.7887643438686422,0.9998479593710528,FALSE,FALSE,n.s.
Q8BH44,Coro2b,-0.12287232828565563,0.8370274299012841,0.9998429551679517,0.08329582183421567,0.8845784208173859,0.9998479593710528,FALSE,FALSE,n.s.
P04247,Mb,-0.008759567727008274,0.9849576667429936,0.9998429551679517,0.18400302215623243,0.736723305562698,0.9998479593710528,FALSE,FALSE,n.s.
Q8K4Z5,Sf3a1,-0.03741845292039109,0.9244315108742626,0.9998429551679517,-0.0903291228281415,0.7977966029909012,0.9998479593710528,FALSE,FALSE,n.s.
Q3UYG8,Macrod2,-0.02824288417103542,0.963131579488025,0.9998429551679517,0.23730375691837421,0.7595713716330045,0.9998479593710528,FALSE,FALSE,n.s.
Q9D074,Mgrn1,-0.2656614645777835,0.7273469429861937,0.9998429551679517,-0.0018451986538414815,0.9969961862415643,0.9998479593710528,FALSE,FALSE,n.s.
Q91X78,Erlin1,-0.07816409654570544,0.9337396057351192,0.9998429551679517,-0.435375296785144,0.790774937721354,0.9998479593710528,FALSE,FALSE,n.s.
Q0V8T9,Cntnap5a,0.10314274845222561,0.8650086575633947,0.9998429551679517,-0.14960712860649522,0.8611645573591247,0.9998479593710528,FALSE,FALSE,n.s.
Q9Z0U1,Tjp2,-0.0017173451128970894,0.9967369638052445,0.9998429551679517,-0.5784445174928387,0.7295868987122389,0.9998479593710528,FALSE,FALSE,n.s.
E9Q1P8,Irf2bp2,0.05481008310612414,0.9612096648573241,0.9998429551679517,0.4035190869536882,0.7652809273249815,0.9998479593710528,FALSE,FALSE,n.s.
E9QPH0,Prkg2,-0.11717471359342711,0.7865128971067834,0.9998429551679517,-0.035914064026277996,0.9406410214195235,0.9998479593710528,FALSE,FALSE,n.s.
Q91ZD4,Vangl2,-0.09712727502447678,0.9080984112601727,0.9998429551679517,-0.0975509466922795,0.8191039802933945,0.9998479593710528,FALSE,FALSE,n.s.
Q9WVA3,Bub3,0.22283403560660534,0.808952295749294,0.9998429551679517,0.09196422167111704,0.9184093257209962,0.9998479593710528,FALSE,FALSE,n.s.
Q8BP40,Acp6,-0.2069757851774041,0.7669115915313316,0.9998429551679517,0.030711071625400148,0.9604905773127467,0.9998479593710528,FALSE,FALSE,n.s.
Q924L1,Letmd1,-0.2642226544389182,0.825166946663548,0.9998429551679517,0.156500818419876,0.9023451717876461,0.9998479593710528,FALSE,FALSE,n.s.
P97930,Dtymk,0.02455631277958513,0.9769882971617438,0.9998429551679517,0.20897046228157493,0.7506409484656906,0.9998479593710528,FALSE,FALSE,n.s.
Q8BMF4,Dlat,-0.34040758844188146,0.727975865450907,0.9998429551679517,-3.272842326517845e-4,0.9997060144645726,0.9998479593710528,FALSE,FALSE,n.s.
Q60737,Csnk2a1,0.16652665674881528,0.8300274158687518,0.9998429551679517,0.1140101673364112,0.8984072051019714,0.9998479593710528,FALSE,FALSE,n.s.
O70251,Eef1b,0.11808747104416702,0.9297766709851059,0.9998429551679517,0.35271983482281377,0.7993271925391798,0.9998479593710528,FALSE,FALSE,n.s.
Q9CX34,Sugt1,0.1649209457138026,0.7437074425294548,0.9998429551679517,0.009214090419298805,0.9855271936589198,0.9998479593710528,FALSE,FALSE,n.s.
O35841,Api5,0.17456272809350418,0.8016189867674044,0.9998429551679517,0.05839801999236541,0.9281251312679063,0.9998479593710528,FALSE,FALSE,n.s.
Q62277,Syp,-0.03745068863707742,0.9664835736334354,0.9998429551679517,0.32598848422915927,0.7648023506701738,0.9998479593710528,FALSE,FALSE,n.s.
Q91Z31,Ptbp2,-0.11311570731739617,0.8925793913836497,0.9998429551679517,0.17207985304663453,0.8390022790909196,0.9998479593710528,FALSE,FALSE,n.s.
Q9D379,Ephx1,0.030386932989309886,0.9445241449616022,0.9998429551679517,0.12824054328893478,0.7873403504852072,0.9998479593710528,FALSE,FALSE,n.s.
Q9QZE7,Tsnax,0.1643590503350263,0.8744663697406522,0.9998429551679517,-0.146010560221115,0.8574476158820914,0.9998479593710528,FALSE,FALSE,n.s.
P62761,Vsnl1,0.2465481769240155,0.7968552343700355,0.9998429551679517,-0.07375511721360926,0.9351302603217695,0.9998479593710528,FALSE,FALSE,n.s.
Q924A2,Cic,0.05782223588952999,0.8782140198928085,0.9998429551679517,-0.1938819132784736,0.8544582329902745,0.9998479593710528,FALSE,FALSE,n.s.
Q8BK67,Rcc2,0.053328612353884426,0.9157015094616443,0.9998429551679517,-0.08998878497161424,0.8170157165283788,0.9998479593710528,FALSE,FALSE,n.s.
O88441,Mtx2,-0.07132598321224694,0.9322598505579189,0.9998429551679517,-0.2032808363289044,0.8009250111773664,0.9998479593710528,FALSE,FALSE,n.s.
Q91VC3,Eif4a3,-0.01723724258454868,0.9784143638275873,0.9998429551679517,0.13672890344726935,0.7548523889655627,0.9998479593710528,FALSE,FALSE,n.s.
P97952,Scn1b,-0.08155590436142106,0.94232209892979,0.9998429551679517,0.2933780356934682,0.7918363903565024,0.9998479593710528,FALSE,FALSE,n.s.
Q99MR1,Gigyf1,0.1130894180096128,0.7748399376412956,0.9998429551679517,0.02296271322775124,0.9593417694112112,0.9998479593710528,FALSE,FALSE,n.s.
Q9JL62,Gltp,0.23204383052223412,0.8053732667107109,0.9998429551679517,0.08415644906383189,0.9290793487400238,0.9998479593710528,FALSE,FALSE,n.s.
Q8CIP5,Disp2,0.009067899757734693,0.9954136626163873,0.9998429551679517,-0.3392033786429039,0.7391174184465836,0.9998479593710528,FALSE,FALSE,n.s.
Q91VM9,Ppa2,-0.17920390861788557,0.7632226499386819,0.9998429551679517,0.018205183327293182,0.9730330778320186,0.9998479593710528,FALSE,FALSE,n.s.
P62073,Timm10,-0.17319412529777622,0.89233439252406,0.9998429551679517,-0.31746587168604823,0.844752497884754,0.9998479593710528,FALSE,FALSE,n.s.
P24529,Th,0.08675521827632462,0.8734141288793056,0.9998429551679517,0.06285991402149835,0.8643917618893568,0.9998479593710528,FALSE,FALSE,n.s.
O54950,Prkag1,0.1726034481598309,0.7763493471004012,0.9998429551679517,-0.030280020288236176,0.9615830598407058,0.9998479593710528,FALSE,FALSE,n.s.
Q8C547,Heatr5b,-0.03319991787023188,0.8988607543836011,0.9998429551679517,-0.05539050594650431,0.8390736473432292,0.9998479593710528,FALSE,FALSE,n.s.
Q8R0F8,Fahd1,-0.24100647041598325,0.7814193564857428,0.9998429551679517,0.04376847423068198,0.9597546412081721,0.9998479593710528,FALSE,FALSE,n.s.
P14152,Mdh1,0.1975194162336666,0.8645580323783716,0.9998429551679517,-0.19719208420901937,0.8766981884381235,0.9998479593710528,FALSE,FALSE,n.s.
Q99MK8,Grk2,0.09178008547420707,0.8639228847474975,0.9998429551679517,0.0760732190560918,0.8774294017862762,0.9998479593710528,FALSE,FALSE,n.s.
Q9EPU0,Upf1,0.06716686949659499,0.8514937781965559,0.9998429551679517,-0.048189043997753894,0.8900064946261799,0.9998479593710528,FALSE,FALSE,n.s.
O35598,Adam10,0.0074797002427756986,0.9887839375989644,0.9998429551679517,-0.15186857619765542,0.752740497660332,0.9998479593710528,FALSE,FALSE,n.s.
P70168,Kpnb1,-0.1010688557205068,0.8648873939666458,0.9998429551679517,0.08928321007692269,0.8779006680029967,0.9998479593710528,FALSE,FALSE,n.s.
Q64105,Spr,0.32193124661541705,0.7606042496562182,0.9998429551679517,0.0215691511954328,0.9824345403546226,0.9998479593710528,FALSE,FALSE,n.s.
Q640R3,Hepacam,-0.035637252654894196,0.9726175793066485,0.9998429551679517,0.2578039274882412,0.7704559719970354,0.9998479593710528,FALSE,FALSE,n.s.
P35951,Ldlr,-0.04689529010930653,0.9398623682977411,0.9998429551679517,0.13079144877500345,0.8035245644945096,0.9998479593710528,FALSE,FALSE,n.s.
A0A0R4J0J1,Cpne9,-0.002260853736230387,0.9968471933158152,0.9998429551679517,-0.29007954946269193,0.7470566085263375,0.9998479593710528,FALSE,FALSE,n.s.
O35129,Phb2,-0.38797582524956115,0.7891463770333735,0.9998429551679517,-0.08036316062938961,0.9551576894990302,0.9998479593710528,FALSE,FALSE,n.s.
Q8K310,Matr3,0.13409502240887694,0.8183395123021608,0.9998429551679517,-0.05967489396156105,0.9260958721030237,0.9998479593710528,FALSE,FALSE,n.s.
Q8R3F5,Mcat,0.16413865861166765,0.7559342274267009,0.9998429551679517,0.00630048553175838,0.9889323453248862,0.9998479593710528,FALSE,FALSE,n.s.
P27048,Snrpb,0.24647450013806144,0.8946316374923359,0.9998429551679517,0.4243516167599609,0.8513267567358054,0.9998479593710528,FALSE,FALSE,n.s.
P58802,Tbc1d10a,-0.11294245637966757,0.8483174287236968,0.9998429551679517,-0.08355136273149659,0.8979789711142632,0.9998479593710528,FALSE,FALSE,n.s.
A2AEW8,Gripap1,-0.04653131081178384,0.8896287195709509,0.9998429551679517,0.05423204919403678,0.8578043434953561,0.9998479593710528,FALSE,FALSE,n.s.
Q8BKH7,Mapkap1,0.009742872322183604,0.9889498252651877,0.9998429551679517,0.1872762727563564,0.7585836827795248,0.9998479593710528,FALSE,FALSE,n.s.
Q8CHS8,Vps37a,-0.011409195158622109,0.9864256884812665,0.9998429551679517,0.1550247208360706,0.7611216294276602,0.9998479593710528,FALSE,FALSE,n.s.
P54823,Ddx6,0.20987940952171338,0.7571318918882793,0.9998429551679517,0.007340564924226882,0.9907515329001613,0.9998479593710528,FALSE,FALSE,n.s.
P97346,Nxn,-0.23880344226698497,0.7848662583627526,0.9998429551679517,-0.0346471769695439,0.9647619042808981,0.9998479593710528,FALSE,FALSE,n.s.
A0A338P6W1,Rbbp6,0.04184139117914861,0.9398844377169482,0.9998429551679517,-0.10897703428988736,0.8101198314498886,0.9998479593710528,FALSE,FALSE,n.s.
Q9CYH2,Prxl2a,-0.17580103495964902,0.8364507954769067,0.9998429551679517,0.0945887559244572,0.9135698631843648,0.9998479593710528,FALSE,FALSE,n.s.
O70296,GRK6,-0.1274563086623606,0.8542371172287712,0.9998429551679517,0.07588712235356182,0.8964059625225818,0.9998479593710528,FALSE,FALSE,n.s.
Q04888,Sox10,-0.007520693939594172,0.979742427128246,0.9998429551679517,0.13204655862189835,0.7713188103738213,0.9998479593710528,FALSE,FALSE,n.s.
Q8CI59,Steap3,-0.05418522130816294,0.9155363482144618,0.9998429551679517,0.13454356061766637,0.836181150069486,0.9998479593710528,FALSE,FALSE,n.s.
P12849,Prkar1b,-0.19952119395638782,0.7953646734071901,0.9998429551679517,0.03660785263243788,0.9564786764379976,0.9998479593710528,FALSE,FALSE,n.s.
P48318,Gad1,0.06596244328165826,0.9293453901550588,0.9998429551679517,0.15025215232431635,0.8229252918861809,0.9998479593710528,FALSE,FALSE,n.s.
Q7TMY4,Thoc7,-0.22510420158511718,0.863676173066125,0.9998429551679517,0.2964691782517758,0.8891891028440495,0.9998479593710528,FALSE,FALSE,n.s.
Q61140,Bcar1,-0.12193899610682125,0.871942808567904,0.9998429551679517,0.08813454901968583,0.8812013921989548,0.9998479593710528,FALSE,FALSE,n.s.
Q9D1G2,Pmvk,0.3184876154592558,0.7716313942260499,0.9998429551679517,-0.017752619092784687,0.9818610585255487,0.9998479593710528,FALSE,FALSE,n.s.
Q9ERG2,Strn3,0.04303634860975472,0.9235077739415637,0.9998429551679517,-0.08347127303186853,0.8301530729899095,0.9998479593710528,FALSE,FALSE,n.s.
Q8C5Q4,Grsf1,-0.16466272278920163,0.8304731639078728,0.9998429551679517,-0.06285262900708262,0.9236087875022696,0.9998479593710528,FALSE,FALSE,n.s.
A2AWI7,Sh3glb2,0.20982375129672545,0.809575393371413,0.9998429551679517,0.05220486067733052,0.945287743703993,0.9998479593710528,FALSE,FALSE,n.s.
Q9R0Q3,Tmed2,0.0909782114157257,0.9204669180059089,0.9998429551679517,0.2312883168387559,0.8345927716486506,0.9998479593710528,FALSE,FALSE,n.s.
Q9DCA2,Mrps11,-0.1861747306210291,0.7596920008940717,0.9998429551679517,-0.001988755793349898,0.9970248115834897,0.9998479593710528,FALSE,FALSE,n.s.
Q8BIJ6,Iars2,-0.05302283288702524,0.9020413207486996,0.9998429551679517,-0.07650046565316135,0.8566779144172759,0.9998479593710528,FALSE,FALSE,n.s.
Q3UVC0,Ksr2,-0.16961445494848437,0.7884346414521447,0.9998429551679517,0.033320382451745366,0.9703770082992185,0.9998479593710528,FALSE,FALSE,n.s.
Q9D6U8,Fam162a,-0.1606179038998188,0.7695867329247327,0.9998429551679517,0.007443021204903601,0.9900530594104879,0.9998479593710528,FALSE,FALSE,n.s.
Q8JZW4,Cpne5,-0.08764704104905084,0.9059814562247441,0.9998429551679517,0.1356129484744892,0.8544979974459438,0.9998479593710528,FALSE,FALSE,n.s.
Q7TMY8,Huwe1,-0.06021337412199713,0.8101530051397472,0.9998429551679517,-0.016551065903436076,0.9505657426236767,0.9998479593710528,FALSE,FALSE,n.s.
P15209,Ntrk2,0.003507796774156539,0.995248567683262,0.9998429551679517,0.20865736206249066,0.7655076600652206,0.9998479593710528,FALSE,FALSE,n.s.
P55088,Aqp4,-0.3113243181928108,0.7812822870986053,0.9998429551679517,0.04287882185731403,0.9799265030808795,0.9998479593710528,FALSE,FALSE,n.s.
Q9CZ04,Cops7a,-0.21641902698765006,0.7972744126967768,0.9998429551679517,-0.020092791604135428,0.9646067281035804,0.9998479593710528,FALSE,FALSE,n.s.
Q9DCT2,Ndufs3,0.34634945082878404,0.7957205086160328,0.9998429551679517,0.045112312538759664,0.9663380626699187,0.9998479593710528,FALSE,FALSE,n.s.
Q9Z2X1,Hnrnpf,-0.06253502418888263,0.9321138846399355,0.9998429551679517,-0.1660142949764186,0.8304343664891964,0.9998479593710528,FALSE,FALSE,n.s.
P10107,Anxa1,0.004725085052825992,0.9920271654873909,0.9998429551679517,0.19271583154046354,0.7707409507395993,0.9998479593710528,FALSE,FALSE,n.s.
Q9JL56,Gde1,0.13498338173520205,0.9067412037061822,0.9998429551679517,-0.14232766690295748,0.8572619023531082,0.9998479593710528,FALSE,FALSE,n.s.
Q8BVF2,Pdcl3,0.10177710853848676,0.8730578958158892,0.9998429551679517,0.08371171923326362,0.8922792277492273,0.9998479593710528,FALSE,FALSE,n.s.
Q8VCB1,Ndc1,-0.14225088789069953,0.784534686944242,0.9998429551679517,-0.011983639397627557,0.9808852489493138,0.9998479593710528,FALSE,FALSE,n.s.
Q8JZQ2,Afg3l2,0.011342985911776057,0.975416424330711,0.9998429551679517,0.09865170122808085,0.791661148584391,0.9998479593710528,FALSE,FALSE,n.s.
Q8C4J7,Tbl3,-0.20662616478585222,0.8077696560835912,0.9998429551679517,-0.028314309436827896,0.9593468383514604,0.9998479593710528,FALSE,FALSE,n.s.
Q60710,Samhd1,0.017720941580582104,0.9578306075513505,0.9998429551679517,-0.09169069762040723,0.8095325921284983,0.9998479593710528,FALSE,FALSE,n.s.
Q9JIH2,Nup50,-0.23644063035825738,0.7754627232114715,0.9998429551679517,-0.005124325793618474,0.992937500020438,0.9998479593710528,FALSE,FALSE,n.s.
Q99KD5,Unc45a,-0.10199655106529791,0.8509930793900687,0.9998429551679517,-0.04729039545846389,0.9174094676241076,0.9998479593710528,FALSE,FALSE,n.s.
Q6ZWN5,Rps9,-0.2615549694770057,0.7844648896338696,0.9998429551679517,0.01606206133760244,0.9847413913743774,0.9998479593710528,FALSE,FALSE,n.s.
Q8BM72,Hspa13,0.04276804183579517,0.943066942351475,0.9998429551679517,0.1871500095615131,0.8261604349278509,0.9998479593710528,FALSE,FALSE,n.s.
O35409,Folh1,0.04625399441436,0.9194554426818142,0.9998429551679517,0.08687135197467796,0.8499541198290621,0.9998479593710528,FALSE,FALSE,n.s.
Q9QZW0,Atp11c,-0.12104619791853673,0.7886116083034621,0.9998429551679517,0.011405680792092586,0.9820490764996366,0.9998479593710528,FALSE,FALSE,n.s.
A6X919,Dpy19l1,-0.06548714175324903,0.8810216899679034,0.9998429551679517,0.08139926248314598,0.8896843869853832,0.9998479593710528,FALSE,FALSE,n.s.
Q8BPB0,Mob1b,-0.137165955546481,0.8861278222808221,0.9998429551679517,-0.1367543961561222,0.8848491901251226,0.9998479593710528,FALSE,FALSE,n.s.
Q9D0S9,Hint2,-0.05027904449383749,0.9805329204499802,0.9998429551679517,0.5078161060531917,0.7916533259017907,0.9998479593710528,FALSE,FALSE,n.s.
P40240,Cd9,0.4186348572601848,0.7994654103536779,0.9998429551679517,0.06766641189348718,0.9740180000841985,0.9998479593710528,FALSE,FALSE,n.s.
Q6A051,Atrnl1,0.02805306286301853,0.9520175847282621,0.9998429551679517,-0.15068876199843,0.8216077423941255,0.9998479593710528,FALSE,FALSE,n.s.
Q922Q9,Chid1,-0.14084803902372375,0.809912660757669,0.9998429551679517,-0.029191511398053475,0.9645152664241954,0.9998479593710528,FALSE,FALSE,n.s.
Q9CY58,Serbp1,0.04588293774943398,0.9362119347994855,0.9998429551679517,-0.10046873989656889,0.8386157714326458,0.9998479593710528,FALSE,FALSE,n.s.
Q8K2C8,Gpat4,0.13961150903240976,0.8630925348641536,0.9998429551679517,0.09103717966751303,0.9124019392276499,0.9998479593710528,FALSE,FALSE,n.s.
Q9WUB4,Dctn6,-0.31595243772014636,0.8641509459436445,0.9998429551679517,0.15424742451486192,0.911371495995526,0.9998479593710528,FALSE,FALSE,n.s.
Q8CAE9,Podxl2,-0.16953554919355995,0.8665987412668313,0.9998429551679517,-0.14546948022766812,0.9089460213437905,0.9998479593710528,FALSE,FALSE,n.s.
Q3TFD2,Lpcat1,0.1905632094220225,0.8541746183360605,0.9998429551679517,0.03347819188031568,0.9219201604222432,0.9998479593710528,FALSE,FALSE,n.s.
Q80Z24,Negr1,0.06949453097436065,0.9333333152419665,0.9998429551679517,-0.1783340553870043,0.8433962240579028,0.9998479593710528,FALSE,FALSE,n.s.
Q5SUF2,Luc7l3,0.08133815100848718,0.9281560221639065,0.9998429551679517,-0.208305508003562,0.8491810028096334,0.9998479593710528,FALSE,FALSE,n.s.
Q9EQP2,Ehd4,-0.013619302857869085,0.9773550332778438,0.9998429551679517,-0.11068054475058459,0.8008997355746441,0.9998479593710528,FALSE,FALSE,n.s.
Q9R0B7,Znf346,-0.04686725329059173,0.9303083431217538,0.9998429551679517,0.13525568605460705,0.8484766530506282,0.9998479593710528,FALSE,FALSE,n.s.
Q8BGR9,Ublcp1,-0.16564404471901928,0.8007991444934603,0.9998429551679517,-0.014680968806795253,0.9783293916399232,0.9998479593710528,FALSE,FALSE,n.s.
Q9CR62,Slc25a11,-0.10836210604884824,0.9278262174501907,0.9998429551679517,0.20791143273282095,0.8518261583559132,0.9998479593710528,FALSE,FALSE,n.s.
Q80U95,Ube3c,-0.056805471808973995,0.8669362947913419,0.9998429551679517,-0.03949979906869696,0.912797081236222,0.9998479593710528,FALSE,FALSE,n.s.
Q9CX80,Cygb,0.03957324354824358,0.9626366150754742,0.9998429551679517,-0.1911360584761586,0.819488360146482,0.9998479593710528,FALSE,FALSE,n.s.
Q9D6J5,Ndufb8,-0.17768125247864583,0.9466216771849013,0.9998429551679517,-0.5589163352540313,0.8356624582047188,0.9998479593710528,FALSE,FALSE,n.s.
P06745,Gpi,-0.11881883705456596,0.8727619612723123,0.9998429551679517,0.08950491884184085,0.9099470078052373,0.9998479593710528,FALSE,FALSE,n.s.
Q8VEL9,Rem2,0.26408945394603944,0.7899927914167341,0.9998429551679517,0.009645713850141773,0.9934350619583119,0.9998479593710528,FALSE,FALSE,n.s.
Q80TL7,Mon2,-0.01653671461244093,0.9628994268900075,0.9998429551679517,0.06985771844052928,0.8210456162511712,0.9998479593710528,FALSE,FALSE,n.s.
Q8K183,Pdxk,0.09643783284954754,0.9381422077171735,0.9998429551679517,0.21894176939499763,0.8468417082586828,0.9998479593710528,FALSE,FALSE,n.s.
P26443,Glud1,-0.1573032812620017,0.836934467684832,0.9998429551679517,-0.05521211583501369,0.9484581802156342,0.9998479593710528,FALSE,FALSE,n.s.
A0A1W2P7Y9,Nrcam,0.1774480402416232,0.789846270228766,0.9998429551679517,-0.0032082738926774487,0.9957391321778578,0.9998479593710528,FALSE,FALSE,n.s.
Q3TFQ1,Spryd7,-0.1439622287246745,0.8614535229350907,0.9998429551679517,0.06734582570638759,0.926603638542572,0.9998479593710528,FALSE,FALSE,n.s.
P61202,Cops2,-0.11332298790028751,0.8157440635458155,0.9998429551679517,-0.016821356282024948,0.9733668853615159,0.9998479593710528,FALSE,FALSE,n.s.
A0A411P8U6,Mbp,0.1722495325769954,0.892694736285341,0.9998429551679517,-0.14454356238510363,0.8973694492175545,0.9998479593710528,FALSE,FALSE,n.s.
Q8BML9,Qars1,0.0999294737727134,0.8182475415919741,0.9998429551679517,-0.015281507606641313,0.9720951044671076,0.9998479593710528,FALSE,FALSE,n.s.
Q9QZ06,Tollip,-0.48582490192578703,0.8168731078880567,0.9998429551679517,0.06718214727571087,0.9745850893199475,0.9998479593710528,FALSE,FALSE,n.s.
Q8QZT1,Acat1,0.026608849325701588,0.9743720267379403,0.9998429551679517,-0.20029995345506024,0.8174084614189512,0.9998479593710528,FALSE,FALSE,n.s.
P62751,Rpl23a,-0.02568286747059235,0.9782343350001383,0.9998429551679517,-0.18281284665023614,0.8163148876565961,0.9998479593710528,FALSE,FALSE,n.s.
P0C7L0,Wipf3,-0.19009105850232122,0.8098869851479391,0.9998429551679517,0.022034327709379607,0.9847287678150975,0.9998479593710528,FALSE,FALSE,n.s.
O55125,Nipsnap1,-0.2363978667581493,0.8462804593971989,0.9998429551679517,-0.08013426834991154,0.9506407312051603,0.9998479593710528,FALSE,FALSE,n.s.
P22892,Ap1g1,0.047660708849685755,0.9386297462444869,0.9998429551679517,0.10267994266393837,0.8599927889539429,0.9998479593710528,FALSE,FALSE,n.s.
Q69ZF3,Gba2,0.0591583717858044,0.9193102750851697,0.9998429551679517,-0.10561449651145065,0.8799306605908623,0.9998479593710528,FALSE,FALSE,n.s.
P70452,Stx4,-0.1252144591042203,0.8356764627415981,0.9998429551679517,0.029689507906100716,0.9639521421843765,0.9998479593710528,FALSE,FALSE,n.s.
Q9D7P6,Iscu,-0.02640805866267844,0.9681553958078264,0.9998429551679517,0.14977862447034815,0.8319408302568185,0.9998479593710528,FALSE,FALSE,n.s.
Q9JM96,Cdc42ep4,-0.10482946745123604,0.9224483117369884,0.9998429551679517,-0.14067180178264962,0.8781710712198786,0.9998479593710528,FALSE,FALSE,n.s.
B1AZA5,Tmem245,0.013986682254914328,0.9873900883094036,0.9998429551679517,-0.2112189788932749,0.8138956590642251,0.9998479593710528,FALSE,FALSE,n.s.
Q8BGD9,Eif4b,0.006326486238409617,0.9882231076656807,0.9998429551679517,0.12548224646170777,0.8132157851612493,0.9998479593710528,FALSE,FALSE,n.s.
F8VQK3,Gucy1a2,-0.1114148680468171,0.8321685120282659,0.9998429551679517,-0.018447672350156097,0.9694761227790317,0.9998479593710528,FALSE,FALSE,n.s.
Q5XJY5,Arcn1,-0.05265758310006462,0.9105857932796952,0.9998429551679517,-0.06903601822584565,0.8911139839120181,0.9998479593710528,FALSE,FALSE,n.s.
Q3TQB2,Foxred1,0.08408201047455811,0.9101066657896533,0.9998429551679517,0.11010573886782168,0.8918853163148361,0.9998479593710528,FALSE,FALSE,n.s.
Q80XN0,Bdh1,0.02987409896209336,0.9697265451454755,0.9998429551679517,0.18709404745974484,0.833253216441312,0.9998479593710528,FALSE,FALSE,n.s.
P70398,Usp9x,0.001975608170833246,0.9948469708316249,0.9998429551679517,-0.06802751934973833,0.8086613183127115,0.9998479593710528,FALSE,FALSE,n.s.
Q9D2V5,Aar2,0.12196653546302444,0.9076656905908854,0.9998429551679517,-0.15315173564635173,0.898672956837794,0.9998479593710528,FALSE,FALSE,n.s.
Q8BLK9,Rps6kc1,0.12902668972711445,0.812085066261399,0.9998429551679517,-0.003115002935437093,0.9948048994499075,0.9998479593710528,FALSE,FALSE,n.s.
Q8VCT3,Rnpep,0.11635040741476411,0.8151695650505715,0.9998429551679517,-0.0056903316164658825,0.9918024491384756,0.9998479593710528,FALSE,FALSE,n.s.
P45376,Akr1b1,-0.031218594731345937,0.9608662186834867,0.9998429551679517,-0.14563256547775555,0.8466857035863481,0.9998479593710528,FALSE,FALSE,n.s.
Q8K2Q0,Commd9,0.03957035776325811,0.9574605394768492,0.9998429551679517,-0.17184250161407819,0.8501589280692213,0.9998479593710528,FALSE,FALSE,n.s.
Q07076,Anxa7,-0.1930389005995624,0.90076269287139,0.9998429551679517,0.18446578396445695,0.906930464990509,0.9998479593710528,FALSE,FALSE,n.s.
Q8BPM2,Map4k5,-0.07554778610185413,0.8851344601674854,0.9998429551679517,0.07490263409861517,0.922797206990395,0.9998479593710528,FALSE,FALSE,n.s.
Q9D1I5,Mcee,0.07239962355284686,0.9499331013632679,0.9998429551679517,-0.23833540163595673,0.858249480340569,0.9998479593710528,FALSE,FALSE,n.s.
P56212,Arpp19,-0.14140256738982165,0.8990191203115974,0.9998429551679517,0.13333994420438552,0.9092075310569345,0.9998479593710528,FALSE,FALSE,n.s.
P48455,Ppp3cc,-0.39655206712323315,0.839225693526203,0.9998429551679517,0.03665797302406773,0.9691311229958453,0.9998479593710528,FALSE,FALSE,n.s.
Q8R404,Micos13,0.17663745994565688,0.8992337175776259,0.9998429551679517,0.18607381139195617,0.9105261320223269,0.9998479593710528,FALSE,FALSE,n.s.
O54724,Cavin1,-0.06224679501502079,0.9082830556765801,0.9998429551679517,-0.09105372501198505,0.9022263345645685,0.9998479593710528,FALSE,FALSE,n.s.
A2A848,Acox1,-0.10366626041228533,0.8505522467014326,0.9998429551679517,-0.02385004562195022,0.9600221645504474,0.9998479593710528,FALSE,FALSE,n.s.
P47738,Aldh2,-0.06073829521988043,0.956200555771475,0.9998429551679517,-0.14602647457375512,0.854837475900845,0.9998479593710528,FALSE,FALSE,n.s.
Q8BG67,Efr3a,-0.10072824767755413,0.8621783323035812,0.9998429551679517,0.03036544518849247,0.9500170225764109,0.9998479593710528,FALSE,FALSE,n.s.
Q61147,Cp,0.03287381624244222,0.9395443825981625,0.9998429551679517,-0.07440472989621467,0.8744641771084796,0.9998479593710528,FALSE,FALSE,n.s.
Q9D1A2,Cndp2,0.04926295862610535,0.9329097169027263,0.9998429551679517,0.09130408553115299,0.881263212029322,0.9998479593710528,FALSE,FALSE,n.s.
Q80WJ7,Mtdh,-0.0031780436543459344,0.9943321825073033,0.9998429551679517,-0.11648583986898124,0.8205896544809324,0.9998479593710528,FALSE,FALSE,n.s.
E9QAQ5,Gsk3b,0.07905722335154805,0.9139415499053514,0.9998429551679517,-0.08574875741683248,0.9011252184786498,0.9998479593710528,FALSE,FALSE,n.s.
Q920E5,Fdps,-0.0060388623974585625,0.9917711563618528,0.9998429551679517,0.1464676931820364,0.8242401577691003,0.9998479593710528,FALSE,FALSE,n.s.
A2RT62,Fbxl16,-0.11109232538763666,0.9311263882190288,0.9998429551679517,-0.0670390150489757,0.8850401120660653,0.9998479593710528,FALSE,FALSE,n.s.
P48774,Gstm5,-0.026483377381209768,0.9760998697485503,0.9998429551679517,0.18059575316176008,0.841102012909695,0.9998479593710528,FALSE,FALSE,n.s.
D3YUE4,Fam151b,0.16160294782580897,0.859174517391149,0.9998429551679517,0.06121385155557638,0.9603854445091682,0.9998479593710528,FALSE,FALSE,n.s.
P10126,Eef1a1,0.1365856335615102,0.8616132590393281,0.9998429551679517,-0.04018450891854918,0.9580595268048191,0.9998479593710528,FALSE,FALSE,n.s.
Q91Z40,Gbp7,-0.06525853071994009,0.9033542081951726,0.9998429551679517,0.05566033204030502,0.9177326251579963,0.9998479593710528,FALSE,FALSE,n.s.
Q9CQB7,Lyrm1,-0.012417005731799659,0.9839896551800856,0.9998429551679517,-0.17073291051321277,0.8377239966910581,0.9998479593710528,FALSE,FALSE,n.s.
Q9D517,Agpat3,-0.07685165154234457,0.8980035016662585,0.9998429551679517,0.05648496800766297,0.9239719932129686,0.9998479593710528,FALSE,FALSE,n.s.
Q9Z2C4,Mtmr1,0.055106961634700885,0.9209350000063765,0.9998429551679517,0.06423756389544621,0.9045356903507749,0.9998479593710528,FALSE,FALSE,n.s.
Q9CZV8,Fbxl20,-0.13055202604661836,0.8837349367246774,0.9998429551679517,0.06588692109057678,0.9422660329258536,0.9998479593710528,FALSE,FALSE,n.s.
Q922H1,Prmt3,-0.04202713425849427,0.9349946307407391,0.9998429551679517,-0.07534418616265628,0.8916307266651733,0.9998479593710528,FALSE,FALSE,n.s.
Q8VHL1,Setd7,-0.13508033726148447,0.8938758419074232,0.9998429551679517,0.08701051649856828,0.9346280736333556,0.9998479593710528,FALSE,FALSE,n.s.
Q3TNH5,Arb2a,-0.018715786195143094,0.978018891925144,0.9998429551679517,-0.11256963299892761,0.8510862014621615,0.9998479593710528,FALSE,FALSE,n.s.
Q9Z268,Rasal1,-0.07737442382744995,0.9032296618130624,0.9998429551679517,-0.05125484456188612,0.9259657624275599,0.9998479593710528,FALSE,FALSE,n.s.
Q9CRB9,Chchd3,-0.08668941789185287,0.8781508453802946,0.9998429551679517,0.04019150321377665,0.951341665970973,0.9998479593710528,FALSE,FALSE,n.s.
Q8BHI4,Kbtbd3,0.14101849356026536,0.88906416917312,0.9998429551679517,0.04359191244534646,0.9407135102210566,0.9998479593710528,FALSE,FALSE,n.s.
Q641P0,Actr3b,-0.1637495328821583,0.8654724187302757,0.9998429551679517,-0.035654616541101504,0.9647417314031916,0.9998479593710528,FALSE,FALSE,n.s.
Q9R0M6,Rab9a,-0.2660569438364387,0.8881435938971471,0.9998429551679517,-0.07264502647819446,0.9427119575486425,0.9998479593710528,FALSE,FALSE,n.s.
Q5FWH7,Slc39a12,-0.021357255640870074,0.9611352577683836,0.9998429551679517,-0.08720383058193455,0.8700026899024466,0.9998479593710528,FALSE,FALSE,n.s.
Q7TSS2,Ube2q1,-0.09568076895967048,0.874148687750137,0.9998429551679517,0.03024968447177178,0.9571662927641574,0.9998479593710528,FALSE,FALSE,n.s.
P10853,H2bc7,-0.3931779906561619,0.8630839165921435,0.9998429551679517,0.0793442412903876,0.9687699088043016,0.9998479593710528,FALSE,FALSE,n.s.
O08547,Sec22b,0.07776574168390067,0.9198215717764446,0.9998429551679517,0.08955059826961784,0.9135451155571903,0.9998479593710528,FALSE,FALSE,n.s.
P80315,Cct4,-0.1258871004538734,0.8624907736191092,0.9998429551679517,-0.023586187217035263,0.9710461579711804,0.9998479593710528,FALSE,FALSE,n.s.
P10639,Txn,-0.03429931533910197,0.9801247004759465,0.9998429551679517,0.25604348559670187,0.8553669524479859,0.9998479593710528,FALSE,FALSE,n.s.
Q99JT2,Stk26,0.11966613408563218,0.8907502334348875,0.9998429551679517,-0.05675759157471094,0.9447445430474759,0.9998479593710528,FALSE,FALSE,n.s.
Q9CQ26,Stambp,-0.03156202335585207,0.955113681137149,0.9998429551679517,-0.07996913006352539,0.8805935372049459,0.9998479593710528,FALSE,FALSE,n.s.
Q3TMH2,Scrn3,-0.1045474297907301,0.8382309099948032,0.9998429551679517,-0.001322565171678887,0.9981075698125754,0.9998479593710528,FALSE,FALSE,n.s.
P62843,Rps15,0.03630055864632087,0.9766836409632031,0.9998429551679517,0.25662870413825306,0.8598140419571461,0.9998479593710528,FALSE,FALSE,n.s.
Q8R4N0,Clybl,-0.09442482407151277,0.8601569040137608,0.9998429551679517,-0.018242662432275788,0.9771466098949981,0.9998479593710528,FALSE,FALSE,n.s.
Q3UVK0,Ermp1,-0.0803282446284411,0.9225212228502397,0.9998429551679517,0.07900707209629154,0.915747331390872,0.9998479593710528,FALSE,FALSE,n.s.
Q61526,Erbb3,0.06185150236489076,0.9781879800653123,0.9998429551679517,-0.18206644582592502,0.86014559696811,0.9998479593710528,FALSE,FALSE,n.s.
Q6PD03,Ppp2r5a,-0.046817611303645076,0.9332986515074957,0.9998429551679517,0.06919903418859746,0.9063008531428931,0.9998479593710528,FALSE,FALSE,n.s.
A0A0R4J0S1,Cdc42ep1,-0.1491417672877398,0.8519923880951259,0.9998429551679517,0.01431625571699341,0.9876242073618984,0.9998479593710528,FALSE,FALSE,n.s.
E9Q0N0,Itsn1,0.051237904912288135,0.862704834443823,0.9998429551679517,0.006799700609745488,0.9788657387026098,0.9998479593710528,FALSE,FALSE,n.s.
Q9QUP5,Hapln1,8.36729015881889e-4,0.9989547172092466,0.9998429551679517,-0.14951490347909357,0.8429581900974723,0.9998479593710528,FALSE,FALSE,n.s.
Q9QXE7,Tbl1x,0.07490092343970958,0.8569486983289718,0.9998429551679517,0.006751491911735029,0.9868793808078533,0.9998479593710528,FALSE,FALSE,n.s.
Q8R3C6,Rbm19,-0.003966563843562344,0.9938948377872174,0.9998429551679517,-0.16956241886822018,0.8505454318381989,0.9998479593710528,FALSE,FALSE,n.s.
Q3TC72,Fahd2a,-0.11836078241034402,0.8975084516564433,0.9998429551679517,0.07527689844026113,0.9472964214838829,0.9998479593710528,FALSE,FALSE,n.s.
Q6ZWV3,Rpl10,0.08859693770098796,0.9281158713786397,0.9998429551679517,0.09579763100185068,0.9170090861513756,0.9998479593710528,FALSE,FALSE,n.s.
Q6ZQ18,Efr3b,-0.03616511064649984,0.933879537868509,0.9998429551679517,0.049577379794802076,0.9121388067823607,0.9998479593710528,FALSE,FALSE,n.s.
B1AVZ0,Uprt,0.060347096334528005,0.9612363339169604,0.9998429551679517,0.13364499087985762,0.8853055940202229,0.9998479593710528,FALSE,FALSE,n.s.
A0A0A6YWX1,Usp19,0.009153751121658378,0.9702236912952041,0.9998429551679517,0.050326826035107505,0.8764072138256995,0.9998479593710528,FALSE,FALSE,n.s.
Q60714,Slc27a1,0.02435976962544227,0.9759414467802614,0.9998429551679517,0.11177315691075064,0.8709528541948586,0.9998479593710528,FALSE,FALSE,n.s.
Q9D2Q3,Paat,0.07142679745038849,0.9322611660689653,0.9998429551679517,0.10866688511814727,0.9165049208352796,0.9998479593710528,FALSE,FALSE,n.s.
Q922E6,Fastkd2,0.055548571671570124,0.921990020673102,0.9998429551679517,0.04611024394178041,0.9278604451824555,0.9998479593710528,FALSE,FALSE,n.s.
Q99NH0,Ankrd17,-0.02178034886856457,0.9369294110778192,0.9998429551679517,0.03643378881069687,0.9131074623868771,0.9998479593710528,FALSE,FALSE,n.s.
P24549,Aldh1a1,-0.042511087617179366,0.9303457292749207,0.9998429551679517,-0.05744051128196393,0.9209061517323178,0.9998479593710528,FALSE,FALSE,n.s.
Q8QZV4,Stk32c,0.1382773081334083,0.8782772248863197,0.9998429551679517,-0.027415023114420428,0.9735161196055663,0.9998479593710528,FALSE,FALSE,n.s.
Q9CW79,Golga1,-0.012034977520285704,0.9630099616588578,0.9998429551679517,0.03683220067676886,0.889588675959047,0.9998479593710528,FALSE,FALSE,n.s.
P52875,Tmem165,0.058752180575118884,0.8725129788151593,0.9998429551679517,0.012404231430449249,0.9803935428837698,0.9998479593710528,FALSE,FALSE,n.s.
Q8C0M0,Wdr59,-0.04942754245204437,0.972071467143655,0.9998429551679517,0.15863742139206377,0.8808459628257346,0.9998479593710528,FALSE,FALSE,n.s.
Q61937,Npm1,-0.025935081729083435,0.9738059998115669,0.9998429551679517,-0.12556449360745417,0.8795337127903465,0.9998479593710528,FALSE,FALSE,n.s.
Q8C1Z7,Bbs4,-0.06776411878492003,0.8817613870712715,0.9998429551679517,0.0279122805226032,0.9724599043263462,0.9998479593710528,FALSE,FALSE,n.s.
P49117,Nr2c2,0.0028067463764979528,0.994215269118544,0.9998429551679517,-0.09201470224587083,0.8601589129902606,0.9998479593710528,FALSE,FALSE,n.s.
D3YUL8,Inpp4a,0.03536502374326318,0.9435920626584714,0.9998429551679517,0.05179855501238974,0.9127280610238786,0.9998479593710528,FALSE,FALSE,n.s.
Q9CYT6,Cap2,-0.025081822267078155,0.9674899723191264,0.9998429551679517,-0.08312451417876857,0.888898294206733,0.9998479593710528,FALSE,FALSE,n.s.
Q61016,Gng7,0.07915372011607058,0.9646807283387804,0.9998429551679517,-0.2223570479699433,0.8920137627092882,0.9998479593710528,FALSE,FALSE,n.s.
P97315,Csrp1,-0.11878662955356735,0.9072933373952391,0.9998429551679517,-0.05824105691277346,0.9506973686393445,0.9998479593710528,FALSE,FALSE,n.s.
Q80SW1,Ahcyl1,0.05791756995116155,0.9221798023875045,0.9998429551679517,-0.0419283348281954,0.9376796543005984,0.9998479593710528,FALSE,FALSE,n.s.
Q9WTX2,Prkra,0.05030847478258436,0.9398225106131464,0.9998429551679517,-0.07647336075657706,0.9203569887555005,0.9998479593710528,FALSE,FALSE,n.s.
A2APY7,Ndufaf5,0.13346344466916854,0.9059254879332916,0.9998429551679517,-0.0665231778640986,0.9547037468379106,0.9998479593710528,FALSE,FALSE,n.s.
Q9QXB9,Drg2,0.013226026968400004,0.9830530126899231,0.9998429551679517,0.07438049490306611,0.8811968014245221,0.9998479593710528,FALSE,FALSE,n.s.
O35621,Pmm1,0.04664600322308974,0.9438962657358282,0.9998429551679517,-0.06732183961198977,0.9204742368275445,0.9998479593710528,FALSE,FALSE,n.s.
P97823,Lypla1,0.06174045925600388,0.954494406542626,0.9998429551679517,-0.13196479253058566,0.9098896877288045,0.9998479593710528,FALSE,FALSE,n.s.
A0A286YCI8,Sorbs1,0.019508723251650904,0.9570530199710678,0.9998429551679517,-0.046419618990124735,0.9073610850836942,0.9998479593710528,FALSE,FALSE,n.s.
Q8K1Z0,Coq9,0.0013357225860861507,0.9989354381276867,0.9998429551679517,-0.15457729786563995,0.8663404422626408,0.9998479593710528,FALSE,FALSE,n.s.
P62746,Rhob,-0.079755481143727755,0.9551137986092989,0.9998429551679517,0.14180869962435871,0.912861306342332,0.9998479593710528,FALSE,FALSE,n.s.
Q8BHA3,Dtd2,0.07401139371188983,0.9633375177217514,0.9998429551679517,0.1976147175703117,0.9048745415690576,0.9998479593710528,FALSE,FALSE,n.s.
Q9DCT6,Bacc1,0.01799849028977736,0.9852992016496277,0.9998429551679517,-0.1325990336283177,0.8849117029499451,0.9998479593710528,FALSE,FALSE,n.s.
Q80TZ3,Dnajc6,0.014330818411703906,0.977237510365836,0.9998429551679517,-0.06355532816315396,0.8953758776345373,0.9998479593710528,FALSE,FALSE,n.s.
Q61334,Bcap29,0.05361821907869869,0.9351328472850959,0.9998429551679517,0.04904137777479923,0.9378482962208592,0.9998479593710528,FALSE,FALSE,n.s.
Q99JX3,Gorasp2,-0.04285090849717163,0.9553440877806221,0.9998429551679517,-0.09895113409843954,0.9183437669361951,0.9998479593710528,FALSE,FALSE,n.s.
Q9R190,Mta2,0.022145523510454682,0.9769033676682033,0.9998429551679517,0.12949333396430618,0.8969777618128141,0.9998479593710528,FALSE,FALSE,n.s.
Q5DQR4,Stxbp5l,-0.07031772538172071,0.8817742069674039,0.9998429551679517,-0.004099073117876731,0.9929084123732723,0.9998479593710528,FALSE,FALSE,n.s.
Q9DC51,Gnai3,-0.03351126588508913,0.9668943210493595,0.9998429551679517,0.07573867319817935,0.9092830674153771,0.9998479593710528,FALSE,FALSE,n.s.
Q3UUG6,Tbc1d24,-0.028084043161766544,0.9525387210275731,0.9998429551679517,-0.05402794894193634,0.923852075717175,0.9998479593710528,FALSE,FALSE,n.s.
Q9JHI5,Ivd,0.06499861669324748,0.9314174082880399,0.9998429551679517,-0.057615275734765554,0.9453079131916569,0.9998479593710528,FALSE,FALSE,n.s.
Q05860,Fmn1,0.04192558715589148,0.9302141906537578,0.9998429551679517,0.05163031133288616,0.9471002929833031,0.9998479593710528,FALSE,FALSE,n.s.
Q8BXN9,Tmem87a,-0.015142792985958537,0.9829170226411326,0.9998429551679517,0.08356031385428574,0.8954248276351002,0.9998479593710528,FALSE,FALSE,n.s.
Q80YV2,Zc3hc1,-0.08234281130965498,0.9188409478525343,0.9998429551679517,0.0429908007120778,0.9601082113964254,0.9998479593710528,FALSE,FALSE,n.s.
Q9D753,Exosc8,-0.04087071329575791,0.9561748625538935,0.9998429551679517,0.07661841902101772,0.9233364527244858,0.9998479593710528,FALSE,FALSE,n.s.
Q9CR26,Vta1,0.05636844072228846,0.9460661292036321,0.9998429551679517,0.07174715031487562,0.9336072950778989,0.9998479593710528,FALSE,FALSE,n.s.
P97470,Ppp4c,-0.03597030204959409,0.9641940685673421,0.9998429551679517,0.0870578759639901,0.9164088761514981,0.9998479593710528,FALSE,FALSE,n.s.
Q9EPJ9,Arfgap1,-0.008828476680513203,0.9939145610112445,0.9998429551679517,-0.10655428229976488,0.887647538857077,0.9998479593710528,FALSE,FALSE,n.s.
Q9CPY7,Lap3,0.022267340590290504,0.9689658656332949,0.9998429551679517,-0.062084714223631356,0.913121081971751,0.9998479593710528,FALSE,FALSE,n.s.
Q8K341,Atat1,0.08553266604908003,0.9144138907914154,0.9998429551679517,0.02625855394652915,0.9728363858316464,0.9998479593710528,FALSE,FALSE,n.s.
P26516,Psmd7,0.06582494625440885,0.945619628018733,0.9998429551679517,-0.058746791808338146,0.9434772345089875,0.9998479593710528,FALSE,FALSE,n.s.
Q80YN3,Bcas1,-0.0522224448483766,0.9328319850382099,0.9998429551679517,0.03677027002256689,0.9571613461477715,0.9998479593710528,FALSE,FALSE,n.s.
Q3UGF1,Wdr19,-0.03362047846459375,0.942676299102685,0.9998429551679517,-0.0231362729916738,0.9486971539619867,0.9998479593710528,FALSE,FALSE,n.s.
P19324,Serpinh1,0.003950328476372734,0.9938215438550595,0.9998429551679517,-0.07752436004028464,0.8975794557995554,0.9998479593710528,FALSE,FALSE,n.s.
Q6NZN0,Rbm26,-0.02355292784310305,0.9476717561012169,0.9998429551679517,0.020120055746374217,0.9446875249820221,0.9998479593710528,FALSE,FALSE,n.s.
Q91WG4,Elp2,0.024683506828537875,0.9618358174839334,0.9998429551679517,0.037594129537128214,0.9309443425316976,0.9998479593710528,FALSE,FALSE,n.s.
B1AY10,Nfx1,0.028862855412077285,0.9346263726061215,0.9998429551679517,-0.02265435010265115,0.9583781920117063,0.9998479593710528,FALSE,FALSE,n.s.
Q6ZPT1,Klhl9,0.004769318715328191,0.9926354447102773,0.9998429551679517,0.05954965023248607,0.9042650513003627,0.9998479593710528,FALSE,FALSE,n.s.
Q6PHQ8,Naa35,0.009886416248047012,0.9807562720797851,0.9998429551679517,-0.041928390616820944,0.9170382753348838,0.9998479593710528,FALSE,FALSE,n.s.
Q62465,Vat1,0.035590238652379036,0.9649197927084386,0.9998429551679517,0.07377344940657503,0.9329550919996319,0.9998479593710528,FALSE,FALSE,n.s.
P36552,Cpox,0.03823555335789601,0.9403692939752947,0.9998429551679517,-0.029723437376369944,0.9586139389417121,0.9998479593710528,FALSE,FALSE,n.s.
Q9CQI6,Cotl1,-0.050840039585718484,0.9659498075190773,0.9998429551679517,-0.1111908203494985,0.9332904602086447,0.9998479593710528,FALSE,FALSE,n.s.
A0A0R4J1S2,Prpf40b,-0.01214046669946502,0.9788973158318524,0.9998429551679517,-0.04384405747387076,0.9210176506697142,0.9998479593710528,FALSE,FALSE,n.s.
P07356,Anxa2,0.0129605412341893,0.9824388897316905,0.9998429551679517,0.0638458097768373,0.9194930759377183,0.9998479593710528,FALSE,FALSE,n.s.
Q9D125,Mrps25,-0.020761947421904122,0.9770009277390614,0.9998429551679517,-0.05168204293417426,0.9251524770362111,0.9998479593710528,FALSE,FALSE,n.s.
P42337,Pik3ca,-9.043250820699981e-4,0.9978323366295059,0.9998429551679517,0.036260628719214795,0.9052472760138712,0.9998479593710528,FALSE,FALSE,n.s.
Q9D7N9,Apmap,0.07117250640503824,0.9144798509820158,0.9998429551679517,0.00829362086712223,0.9898164514554446,0.9998479593710528,FALSE,FALSE,n.s.
Q8K0C8,Cox19,-0.012859650054648683,0.9816489069499659,0.9998429551679517,0.07042309169306969,0.9234519908088764,0.9998479593710528,FALSE,FALSE,n.s.
Q9R061,Nubp2,0.06180341193331908,0.9393470127208855,0.9998429551679517,-0.03217698731141546,0.9660471223768197,0.9998479593710528,FALSE,FALSE,n.s.
P83882,Rpl36a,-0.12011235010235678,0.9302751798090929,0.9998429551679517,-0.035389455231271856,0.9757684529595346,0.9998479593710528,FALSE,FALSE,n.s.
Q505B7,Zbtb8os,0.10407575672556539,0.9174396898244837,0.9998429551679517,-0.008045483452091601,0.9914405182397403,0.9998479593710528,FALSE,FALSE,n.s.
O08663,Metap2,-0.02915189180276652,0.9651413210742925,0.9998429551679517,0.04812306490810526,0.9444516572894566,0.9998479593710528,FALSE,FALSE,n.s.
P99026,Psmb4,0.04345276007080357,0.9782681805243617,0.9998429551679517,0.16669264491875113,0.9323373147688919,0.9998479593710528,FALSE,FALSE,n.s.
Q8BYC6,Taok3,0.021209200094401238,0.9723699584709149,0.9998429551679517,0.04237351962832356,0.9393165128948446,0.9998479593710528,FALSE,FALSE,n.s.
Q8CEI1,Bola3,0.04189021486897712,0.9700378638421033,0.9998429551679517,0.09675603507508425,0.9425793247093524,0.9998479593710528,FALSE,FALSE,n.s.
Q8CHE4,Phlpp1,-0.04425037146173357,0.9167374096560459,0.9998429551679517,-0.0017214596576097725,0.9966878834218524,0.9998479593710528,FALSE,FALSE,n.s.
Q8R4C2,Rufy2,-0.007429047677043781,0.9890857648315422,0.9998429551679517,0.03875560641068841,0.9255231262038752,0.9998479593710528,FALSE,FALSE,n.s.
Q811S7,Ubp1,-0.022785108939007776,0.9608548476397765,0.9998429551679517,-0.023442743497959884,0.9538938463010098,0.9998479593710528,FALSE,FALSE,n.s.
Q920Q8,Ivns1abp,0.04503053720362883,0.947498881929965,0.9998429551679517,-0.03214739509984195,0.9679392359710663,0.9998479593710528,FALSE,FALSE,n.s.
Q8QZS1,Hibch,-0.06840447373337072,0.9270407532611503,0.9998429551679517,-0.007920571824996973,0.9907762146695144,0.9998479593710528,FALSE,FALSE,n.s.
P47856,Gfpt1,0.02184090665468275,0.9557567212499078,0.9998429551679517,0.01661793748545972,0.963846771518458,0.9998479593710528,FALSE,FALSE,n.s.
Q9DCM2,Gstk1,-0.025125103822803502,0.9671646076793932,0.9998429551679517,-0.0400409955462894,0.9526406936401539,0.9998479593710528,FALSE,FALSE,n.s.
Q9D6J6,Ndufv2,0.07101127295668894,0.940223362925988,0.9998429551679517,0.02506617520496745,0.9804185741744813,0.9998479593710528,FALSE,FALSE,n.s.
Q0VGU4,Vgf,0.03396160037831294,0.9688324340459086,0.9998429551679517,-0.05975370162948253,0.9535396853358669,0.9998479593710528,FALSE,FALSE,n.s.
Q6IRU2,Tpm4,-0.004348888082575676,0.9943835956132934,0.9998429551679517,-0.04928036986024838,0.9288968885590787,0.9998479593710528,FALSE,FALSE,n.s.
P14873,Map1b,0.004273856138838765,0.988362802139627,0.9998429551679517,-0.022518583189321408,0.9351071505477666,0.9998479593710528,FALSE,FALSE,n.s.
E9Q6U4,Pfdn4,-0.06478152891376208,0.9419483541768414,0.9998429551679517,-0.020378895905214408,0.9835522828093761,0.9998479593710528,FALSE,FALSE,n.s.
Q8CC88,Vwa8,3.853131177163584e-4,0.9986184570184686,0.9998429551679517,0.02229827394881869,0.9294506143495607,0.9998479593710528,FALSE,FALSE,n.s.
Q9Z1J3,Nfs1,0.0375830346974034,0.9490913709254782,0.9998429551679517,-0.01676740290854559,0.9794684602230483,0.9998479593710528,FALSE,FALSE,n.s.
Q61081,Cdc37,0.0389336736958494,0.9460504470104597,0.9998429551679517,0.013356859553956312,0.9827074088702621,0.9998479593710528,FALSE,FALSE,n.s.
Q8BGN3,Enpp6,-0.040545679060857376,0.9697977701627296,0.9998429551679517,-0.06439928814601335,0.9605965616898198,0.9998479593710528,FALSE,FALSE,n.s.
Q9DB41,Slc25a18,0.04429892868859969,0.945815299148586,0.9998429551679517,-0.01100647335169798,0.9897394884137496,0.9998479593710528,FALSE,FALSE,n.s.
P62965,Crabp1,0.04513950452993575,0.9451790629186183,0.9998429551679517,0.007608672369871015,0.9913910876201018,0.9998479593710528,FALSE,FALSE,n.s.
Q8CFI5,Pars2,0.02517572329878303,0.9566698777684499,0.9998429551679517,-0.010156386648944657,0.9830575549233329,0.9998479593710528,FALSE,FALSE,n.s.
Q9JKK7,Tmod2,-0.04241039514031695,0.9520420309343829,0.9998429551679517,-0.008562753343173333,0.9901691819092462,0.9998479593710528,FALSE,FALSE,n.s.
P05480,Src,-0.023286389130071406,0.9764957520455122,0.9998429551679517,-0.028867438528544537,0.9660122849664017,0.9998479593710528,FALSE,FALSE,n.s.
Q6NV83,U2surp,-0.022410574223345834,0.9618953191808696,0.9998429551679517,0.008590312548109491,0.9820452443578509,0.9998479593710528,FALSE,FALSE,n.s.
Q9CZG3,Commd8,-0.0034526820943326895,0.9968102385970188,0.9998429551679517,-0.056715809670423244,0.9488578065778541,0.9998479593710528,FALSE,FALSE,n.s.
Q8C033,Arhgef10,0.006870067088328662,0.990813525621745,0.9998429551679517,0.024340461646387025,0.9554750282947118,0.9998479593710528,FALSE,FALSE,n.s.
Q8CFI2,Cdc34,0.008053032246290419,0.992205979324482,0.9998429551679517,-0.04383148760069065,0.9554251348911701,0.9998479593710528,FALSE,FALSE,n.s.
A0A1L1SSS4,Ncoa7,-0.00831276447227282,0.976581847620235,0.9998429551679517,0.00937846295415057,0.9773564285800351,0.9998479593710528,FALSE,FALSE,n.s.
Q9JHW2,Nit2,-0.016585406443337117,0.9691137081817581,0.9998429551679517,-0.009514368909643856,0.9849854873507446,0.9998479593710528,FALSE,FALSE,n.s.
Q9CZ13,Uqcrc1,-0.010479904098382524,0.991006676247949,0.9998429551679517,0.05151871443932957,0.9643521731916634,0.9998479593710528,FALSE,FALSE,n.s.
Q3UVL4,Vps51,0.009662929553055356,0.9891806003355453,0.9998429551679517,0.027749943387764563,0.9723934118259192,0.9998479593710528,FALSE,FALSE,n.s.
Q9D6M3,Slc25a22,-0.03939508737852932,0.9681246027803776,0.9998429551679517,-9.354903215633762e-4,0.9993549507024706,0.9998479593710528,FALSE,FALSE,n.s.
A0A067XG53,Cask,0.6167446979456729,0.6571972825697144,0.9998429551679517,-0.16560949179987594,NA,NA,FALSE,FALSE,n.s.
A0A087WNL7,Srcap,0.29818530999960086,0.28468153414138225,0.9998429551679517,-0.260422037265136,NA,NA,FALSE,FALSE,n.s.
A0A087WPR7,Dst,-0.6236158537365551,NA,NA,-1.2628812894373562,0.2620438884715513,0.9998479593710528,FALSE,FALSE,n.s.
A0A087WQ65,Ly6e,-1.5706421795843568,NA,NA,1.7483041472506817,NA,NA,NA,FALSE,n.s.
A0A087WQF0,Plppr2,-0.6568774585730572,0.30878382771182,0.9998429551679517,0.25160396417370284,NA,NA,FALSE,FALSE,n.s.
A0A0A6YW34,Pcdh7,0.22665297454054206,NA,NA,-0.40101043426520555,NA,NA,NA,FALSE,n.s.
A0A0A6YWT1,Fnbp1,1.6140209760360458,NA,NA,-0.7008557503398479,NA,NA,NA,FALSE,n.s.
A0A0A6YWY8,Pcdh9,-0.4534963508642304,NA,NA,0.15609985030544055,NA,NA,NA,FALSE,n.s.
A0A0A6YY72,Impdh2,-0.2050481432021846,NA,NA,0.13118303434041853,NA,NA,NA,FALSE,n.s.
A0A0G2JDV3,Gbp6,-0.19360129670741916,NA,NA,0.34583880775933706,NA,NA,NA,FALSE,n.s.
A0A0G2JE00,Magi2,-0.06012160007127371,NA,NA,-0.17644655829213643,0.615375848552961,0.9998479593710528,FALSE,FALSE,n.s.
A0A0G2JFF1,Ppp1cc,0.15551223672176126,NA,NA,-0.7857688822741145,NA,NA,NA,FALSE,n.s.
A0A0G2JFQ2,Kcnq2,0.1749106916675931,0.7845741592932971,0.9998429551679517,0.5478202525672222,NA,NA,FALSE,FALSE,n.s.
A0A0G2JG85,Ap1ar,0.49694839174988076,NA,NA,-0.6052309303106959,NA,NA,NA,FALSE,n.s.
A0A0G2JGC8,Rap1gds1,-0.9995405119539661,NA,NA,2.008640600342503,NA,NA,NA,FALSE,n.s.
A0A0J9YTR2,Ncbp2as2,-0.47547023205328004,NA,NA,0.26440462394265796,NA,NA,NA,FALSE,n.s.
A0A0J9YUM2,Syngap1,2.4213219616891672,NA,NA,-0.6460688106371856,NA,NA,NA,FALSE,n.s.
A0A0J9YUQ8,Gsn,-1.6772227390026349,NA,NA,-0.523504344292939,0.4432624144486256,0.9998479593710528,FALSE,FALSE,n.s.
A0A0M3HEP7,Atp8a1,-0.16498089585820636,NA,NA,1.3784208588783837,NA,NA,NA,FALSE,n.s.
A0A0N4SUM4,Chl1,0.5311758722329363,NA,NA,-0.24911471167119076,NA,NA,NA,FALSE,n.s.
A0A0R4J102,Cpeb3,0.7053025168298864,0.4074048913005154,0.9998429551679517,1.202234568735874,NA,NA,FALSE,FALSE,n.s.
A0A0R4J206,Mocs2,0.7874668452568915,NA,NA,-0.16470335545033574,0.9114208417167686,0.9998479593710528,FALSE,FALSE,n.s.
A0A0R5RP28,Scn2a,0.04697201329800245,NA,NA,-0.5205268353020526,NA,NA,NA,FALSE,n.s.
A0A0S3CWK3,Sorbs2,-1.1048781419826896,0.28252973983744495,0.9998429551679517,-2.0609637905537386,NA,NA,FALSE,FALSE,n.s.
A0A0U1RPB2,Tjp1,0.06432047637848883,NA,NA,-0.3566054611143692,NA,NA,NA,FALSE,n.s.
A0A140LIP1,Aurkc,0.5716457590274809,NA,NA,-1.0963837841147697,NA,NA,NA,FALSE,n.s.
A0A1B0GQZ3,Stim1,0.463269597982688,NA,NA,-0.3999602605609151,NA,NA,NA,FALSE,n.s.
A0A1D5RMM1,Dock9,-1.2199317380798964,NA,NA,0.33084086635119786,0.10640119053556053,0.9998479593710528,FALSE,FALSE,n.s.
A0A1L1SSV8,Taok2,0.0995491590991037,0.9122423160537807,0.9998429551679517,-0.689516258955537,NA,NA,FALSE,FALSE,n.s.
A0A1L1SUN4,Map7,-0.5187051454014385,NA,NA,1.3652924016548027,NA,NA,NA,FALSE,n.s.
A0A1L1SUR7,Picalm,-0.23928419026350423,NA,NA,2.3363463555952153,NA,NA,NA,FALSE,n.s.
A0A1W2P6Z1,Nrcam,-0.6952278343917835,NA,NA,0.21988194320722862,NA,NA,NA,FALSE,n.s.
A0A1W2P7G5,Coq10a,-0.15409257971547222,NA,NA,1.8705716796123766,NA,NA,NA,FALSE,n.s.
A0A1Y7VME9,Kidins220,-0.1174188676068474,NA,NA,0.37285804591144434,0.2310081446484183,0.9998479593710528,FALSE,FALSE,n.s.
A0A1Y7VNZ6,Mark3,0.08819948013986881,0.8614616697792457,0.9998429551679517,-0.6882461563447254,NA,NA,FALSE,FALSE,n.s.
A0A286YCT6,Epb41l3,3.312594070233075,NA,NA,-0.10822322963350113,NA,NA,NA,FALSE,n.s.
A0A286YDU2,Atxn2,-1.54039479037797,NA,NA,-0.33113751222298465,0.5069091367750079,0.9998479593710528,FALSE,FALSE,n.s.
A0A286YE00,Cadps,0.41399610244128937,NA,NA,-0.18834973104816513,NA,NA,NA,FALSE,n.s.
A0A2I3BRW0,Spcs1,-1.186612280514004,0.22873287878224996,0.9998429551679517,-0.5361585672585202,NA,NA,FALSE,FALSE,n.s.
A0A2R8VK70,Cd47,0.5352831492611042,0.7074985642351725,0.9998429551679517,0.014774851489025218,NA,NA,FALSE,FALSE,n.s.
A0A2R8VKM5,Kif21a,-0.4577380477536127,NA,NA,0.32825387530953726,NA,NA,NA,FALSE,n.s.
A0A338P6K2,Myh11,0.27244351074517614,0.24299233139556542,0.9998429551679517,2.8073043581264328,NA,NA,FALSE,FALSE,n.s.
A0A3B2WBC6,Polr2m,0.06143638890026297,NA,NA,-1.9589206391091818,NA,NA,NA,FALSE,n.s.
A0A3B2WCD2,Lmtk3,-0.432380032397218,NA,NA,0.087215089322277,NA,NA,NA,FALSE,n.s.
A0A3Q4EGJ3,Ankrd29,-1.428779753318014,NA,NA,0.20255965384923622,NA,NA,NA,FALSE,n.s.
A0A4Y5WWJ7,Myo18a,-0.06261070618081938,NA,NA,0.1694798232880566,NA,NA,NA,FALSE,n.s.
A0A571BE55,Slc4a4,-0.7369696811152086,NA,NA,0.6621848578663436,NA,NA,NA,FALSE,n.s.
A0A571BF63,Ankfn1,-0.574137948917691,NA,NA,0.6758734258295801,0.4227778588465668,0.9998479593710528,FALSE,FALSE,n.s.
A0A571BF78,Wasf3,-0.627394966021773,NA,NA,0.13979724881248662,NA,NA,NA,FALSE,n.s.
A0A571BGH0,Kcnab2,-1.2991608148472706,0.21205156873895994,0.9998429551679517,-0.4223840339867598,NA,NA,FALSE,FALSE,n.s.
A0A5F8MPJ2,Sorbs1,1.128398528835564,NA,NA,-0.22591970754593219,NA,NA,NA,FALSE,n.s.
A0A5F8MQ53,Lpin1,0.6414124523333951,NA,NA,-0.2785403999483149,0.5817662795345565,0.9998479593710528,FALSE,FALSE,n.s.
A0A668KL65,Sorbs1,-0.54894675696971,0.650332213117025,0.9998429551679517,0.7350822276736985,NA,NA,FALSE,FALSE,n.s.
A0A7P0A156,Nadk2,-0.23582781059307306,NA,NA,0.3453586203781618,NA,NA,NA,FALSE,n.s.
A0A8J2MJB3,HICCMSTLAB_LOCUS4403,-0.29429047644539796,NA,NA,1.9405171814548658,NA,NA,NA,FALSE,n.s.
A0AA74KSS6,Kat7,0.26050067515478637,NA,NA,0.07140676000704671,0.9464148535443252,0.9998479593710528,FALSE,FALSE,n.s.
A0JNY7,Eif4g2,0.24429127691100888,0.6231908994987929,0.9998429551679517,1.4859231487993585,NA,NA,FALSE,FALSE,n.s.
A0PJN6,2310061I04Rik,-0.40443132921414,NA,NA,0.40211391355425924,0.6155241533492332,0.9998479593710528,FALSE,FALSE,n.s.
A1BN54,Actn1,0.3586790024341944,0.4745377210947558,0.9998429551679517,-0.018921342198900622,NA,NA,FALSE,FALSE,n.s.
A1L3S9,Phactr2,0.01692610816548414,NA,NA,1.0260611632909122,0.1410629312789812,0.9998479593710528,FALSE,FALSE,n.s.
A2A4P0,Dhx8,-0.6838381131976504,0.3690059610590272,0.9998429551679517,-0.38867709902142533,NA,NA,FALSE,FALSE,n.s.
A2A699,Fam171a2,0.2713051856271268,0.6861366307848485,0.9998429551679517,0.2705269296572958,NA,NA,FALSE,FALSE,n.s.
A2A6A1,Gpatch8,-0.28103754856907687,0.5964147246600479,0.9998429551679517,-1.6608757276341697,NA,NA,FALSE,FALSE,n.s.
A2A8U2,Tmem201,-0.12290328817394053,0.8807627897450092,0.9998429551679517,0.29649862858727905,NA,NA,FALSE,FALSE,n.s.
A2A8W8,Mknk1,-0.4205825406237654,0.09563982897171623,0.9998429551679517,0.8517961442931599,NA,NA,FALSE,FALSE,n.s.
A2AB59,Arhgap27,0.324254350196811,NA,NA,0.29292769743433306,0.7710197347206098,0.9998479593710528,FALSE,FALSE,n.s.
A2ACQ1,Dhx35,1.1400376629217936,NA,NA,0.5173022071729403,0.2096777289583685,0.9998479593710528,FALSE,FALSE,n.s.
A2ADA5,Pusl1,-0.289618508187794,NA,NA,0.5019267095886003,NA,NA,NA,FALSE,n.s.
A2AGL3,Ryr3,-0.14586159277090624,0.689347607995728,0.9998429551679517,-0.3572018114839117,NA,NA,FALSE,FALSE,n.s.
A2AHL1,Ano3,-0.5633742579181287,0.2824936276880632,0.9998429551679517,-0.032461171837902945,NA,NA,FALSE,FALSE,n.s.
A2AI05,Ndor1,0.22080517012847378,NA,NA,-1.1536486135276645,NA,NA,NA,FALSE,n.s.
A2AI08,Tprn,1.2323782009633248,NA,NA,-2.9397125735730225,NA,NA,NA,FALSE,n.s.
A2AIR5,Grin3a,-0.03514375516119302,NA,NA,-0.2250062435035495,0.5935981327693716,0.9998479593710528,FALSE,FALSE,n.s.
A2AIV2,Virma,1.183863442393205,0.07642199551996147,0.9998429551679517,-0.3710876523010572,NA,NA,FALSE,FALSE,n.s.
A2AJW5,Fam217b,-0.44693553050332824,0.7256282340310748,0.9998429551679517,0.7847210041032616,NA,NA,FALSE,FALSE,n.s.
A2AKB9,Dcaf10,0.4952150957826323,NA,NA,-0.3059649859088707,NA,NA,NA,FALSE,n.s.
A2AL79,Asph,-1.8681404485001227,NA,NA,0.37902633314355766,NA,NA,NA,FALSE,n.s.
A2ALI5,Ajap1,-0.5068293874695258,NA,NA,0.9819621761337002,NA,NA,NA,FALSE,n.s.
A2ALS7,Rap1gap,-0.25295010440204224,0.8445067147063948,0.9998429551679517,-0.02563363575396708,NA,NA,FALSE,FALSE,n.s.
A2ANP1,Fam219a,-0.27476289497709433,NA,NA,1.0927553445180427,NA,NA,NA,FALSE,n.s.
A2ANU3,Syndig1,0.6098241294235387,NA,NA,-0.04798380780136021,NA,NA,NA,FALSE,n.s.
A2APV2,Fmnl2,-0.3475551300031872,NA,NA,-0.1818832452597943,0.6596519767718766,0.9998479593710528,FALSE,FALSE,n.s.
A2AUM9,Cep152,-0.282014801645641,0.7566044862402432,0.9998429551679517,-1.4128282919206478,NA,NA,FALSE,FALSE,n.s.
A2AWI9,Sh3glb2,-0.07065623675496795,NA,NA,0.8694981990748711,NA,NA,NA,FALSE,n.s.
A2AWR3,Gpr155,-1.6313599454558263,NA,NA,0.22406580250700878,NA,NA,NA,FALSE,n.s.
A2BE28,Las1l,-0.7889424508328955,0.1636619181219427,0.9998429551679517,-0.483189689344383,NA,NA,FALSE,FALSE,n.s.
A2BI12,Psip1,-1.0929430870709482,NA,NA,-0.5350674500819264,0.41330004882379945,0.9998479593710528,FALSE,FALSE,n.s.
A2CG63,Arid4b,-0.9114950749078092,0.17193321987675933,0.9998429551679517,1.179622438997877,NA,NA,FALSE,FALSE,n.s.
A3KFX0,Nt5c1a,-0.30358983537410344,NA,NA,-0.02837678620619635,0.9678555265692177,0.9998479593710528,FALSE,FALSE,n.s.
A3KGR9,H13,0.13561257311613026,NA,NA,0.16547358281893765,0.8608875204549555,0.9998479593710528,FALSE,FALSE,n.s.
A6H603,Nwd1,-0.5824819997984158,0.06523993384479779,0.9998429551679517,0.5336961710085141,NA,NA,FALSE,FALSE,n.s.
A6H6S0,Herc3,0.10772814239298842,0.9064305418624743,0.9998429551679517,0.4822208852493141,NA,NA,FALSE,FALSE,n.s.
A6H8H5,Kcnb2,-0.6837188627586152,0.14055561525968205,0.9998429551679517,-0.004324808878429118,NA,NA,FALSE,FALSE,n.s.
A6X8Z5,Arhgap31,-0.05164326075235928,NA,NA,0.04121827990512172,0.927234825213563,0.9998479593710528,FALSE,FALSE,n.s.
A6ZI46,Aldoart1,-1.51402251170968,NA,NA,0.8450206445606389,NA,NA,NA,FALSE,n.s.
A8C756,Thada,-2.1067871901854547,NA,NA,-0.7047267182055919,0.23115329679279029,0.9998479593710528,FALSE,FALSE,n.s.
A9Z1V5,Vwa5b1,0.026407523180751225,NA,NA,0.22724593934726925,0.5251426888797364,0.9998479593710528,FALSE,FALSE,n.s.
B0QZL1,Eno1,0.13462846978197257,NA,NA,-0.5012251373665894,NA,NA,NA,FALSE,n.s.
B1APX2,5031439G07Rik,-0.05489798151565487,NA,NA,-0.39145339847175026,0.7258979442598243,0.9998479593710528,FALSE,FALSE,n.s.
B1ASU0,Il1rapl1,-0.16027971691765072,0.6686688664350547,0.9998429551679517,1.515193126511483,NA,NA,FALSE,FALSE,n.s.
B1AUE5,Pex10,-0.03445395596137642,NA,NA,0.1741383333330588,NA,NA,NA,FALSE,n.s.
B1AWC9,Pde4b,-0.5835050658312393,NA,NA,1.0713723692383144,NA,NA,NA,FALSE,n.s.
B1AXZ4,Elavl2,1.0936797264104356,NA,NA,0.6569749156266772,0.632938031090468,0.9998479593710528,FALSE,FALSE,n.s.
B1AZQ9,Klhl4,0.3479609394524504,NA,NA,0.041810605310560814,0.9286350647654759,0.9998479593710528,FALSE,FALSE,n.s.
B2RQC7,Dip2b,-0.14194349704935438,NA,NA,1.2257022919112242,NA,NA,NA,FALSE,n.s.
B2RQS1,Strn3,-0.18207835340009138,NA,NA,0.04608045468367477,NA,NA,NA,FALSE,n.s.
B2RXA1,Plcxd2,-0.447794211863123,NA,NA,-0.677121749015092,0.5854279979302732,0.9998479593710528,FALSE,FALSE,n.s.
B2RXC6,Polr3a,1.0051751253827987,NA,NA,-0.06184494421328656,0.9318026450721109,0.9998479593710528,FALSE,FALSE,n.s.
B2Z893,Pfkfb2,0.31424185529085064,NA,NA,-0.7971388109754831,NA,NA,NA,FALSE,n.s.
B5TVM2,Ildr2,-0.17551665778046463,0.7236600774207613,0.9998429551679517,1.2233980060229281,NA,NA,FALSE,FALSE,n.s.
B6ZHC5,Epb41l2,-1.7594732294381557,NA,NA,0.14163262431277632,0.7812106958451481,0.9998479593710528,FALSE,FALSE,n.s.
B7ZBW2,Kcnq2,-1.0489741239133432,NA,NA,-0.5404889770780331,0.2921541470050019,0.9998479593710528,FALSE,FALSE,n.s.
B7ZMY4,Adap1,-1.13269110345255,NA,NA,1.5671589530585441,NA,NA,NA,FALSE,n.s.
B8JKV0,Amn1,-0.18084921385456693,NA,NA,0.45884386116476467,NA,NA,NA,FALSE,n.s.
B8X349,Spag9,-0.192389448711936,0.5629979070712321,0.9998429551679517,-1.0503390598296827,NA,NA,FALSE,FALSE,n.s.
B8ZXI1,Qtrt2,-0.2645118338777735,NA,NA,-0.36010770937482123,0.44353147565646994,0.9998479593710528,FALSE,FALSE,n.s.
B9EHV2,Spata13,0.9967811019656285,NA,NA,-4.766090374716255,NA,NA,NA,FALSE,n.s.
B9EHZ5,Pals2,1.6099244951266771,NA,NA,-1.0417248173296796,NA,NA,NA,FALSE,n.s.
B9EJ23,Cask,-0.1702935498432972,NA,NA,0.20401087801496687,NA,NA,NA,FALSE,n.s.
C0HKG5,Rnaset2a,-1.1491913156981182,0.10346244040371494,0.9998429551679517,1.4710448204399087,NA,NA,FALSE,FALSE,n.s.
C9K0Y5,Gria3,0.22541853769088271,0.8749185471909651,0.9998429551679517,-0.039852017225444014,NA,NA,FALSE,FALSE,n.s.
D3YUJ3,Ccnyl1,0.11493371899632683,0.8671265068796216,0.9998429551679517,0.4775880929387249,NA,NA,FALSE,FALSE,n.s.
D3YUV1,Nrbp1,0.202037833090625,NA,NA,-0.9735156222798471,NA,NA,NA,FALSE,n.s.
D3YYH0,Pex5l,-1.3263812305540208,NA,NA,-0.2652312942958657,0.5976384384519503,0.9998479593710528,FALSE,FALSE,n.s.
D3YZG8,Mthfd2l,1.7124862680136097,NA,NA,-0.4650984777530542,0.6929227903194142,0.9998479593710528,FALSE,FALSE,n.s.
D3YZU1,Shank1,-0.12052832981947718,0.9268791816194367,0.9998429551679517,-0.1337851465266399,NA,NA,FALSE,FALSE,n.s.
D3Z286,Tmppe,-0.24453902720246595,NA,NA,0.05804148606885504,NA,NA,NA,FALSE,n.s.
D3Z2W0,Tnip1,0.11947518954062006,0.5305579120809273,0.9998429551679517,0.26018456954492025,NA,NA,FALSE,FALSE,n.s.
D3Z3J6,Paip1,0.37875294432121104,NA,NA,-0.07585997493306953,NA,NA,NA,FALSE,n.s.
D3Z4J9,Eml1,-0.6669503594043118,NA,NA,0.12522978275238383,0.8305521420337437,0.9998479593710528,FALSE,FALSE,n.s.
E0CXB9,Ctnna2,1.9364747599303054,NA,NA,-1.838198547823338,NA,NA,NA,FALSE,n.s.
E0CXT7,Cpsf4,-0.13150585337493417,NA,NA,0.2252993399445266,0.48559278059131206,0.9998479593710528,FALSE,FALSE,n.s.
E1U8D0,Mtcl2,2.0968033676569773,0.2623484711455654,0.9998429551679517,-1.1418562232282028,NA,NA,FALSE,FALSE,n.s.
E9PUA3,Iqsec1,-0.38001077703511427,NA,NA,0.6758664086349482,NA,NA,NA,FALSE,n.s.
E9PUC5,Psd3,0.9985136055704511,0.4405552375546441,0.9998429551679517,-1.0235916819177309,NA,NA,FALSE,FALSE,n.s.
E9PUH7,Nfix,-0.03810283732501617,0.92842061011741706,0.9998429551679517,-0.15897052949760926,NA,NA,FALSE,FALSE,n.s.
E9PUR0,Ankhd1,1.8311542097645335,0.16872147147914035,0.9998429551679517,1.6913903443771434,NA,NA,FALSE,FALSE,n.s.
E9PV86,Mctp1,0.22886905243699182,0.7186332991329376,0.9998429551679517,0.5236155510431006,NA,NA,FALSE,FALSE,n.s.
E9PVB5,Ttc17,-2.5803573344175668,NA,NA,1.0381440698662716,NA,NA,NA,FALSE,n.s.
E9PW06,Nfasc,0.8159524935727588,NA,NA,0.13721555917257244,0.8059068164483607,0.9998479593710528,FALSE,FALSE,n.s.
E9PWC4,Slc6a9,-0.15724288443416484,NA,NA,1.649660245369398,NA,NA,NA,FALSE,n.s.
E9PWR7,Evi5,0.6594469266537085,NA,NA,-0.8792889220744283,NA,NA,NA,FALSE,n.s.
E9PWX1,Dpp6,0.061188694669957036,NA,NA,-0.5457265254481475,NA,NA,NA,FALSE,n.s.
E9PX52,Asap2,0.17570295219946222,0.6605076324455066,0.9998429551679517,-0.2049532913712515,NA,NA,FALSE,FALSE,n.s.
E9PY28,Btbd2,-0.2068149731018957,NA,NA,0.6684204638825257,NA,NA,NA,FALSE,n.s.
E9PY46,Ift140,0.8066980206126664,NA,NA,0.5730509615178265,0.335251493141241,0.9998479593710528,FALSE,FALSE,n.s.
E9PYH6,Setd1a,-0.6489541756513,0.584241728554698,0.9998429551679517,-0.5081296642785162,NA,NA,FALSE,FALSE,n.s.
E9PYK8,Arhgef4,-1.1725155046204976,NA,NA,-1.0975983489192607,0.3230186831232343,0.9998479593710528,FALSE,FALSE,n.s.
E9PYL2,Prr12,-2.4612068228266506,NA,NA,0.707275557073602,NA,NA,NA,FALSE,n.s.
E9PYP2,Nbeal1,0.26967345496609096,NA,NA,0.07392413181694782,0.8648924407398689,0.9998479593710528,FALSE,FALSE,n.s.
E9Q0P8,Araf,-1.3489215258529368,NA,NA,0.46431736959316866,NA,NA,NA,FALSE,n.s.
E9Q0W6,Ablim2,-0.4313110626511697,NA,NA,0.9064734428160888,NA,NA,NA,FALSE,n.s.
E9Q238,Kank1,1.0270654903000505,NA,NA,-0.7872522754061766,0.2660001431368705,0.9998479593710528,FALSE,FALSE,n.s.
E9Q3C1,C2cd2,0.4002966015217335,NA,NA,0.03537437620613686,0.9638144583666051,0.9998479593710528,FALSE,FALSE,n.s.
E9Q453,Tpm1,-3.3635606472432995,NA,NA,-1.632936245042495,0.13747907770758178,0.9998479593710528,FALSE,FALSE,n.s.
E9Q555,Rnf213,0.3865430147125971,NA,NA,-0.5586251877917716,0.3792804801274975,0.9998479593710528,FALSE,FALSE,n.s.
E9Q557,Dsp,-1.8243970198242732,0.25906834047302746,0.9998429551679517,-1.4971611171552723,NA,NA,FALSE,FALSE,n.s.
E9Q5C9,Nolc1,0.5820166708824295,0.551402252904277,0.9998429551679517,-2.2803833223683645,NA,NA,FALSE,FALSE,n.s.
E9Q5M4,Zfr2,0.12522554618247883,0.8325067682016519,0.9998429551679517,0.5693769882554707,NA,NA,FALSE,FALSE,n.s.
E9Q8K8,Zc3h4,0.276194791273627,0.6747939901609974,0.9998429551679517,-0.1498950665876369,NA,NA,FALSE,FALSE,n.s.
E9QB01,Ncam1,-0.022332528654141644,NA,NA,1.276465234739743,NA,NA,NA,FALSE,n.s.
E9QN38,Shisa9,0.37684772584164283,NA,NA,-0.8156290132771556,NA,NA,NA,FALSE,n.s.
E9QN47,Madd,-1.2613270098498481,NA,NA,1.5578354988070844,NA,NA,NA,FALSE,n.s.
F6RC04,Slc25a25,-1.6080907299570255,NA,NA,1.1394802802321338,NA,NA,NA,FALSE,n.s.
F6RT95,Slc24a2,-1.53381474848054,NA,NA,0.6945566568327686,NA,NA,NA,FALSE,n.s.
F6RWZ9,Camk2d,0.6505659444032368,NA,NA,-0.46667240107669855,NA,NA,NA,FALSE,n.s.
F6SHS0,Macf1,0.5478323243982984,NA,NA,-0.6621308453055716,NA,NA,NA,FALSE,n.s.
F6UKN5,Septin2,-1.1810703568239658,NA,NA,2.771046323689354,NA,NA,NA,FALSE,n.s.
F6V035,Ccdc149,-0.07374476680335355,NA,NA,0.09057711564760235,NA,NA,NA,FALSE,n.s.
F6VQZ6,Shisa6,0.0032942744593276695,0.9962733378832411,0.9998429551679517,0.21712191606116923,NA,NA,FALSE,FALSE,n.s.
F6Z1R4,Cltc,-0.49060268165923837,NA,NA,1.3121659318218506,NA,NA,NA,FALSE,n.s.
F6ZQL0,Mtdh,-0.174797638670805,NA,NA,0.08672108259589874,NA,NA,NA,FALSE,n.s.
F7BWT7,Tspan15,-1.0360187922418813,NA,NA,0.14419632908194943,0.8801191237384385,0.9998479593710528,FALSE,FALSE,n.s.
F7CYX4,Ppfia2,-0.03970873425304852,NA,NA,0.04520581539193587,NA,NA,NA,FALSE,n.s.
F8VQB6,Myo10,0.20792947673083326,NA,NA,-0.701047068759507,NA,NA,NA,FALSE,n.s.
F8WGR0,Add1,-1.4067801406912797,NA,NA,-0.5870655480087565,0.3500582921940981,0.9998479593710528,FALSE,FALSE,n.s.
F8WIS9,Camk2a,0.9965451503826642,NA,NA,0.9097739099644794,0.1595628895367344,0.9998479593710528,FALSE,FALSE,n.s.
G3UW60,Susd5,-1.6889794261947895,NA,NA,0.8307597412312927,NA,NA,NA,FALSE,n.s.
G3UX26,Vdac2,0.6156279004537948,0.7580582628406138,0.9998429551679517,1.6140715738600686,NA,NA,FALSE,FALSE,n.s.
G3UX57,Calm3,-0.35153864392168527,NA,NA,1.290246099415099,NA,NA,NA,FALSE,n.s.
G3UZJ2,Map2,-0.16693618600122945,NA,NA,0.07666898386302431,NA,NA,NA,FALSE,n.s.
G3X8X0,Dhx16,-0.8303322223574406,0.5581781542904997,0.9998429551679517,2.0262281583143325,NA,NA,FALSE,FALSE,n.s.
G3X942,Galnt9,0.1256299089229174,0.6043068188990406,0.9998429551679517,0.22492177252645,NA,NA,FALSE,FALSE,n.s.
G3X9J1,Slc8a1,1.7910326037177386,NA,NA,0.2949596567353282,0.751889601584374,0.9998479593710528,FALSE,FALSE,n.s.
G5E8C2,Kbtbd7,-0.13119763893683412,0.7356879641817748,0.9998429551679517,-0.5670213124317103,NA,NA,FALSE,FALSE,n.s.
G5E8K5,Ank3,1.696036054737545,NA,NA,0.024548229444117445,0.9886213920703822,0.9998479593710528,FALSE,FALSE,n.s.
G5E8P0,Tubgcp6,-1.810469385440402,NA,NA,0.09270559872395595,NA,NA,NA,FALSE,n.s.
H3BJ38,Pde4dip,-0.7461727045656672,0.4862096929339078,0.9998429551679517,0.43805176041645294,NA,NA,FALSE,FALSE,n.s.
H3BJD0,Ppp1r9a,-0.3432986712494816,0.5802519002615787,0.9998429551679517,0.5369786929197934,NA,NA,FALSE,FALSE,n.s.
J3QK46,Tmem200c,-1.2885492279065394,NA,NA,0.05153453388696047,NA,NA,NA,FALSE,n.s.
J3QPC3,Actmap,-0.8029718134465507,NA,NA,0.8471498105067828,NA,NA,NA,FALSE,n.s.
J9SQF3,Trpm3,-0.7807724787650673,0.08596351458757184,0.9998429551679517,0.37369441413166216,NA,NA,FALSE,FALSE,n.s.
O08545,Efna3,1.1360113551415236,NA,NA,-0.02837278937279838,NA,NA,NA,FALSE,n.s.
O08585,Clta,-0.5149018647596836,0.8548923995112115,0.9998429551679517,0.6141079427872588,NA,NA,FALSE,FALSE,n.s.
O08644,Ephb6,0.1571336238449087,0.7317487922303738,0.9998429551679517,-0.090157994522896,NA,NA,FALSE,FALSE,n.s.
O08738,Casp6,0.6259485516051643,NA,NA,-1.1873627936909417,NA,NA,NA,FALSE,n.s.
O08785,Clock,0.019350036091205558,0.9676431661879532,0.9998429551679517,0.44916747678509344,NA,NA,FALSE,FALSE,n.s.
O08912,Galnt1,0.01817754042785436,NA,NA,-0.5288171676970819,0.4169484099005201,0.9998479593710528,FALSE,FALSE,n.s.
O08967,Cyth3,-0.5799396509739573,0.3805618821588677,0.9998429551679517,-1.373293814768536,NA,NA,FALSE,FALSE,n.s.
O09044,Snap23,-0.6994337751964979,NA,NA,0.8162588439247246,0.49781173927582056,0.9998479593710528,FALSE,FALSE,n.s.
O09114,Ptgds,-2.4546331953924976,NA,NA,0.4276928769424686,0.7455272925140147,0.9998479593710528,FALSE,FALSE,n.s.
O09130,Nfatc2ip,-0.36891559493176057,NA,NA,0.030566113379590466,NA,NA,NA,FALSE,n.s.
O09164,Sod3,0.3454046492500611,NA,NA,-0.7046833509731294,0.10703465913616168,0.9998479593710528,FALSE,FALSE,n.s.
O35074,Ptgis,-0.14282431964788467,NA,NA,-0.29862947127690337,0.6923652707941186,0.9998479593710528,FALSE,FALSE,n.s.
O35166,Gosr2,-0.5246698325604265,0.6360410130909282,0.9998429551679517,-0.11180608876708462,NA,NA,FALSE,FALSE,n.s.
O35206,Col15a1,0.47396652829018177,NA,NA,-1.054181283727195,0.5218104828104713,0.9998479593710528,FALSE,FALSE,n.s.
O35231,Kifc3,0.09446053284535588,NA,NA,-0.18458993501109042,NA,NA,NA,FALSE,n.s.
O35245,Pkd2,-0.3273830576019845,NA,NA,1.2366876324377731,0.05452695163838771,0.9998479593710528,FALSE,FALSE,n.s.
O35286,Dhx15,-0.20983359338141858,0.6512230213340615,0.9998429551679517,3.6690904184848443,NA,NA,FALSE,FALSE,n.s.
O35386,Phyh,0.7306286877011713,NA,NA,-0.03523055947130966,0.9646667912980331,0.9998479593710528,FALSE,FALSE,n.s.
O35405,Pld3,0.4928250176512873,0.8065005206018355,0.9998429551679517,-0.06226539209994738,NA,NA,FALSE,FALSE,n.s.
O35450,Fkbpl,-0.4367110511399797,0.3143352251742339,0.9998429551679517,0.2256957615249603,NA,NA,FALSE,FALSE,n.s.
O35464,Sema6a,-0.006164355731386588,NA,NA,0.10050025743658861,NA,NA,NA,FALSE,n.s.
O35516,Notch2,-1.3666880971688484,NA,NA,0.1266090346837926,NA,NA,NA,FALSE,n.s.
O35604,Npc1,-1.144309043959662,NA,NA,-0.30524360674594636,0.7720529307985178,0.9998479593710528,FALSE,FALSE,n.s.
O35654,Pold2,-0.6790745957635951,NA,NA,0.19853914181989063,NA,NA,NA,FALSE,n.s.
O35671,Itgb1bp1,-0.15970687726305535,0.8952270702706342,0.9998429551679517,-1.1945506494841946,NA,NA,FALSE,FALSE,n.s.
O35704,Sptlc1,0.527695773304693,NA,NA,0.6960235223120216,0.5154360747620479,0.9998479593710528,FALSE,FALSE,n.s.
O35730,Ring1,-1.6915810027287503,NA,NA,2.723699863019773,NA,NA,NA,FALSE,n.s.
O35852,Pdyn,0.25402492962647877,NA,NA,-0.27610130331984095,0.6257602748133172,0.9998479593710528,FALSE,FALSE,n.s.
O35887,Calu,0.26697665956867217,0.5844544044482317,0.9998429551679517,-0.5479011313412634,NA,NA,FALSE,FALSE,n.s.
O35926,Cdk5r2,0.18976791445902594,0.8817501684157394,0.9998429551679517,-0.014263189957363295,NA,NA,FALSE,FALSE,n.s.
O35927,Ctnnd2,0.22837230830230118,0.6760699605518439,0.9998429551679517,0.20785187171617958,NA,NA,FALSE,FALSE,n.s.
O35963,Rab33b,-0.43192331512140547,NA,NA,0.13591387122754134,0.9173104539979335,0.9998479593710528,FALSE,FALSE,n.s.
O54752,Naglu,0.34685458409293773,NA,NA,0.2898319568377298,0.7183162404002148,0.9998479593710528,FALSE,FALSE,n.s.
O54785,Limk2,-0.014225587353962269,NA,NA,0.15172147742295816,0.7716730764876943,0.9998479593710528,FALSE,FALSE,n.s.
O54825,Bysl,0.608058684131808,NA,NA,-0.5425441049052351,NA,NA,NA,FALSE,n.s.
O54890,Itgb3,0.5106449339662499,NA,NA,-0.10664454159491889,NA,NA,NA,FALSE,n.s.
O54929,Wsb2,-0.8789736389321743,0.34953022742270456,0.9998429551679517,1.2698855132800906,NA,NA,FALSE,FALSE,n.s.
O54942,Cldn5,-0.588882997624261,NA,NA,1.2188383909964642,NA,NA,NA,FALSE,n.s.
O55003,Bnip3,0.08940228159056426,0.7953544434184214,0.9998429551679517,0.6930008130076871,NA,NA,FALSE,FALSE,n.s.
O55017,Cacna1b,-0.8198943344899483,NA,NA,-0.15207211092640802,0.7270020337805223,0.9998479593710528,FALSE,FALSE,n.s.
O55023,Impa1,0.20892279831718463,NA,NA,-0.15689505547142016,NA,NA,NA,FALSE,n.s.
O55057,Pde6d,0.08676162771312655,NA,NA,-0.17438698289558976,NA,NA,NA,FALSE,n.s.
O55131,Septin7,-2.319723168618824,NA,NA,-0.3178716655574353,0.4894176341302132,0.9998479593710528,FALSE,FALSE,n.s.
O55135,Eif6,0.0493391136165856,0.970509438647309,0.9998429551679517,-2.1912221638483538,NA,NA,FALSE,FALSE,n.s.
O55176,Pja1,0.5059672544904393,NA,NA,0.09676630634797777,0.8427696741559697,0.9998479593710528,FALSE,FALSE,n.s.
O55186,Cd59a,-1.2464830869770291,NA,NA,0.5237866624848375,NA,NA,NA,FALSE,n.s.
O55192,Slc6a2,-0.3012505220867984,NA,NA,0.28898899300490005,NA,NA,NA,FALSE,n.s.
O55236,Rngtt,0.6361442769045991,0.4269823440367891,0.9998429551679517,0.523942918295835,NA,NA,FALSE,FALSE,n.s.
O55240,Rdh5,-0.44734518969468334,NA,NA,0.023826667048784608,NA,NA,NA,FALSE,n.s.
O70200,Aif1,-0.849530478629255,0.2821532688968632,0.9998429551679517,1.8340582561414815,NA,NA,FALSE,FALSE,n.s.
O70309,Itgb5,-1.161590386629545,NA,NA,0.08779425239913556,0.8820521391083453,0.9998479593710528,FALSE,FALSE,n.s.
O70338,Rnaseh1,-1.4209575128379677,NA,NA,0.20537564318585513,NA,NA,NA,FALSE,n.s.
O70378,Emc8,-0.6134837886835379,NA,NA,-0.15832716940999828,0.9182093974049268,0.9998479593710528,FALSE,FALSE,n.s.
O70401,Tspan6,0.1668358890727422,NA,NA,-0.006451562487138779,0.9905389485944723,0.9998479593710528,FALSE,FALSE,n.s.
O70422,Gtf2h4,0.16698455703497525,0.663937012004137,0.9998429551679517,-0.19633355912846995,NA,NA,FALSE,FALSE,n.s.
O70480,Vamp4,-0.19819748199719184,0.8029825361982236,0.9998429551679517,0.5864397458997498,NA,NA,FALSE,FALSE,n.s.
O70628,Pde9a,0.6493117685611318,NA,NA,-0.24898067163664614,0.6349593529211786,0.9998479593710528,FALSE,FALSE,n.s.
O88196,Ttc3,0.821859110690704,NA,NA,-0.23096117907371433,0.5278906271044066,0.9998479593710528,FALSE,FALSE,n.s.
O88545,Cops6,-4.052116075596922,NA,NA,0.45967087827756414,0.47928647094693755,0.9998479593710528,FALSE,FALSE,n.s.
O88705,Hcn3,-0.1904760482371234,0.7806323895501786,0.9998429551679517,-0.09068818250007182,NA,NA,FALSE,FALSE,n.s.
O88712,Ctbp1,-1.4592569271459248,0.1952308042840761,0.9998429551679517,0.7880468561300199,NA,NA,FALSE,FALSE,n.s.
O88745,Scrg1,1.8611272013166495,NA,NA,0.31777827556479127,0.8695414853759991,0.9998479593710528,FALSE,FALSE,n.s.
O88792,F11r,0.22333350506913952,NA,NA,-0.13937649409020425,NA,NA,NA,FALSE,n.s.
O88796,Rpp30,-0.194152992803287,NA,NA,0.25743997990891193,NA,NA,NA,FALSE,n.s.
O88874,Ccnk,-0.2630513401869956,NA,NA,0.41702327628669733,NA,NA,NA,FALSE,n.s.
O88951,Lin7b,-0.3541882223356393,NA,NA,0.13291231146195132,NA,NA,NA,FALSE,n.s.
O88952,Lin7c,-0.33339849891657003,NA,NA,0.35070657580599496,NA,NA,NA,FALSE,n.s.
O88983,Stx8,1.8766014872597634,NA,NA,0.5958202011492655,0.7233575100291016,0.9998479593710528,FALSE,FALSE,n.s.
O89016,Abcd4,2.1595104541137005,NA,NA,-0.18468290571674528,NA,NA,NA,FALSE,n.s.
P00329,Adh1,2.4270263187720658,NA,NA,-1.0415698450634727,0.4029794982979133,0.9998479593710528,FALSE,FALSE,n.s.
P00405,Mtco2,-0.8270942964455943,NA,NA,0.06508820683255465,NA,NA,NA,FALSE,n.s.
P01901,H2-K1,-0.5530373355246521,NA,NA,-0.6924493494737016,0.45721202955209717,0.9998479593710528,FALSE,FALSE,n.s.
P02089,Hbb-b2,2.8137998078086017,NA,NA,-0.9499603140645692,NA,NA,NA,FALSE,n.s.
P02798,Mt2,-1.4671829295865855,NA,NA,-0.48830306154598346,0.6774939013509038,0.9998479593710528,FALSE,FALSE,n.s.
P02802,Mt1,0.4149271465981034,NA,NA,0.2505073821052224,0.861283560195916,0.9998479593710528,FALSE,FALSE,n.s.
P03893,mt-Nd2,0.21724309841862607,0.8871748426397643,0.9998429551679517,-0.32058330890717096,NA,NA,FALSE,FALSE,n.s.
P04925,Prnp,-0.22052147021596408,NA,NA,0.3888388532561918,NA,NA,NA,FALSE,n.s.
P05533,Ly6a,0.20894192290381586,NA,NA,-3.1391046590993885,NA,NA,NA,FALSE,n.s.
P06797,Ctsl,1.1054001985438113,NA,NA,-0.8560090643757461,0.4827358036729448,0.9998479593710528,FALSE,FALSE,n.s.
P07758,Serpina1a,-0.7057654747993531,NA,NA,0.7005123821037331,0.45023778037286644,0.9998479593710528,FALSE,FALSE,n.s.
P08207,S100a10,2.2798220432515843,NA,NA,0.6485087050286281,0.7110938318687454,0.9998479593710528,FALSE,FALSE,n.s.
P08228,Sod1,3.369071757280913,NA,NA,-0.45123471052522374,0.7981379453950337,0.9998479593710528,FALSE,FALSE,n.s.
P08414,Camk4,2.0315841676194486,NA,NA,-0.4419131873559942,0.451541639069299,0.9998479593710528,FALSE,FALSE,n.s.
P09541,Myl4,-1.2107228798062597,0.08034806609341141,0.9998429551679517,-1.693521748765608,NA,NA,FALSE,FALSE,n.s.
P0C1Q2,Pde11a,-0.7575741756002631,NA,NA,-0.2597801158902771,0.6219608215778225,0.9998479593710528,FALSE,FALSE,n.s.
P0C7N9,Psmg4,0.26723607750717676,NA,NA,-0.6613085315993814,NA,NA,NA,FALSE,n.s.
P0DJE0,Pet100,-1.869863951612553,NA,NA,1.0397232403775614,NA,NA,NA,FALSE,n.s.
P0DJF2,Pet117,-1.4007007949574801,NA,NA,0.0064639762210140905,NA,NA,NA,FALSE,n.s.
P0DP60,Lynx1,-0.12078169872689569,NA,NA,1.4925128596713835,NA,NA,NA,FALSE,n.s.
P0DW87,Zftraf1,0.5632517915749049,NA,NA,-0.3155668611576014,0.5641134237671268,0.9998479593710528,FALSE,FALSE,n.s.
P11214,Plat,-0.8204675891720706,0.31116138955877276,0.9998429551679517,-0.19069617018146567,NA,NA,FALSE,FALSE,n.s.
P12025,Mdk,0.11293778809165955,NA,NA,-0.6346067771630219,NA,NA,NA,FALSE,n.s.
P12961,Scg5,-0.8543922248402557,NA,NA,0.6553158198249841,NA,NA,NA,FALSE,n.s.
P13011,Scd2,-0.4519085289945917,NA,NA,0.5027734609170134,0.6771740098651868,0.9998479593710528,FALSE,FALSE,n.s.
P13516,Scd1,-0.5388806984414098,NA,NA,0.578826130167903,NA,NA,NA,FALSE,n.s.
P14069,S100a6,1.3728683639571868,NA,NA,-0.010631536697092719,NA,NA,NA,FALSE,n.s.
P14602,Hspb1,0.8091836563855638,NA,NA,1.0979532835825248,0.3211567905049126,0.9998479593710528,FALSE,FALSE,n.s.
P14901,Hmox1,-0.5639818541343613,NA,NA,1.0044399887962572,0.562835653605738,0.9998479593710528,FALSE,FALSE,n.s.
P15066,Jund,-0.2110477310592785,NA,NA,0.13133989164319917,NA,NA,NA,FALSE,n.s.
P15327,Bpgm,0.7207668780318016,NA,NA,-0.22344362132074644,0.7843928411360485,0.9998479593710528,FALSE,FALSE,n.s.
P15379,Cd44,1.295391446902289,NA,NA,0.7007727066968971,0.6387805235025485,0.9998479593710528,FALSE,FALSE,n.s.
P15864,H1-2,0.6564273145584213,NA,NA,-0.024327631557535197,NA,NA,NA,FALSE,n.s.
P16015,Ca3,0.052722021833544574,NA,NA,-0.4707898154950625,NA,NA,NA,FALSE,n.s.
P16301,Lcat,-0.7393192861036734,NA,NA,0.07933502226309204,NA,NA,NA,FALSE,n.s.
P16390,Kcna3,-0.8705153793802881,0.5462979764235891,0.9998429551679517,-1.4747891613156614,NA,NA,FALSE,FALSE,n.s.
P16627,Hspa1l,0.6894013463407545,0.6243731582740163,0.9998429551679517,0.48939821437083925,NA,NA,FALSE,FALSE,n.s.
P17665,Cox7c,-0.8298527891492257,0.7622290052044778,0.9998429551679517,-0.41705646715269756,NA,NA,FALSE,FALSE,n.s.
P17879,Hspa1b,-0.31740438863849757,0.6799655133646307,0.9998429551679517,1.5220309769010045,NA,NA,FALSE,FALSE,n.s.
P18155,Mthfd2,1.288350067303063,NA,NA,0.6561414512233523,0.39424783263878327,0.9998479593710528,FALSE,FALSE,n.s.
P18654,Rps6ka3,-0.5704108155486141,NA,NA,-0.06185934387615265,0.8777127231413941,0.9998479593710528,FALSE,FALSE,n.s.
P19137,Lama1,0.9380008017442302,0.1739150683473988,0.9998429551679517,-0.7967267430666131,NA,NA,FALSE,FALSE,n.s.
P19426,Nelfe,-0.8640847990046298,NA,NA,0.2839057809091614,NA,NA,NA,FALSE,n.s.
P21107,Tpm3,1.2008077370370476,NA,NA,-2.792654891730671,NA,NA,NA,FALSE,n.s.
P21460,Cst3,0.7775458987284822,0.7298604115032716,0.9998429551679517,0.6761654986298133,NA,NA,FALSE,FALSE,n.s.
P21836,Ache,0.2143954638313231,NA,NA,-0.019751702826384703,NA,NA,NA,FALSE,n.s.
P21956,Mfge8,0.4502112456546315,0.4550285295950238,0.9998429551679517,-0.24345748012498467,NA,NA,FALSE,FALSE,n.s.
P22005,Penk,-0.5386898543194224,NA,NA,1.0423321978250326,NA,NA,NA,FALSE,n.s.
P22437,Ptgs1,0.2046481503434483,NA,NA,-0.7193045000706769,0.45171394699035444,0.9998479593710528,FALSE,FALSE,n.s.
P22935,Crabp2,0.7181520688091592,NA,NA,-0.16069098380044716,NA,NA,NA,FALSE,n.s.
P23953,Ces1c,-0.08687982103819654,0.8573226565685829,0.9998429551679517,0.9133329091264689,NA,NA,FALSE,FALSE,n.s.
P25233,Ndn,0.39364745704948756,NA,NA,-0.48039928569491946,NA,NA,NA,FALSE,n.s.
P26048,Gabra2,0.5811077005420927,0.629637643983936,0.9998429551679517,-1.3767746647537067,NA,NA,FALSE,FALSE,n.s.
P26350,Ptma,-1.8626471191436105,0.23136194614398406,0.9998429551679517,0.2077232903862993,NA,NA,FALSE,FALSE,n.s.
P26369,U2af2,0.7830853246321102,0.4610334463799026,0.9998429551679517,-0.2552293396765916,NA,NA,FALSE,FALSE,n.s.
P27870,Vav1,-0.03702650733973648,NA,NA,1.0002852595929221,NA,NA,NA,FALSE,n.s.
P28574,Max,0.6229642773566378,NA,NA,-0.689443343547481,NA,NA,NA,FALSE,n.s.
P29037,Tbp,-0.10911451776317925,NA,NA,2.766779063990511,NA,NA,NA,FALSE,n.s.
P30999,Ctnnd1,-0.2762801116068334,0.5053023031242456,0.9998429551679517,-1.3649335711804753,NA,NA,FALSE,FALSE,n.s.
P31361,Pou3f3,0.07010338475853536,0.9276707392254666,0.9998429551679517,-0.08242102708374095,NA,NA,FALSE,FALSE,n.s.
P31725,S100a9,-0.5529330735015604,NA,NA,1.926918486847426,NA,NA,NA,FALSE,n.s.
P32067,Ssb,-2.214172075446694,NA,NA,0.2839489416649074,0.5824083161984464,0.9998479593710528,FALSE,FALSE,n.s.
P33215,Nedd1,-0.9979919451824505,NA,NA,0.4800653948708345,NA,NA,NA,FALSE,n.s.
P35276,Rab3d,-0.06961837651281914,NA,NA,0.31941789783355684,NA,NA,NA,FALSE,n.s.
P35330,Icam2,0.560123889132262,NA,NA,-0.9308002684310256,NA,NA,NA,FALSE,n.s.
P35561,Kcnj2,-1.1730291679483784,NA,NA,0.17937928389891547,NA,NA,NA,FALSE,n.s.
P35601,Rfc1,1.2248268464139886,NA,NA,-0.05830443929386803,NA,NA,NA,FALSE,n.s.
P35831,Ptpn12,0.5373135933136548,NA,NA,0.8142907208071151,0.1423292028925063,0.9998479593710528,FALSE,FALSE,n.s.
P35846,Folr1,0.6873975212252066,0.5371544328145208,0.9998429551679517,-0.583254897783356,NA,NA,FALSE,FALSE,n.s.
P36993,Ppm1b,-2.2727489108472727,NA,NA,1.4348366708782976,NA,NA,NA,FALSE,n.s.
P39038,Cdh4,-0.38992129846238305,0.705348806155945,0.9998429551679517,0.09498070760099642,NA,NA,FALSE,FALSE,n.s.
P39061,Col18a1,-0.975357080459867,NA,NA,0.4734074059471503,NA,NA,NA,FALSE,n.s.
P40936,Inmt,0.4534860989415239,0.5793885744822265,0.9998429551679517,-0.6172886510021138,NA,NA,FALSE,FALSE,n.s.
P41731,Cd63,0.3771726421906349,NA,NA,-0.6100619147885308,0.6884099988528967,0.9998479593710528,FALSE,FALSE,n.s.
P41778,Pbx1,-0.04461018515628029,0.9635257481299254,0.9998429551679517,-0.9964298968700434,NA,NA,FALSE,FALSE,n.s.
P42859,Htt,-0.7442039790884571,NA,NA,-0.1141575661561083,0.7471432895523218,0.9998479593710528,FALSE,FALSE,n.s.
P45377,Akr1b8,0.26527356849709444,NA,NA,1.4363456714505638,0.2674431898113856,0.9998479593710528,FALSE,FALSE,n.s.
P46412,Gpx3,0.41701304081031854,NA,NA,-0.6157072135594878,0.2575235343813773,0.9998479593710528,FALSE,FALSE,n.s.
P46656,Fdx1,0.46819054483361133,NA,NA,-1.0573615891831816,NA,NA,NA,FALSE,n.s.
P46938,Yap1,-0.1543240676399031,NA,NA,0.6764236954524279,0.5385167878889553,0.9998479593710528,FALSE,FALSE,n.s.
P47743,Grm8,0.31122074489557144,NA,NA,-0.26856536973500683,0.6732490508358281,0.9998479593710528,FALSE,FALSE,n.s.
P47757,Capzb,0.1761857702522196,0.8796732872019264,0.9998429551679517,-0.05672900995640358,NA,NA,FALSE,FALSE,n.s.
P47811,Mapk14,-0.5485284971015715,NA,NA,0.7305350218892308,NA,NA,NA,FALSE,n.s.
P47955,Rplp1,-1.9850328404036275,NA,NA,3.7809913266272823,NA,NA,NA,FALSE,n.s.
P48168,Glrb,0.9291434709144092,NA,NA,-0.29729403429039725,0.7393440954623073,0.9998479593710528,FALSE,FALSE,n.s.
P48771,Cox7a2,2.349134690128084,NA,NA,-0.41128233710858597,NA,NA,NA,FALSE,n.s.
P49135,Ercc3,0.2921590776258001,0.5732826929293754,0.9998429551679517,0.2561119229362397,NA,NA,FALSE,FALSE,n.s.
P49769,Psen1,0.2035695461674052,NA,NA,-0.3764569594877776,NA,NA,NA,FALSE,n.s.
P50172,Hsd11b1,0.41118055652345553,NA,NA,-0.11971374521202108,0.9188428224252384,0.9998479593710528,FALSE,FALSE,n.s.
P50285,Fmo1,-0.45161829924524804,NA,NA,1.040056936638786,NA,NA,NA,FALSE,n.s.
P50294,Nat1,-1.7590639282661362,NA,NA,-0.13692623762985037,0.8883052524148988,0.9998479593710528,FALSE,FALSE,n.s.
P50428,Arsa,-0.4211558452786425,NA,NA,0.020319152699147948,NA,NA,NA,FALSE,n.s.
P50431,Shmt1,-0.02552407168039849,0.9750873485825855,0.9998429551679517,2.2533727102049177,NA,NA,FALSE,FALSE,n.s.
P50543,S100a11,1.8283187662829872,NA,NA,-0.3447591794020632,NA,NA,NA,FALSE,n.s.
P51807,Dynlt1,-0.89317807621139,NA,NA,-0.5042373703298156,0.4501935967545954,0.9998479593710528,FALSE,FALSE,n.s.
P51910,Apod,0.11362400158668978,NA,NA,-0.0884562192108123,0.8293882610348279,0.9998479593710528,FALSE,FALSE,n.s.
P51949,Mnat1,0.41816787406118194,NA,NA,0.0572605534608814,0.8934231255148564,0.9998479593710528,FALSE,FALSE,n.s.
P52019,Sqle,-0.15441496187960319,NA,NA,-0.35031139608303336,0.47228627622201647,0.9998479593710528,FALSE,FALSE,n.s.
P52795,Efnb1,-0.35690960455181725,0.5955571501752823,0.9998429551679517,-1.060788025853747,NA,NA,FALSE,FALSE,n.s.
P53798,Fdft1,1.4809059691913506,NA,NA,-0.8809667926574049,0.27224869028455106,0.9998479593710528,FALSE,FALSE,n.s.
P54116,Stom,0.6520368103021394,NA,NA,-0.60214460382718,NA,NA,NA,FALSE,n.s.
P54254,Atxn1,-0.3641533567404318,0.2833147279319632,0.9998429551679517,0.41144781083593457,NA,NA,FALSE,FALSE,n.s.
P55065,Pltp,-1.165711591898861,NA,NA,0.03369939927650151,NA,NA,NA,FALSE,n.s.
P55144,Tyro3,-0.38007616158298846,0.76380346946015365,0.9998429551679517,-0.30263790586377215,NA,NA,FALSE,FALSE,n.s.
P55284,Cdh5,0.2595752392743395,NA,NA,0.5603923245248029,0.30630639361029666,0.9998479593710528,FALSE,FALSE,n.s.
P56135,Atp5mf,1.8213060450872347,NA,NA,-0.9134647402920253,NA,NA,NA,FALSE,n.s.
P56213,Gfer,-0.27639332501311936,NA,NA,-0.6044294094895312,0.5368268481531921,0.9998479593710528,FALSE,FALSE,n.s.
P56379,Atp5mj,-0.2638495153144601,NA,NA,0.7703024747216538,NA,NA,NA,FALSE,n.s.
P56382,Atp5f1e,1.8145341797680279,NA,NA,-0.24186920310577525,0.9369454579118055,0.9998479593710528,FALSE,FALSE,n.s.
P56392,Cox7a1,-0.9672712327820249,NA,NA,0.27074894792619164,NA,NA,NA,FALSE,n.s.
P56942,Pmch,1.4372704521774178,NA,NA,0.1549139952598926,0.8855137257299442,0.9998479593710528,FALSE,FALSE,n.s.
P58058,Nadk,0.32556760949645674,0.6354035632717149,0.9998429551679517,-0.38318809201336673,NA,NA,FALSE,FALSE,n.s.
P58069,Rasa2,0.0316106181825895,0.9463008003870548,0.9998429551679517,-0.8951646441918532,NA,NA,FALSE,FALSE,n.s.
P58391,Kcnn3,-0.36989217924511686,0.5614235247768505,0.9998429551679517,-1.0695926335015733,NA,NA,FALSE,FALSE,n.s.
P58466,Ctdsp1,0.6024706906114525,NA,NA,-0.651896958095985,0.4238050887126074,0.9998479593710528,FALSE,FALSE,n.s.
P58742,Aaas,0.2628893429765838,NA,NA,0.29487733367589164,0.7063195494881966,0.9998479593710528,FALSE,FALSE,n.s.
P58929,Gmeb2,0.006146885355562244,NA,NA,-2.9562839736645534,NA,NA,NA,FALSE,n.s.
P59266,Fitm2,0.2143435944205639,NA,NA,-0.08967705701108905,NA,NA,NA,FALSE,n.s.
P59268,Zdhhc9,-0.30024941522483567,NA,NA,0.2840246754759615,NA,NA,NA,FALSE,n.s.
P59470,Polr3b,0.5874227286224158,NA,NA,-0.6368891783110225,NA,NA,NA,FALSE,n.s.
P59708,Sf3b6,-1.7480707029462363,0.12595217831388064,0.9998429551679517,-0.2196369295257737,NA,NA,FALSE,FALSE,n.s.
P59808,Sash1,-0.4463520526194454,NA,NA,0.1529861347919644,NA,NA,NA,FALSE,n.s.
P59997,Kdm2a,-0.27297278375402617,0.7158145565181214,0.9998429551679517,1.2288533359217915,NA,NA,FALSE,FALSE,n.s.
P60603,Romo1,-0.6670117166717493,NA,NA,0.8142959011068637,NA,NA,NA,FALSE,n.s.
P60605,Ube2g2,1.027390583931865,NA,NA,-0.42156746285010865,NA,NA,NA,FALSE,n.s.
P60761,Nrgn,-0.385247093445976,NA,NA,0.6975374528973958,NA,NA,NA,FALSE,n.s.
P61080,Ube2d1,-4.494754868384189,NA,NA,6.609764412934471,NA,NA,NA,FALSE,n.s.
P61148,Fgf1,0.6489369407270698,NA,NA,-1.710967109618975,0.339261959275717,0.9998479593710528,FALSE,FALSE,n.s.
P61750,Arf4,-0.007145587784692891,0.9960888687031043,0.9998429551679517,-1.5280150427797263,NA,NA,FALSE,FALSE,n.s.
P61953,Gng11,-0.03903536268900039,NA,NA,-0.5332546882350157,0.5515869110454059,0.9998479593710528,FALSE,FALSE,n.s.
P61957,Sumo2,1.50176400530331,NA,NA,-0.2450881237607855,0.9207997550990882,0.9998479593710528,FALSE,FALSE,n.s.
P61967,Ap1s1,1.4137720637467037,0.40629548532229487,0.9998429551679517,-0.4838746315335492,NA,NA,FALSE,FALSE,n.s.
P62264,Rps14,0.3683823124292184,NA,NA,0.8543713879818738,0.542026722874817,0.9998479593710528,FALSE,FALSE,n.s.
P62313,Lsm6,0.0037624575522586835,0.9941930276738173,0.9998429551679517,-0.12733000855680968,NA,NA,FALSE,FALSE,n.s.
P62342,Selenot,1.8905809632392259,NA,NA,-0.3512472606186621,NA,NA,NA,FALSE,n.s.
P62484,Abi2,-1.3193182540580584,0.38472647317937086,0.9998429551679517,0.6514205886941504,NA,NA,FALSE,FALSE,n.s.
P62492,Rab11a,-0.44770143562601983,0.48416638793951927,0.9998429551679517,0.9522359241857881,NA,NA,FALSE,FALSE,n.s.
P62702,Rps4x,-1.7040380868496714,NA,NA,0.12380908148427472,0.8527200381859097,0.9998479593710528,FALSE,FALSE,n.s.
P62743,Ap2s1,1.3776446245291574,0.48463798087213483,0.9998429551679517,0.46355782720472505,NA,NA,FALSE,FALSE,n.s.
P62838,Ube2d2,-5.096747503760661,NA,NA,0.4687809859018844,NA,NA,NA,FALSE,n.s.
P62855,Rps26,0.481068987194334,NA,NA,-1.233993008651973,NA,NA,NA,FALSE,n.s.
P62862,Fau,-4.041712133725259,NA,NA,-1.1921518423117206,0.6944587424699822,0.9998479593710528,FALSE,FALSE,n.s.
P62876,Polr2l,0.014320321136799815,NA,NA,-0.7536280408799894,NA,NA,NA,FALSE,n.s.
P62878,Rbx1,0.6523789930096171,NA,NA,-0.19367757038029176,NA,NA,NA,FALSE,n.s.
P63002,Tle5,0.7752525031965257,NA,NA,-0.7958628471224912,NA,NA,NA,FALSE,n.s.
P63030,Mpc1,0.02886186222500768,NA,NA,1.090994741327712,0.4914875682751587,0.9998479593710528,FALSE,FALSE,n.s.
P63044,Vamp2,-0.42360631507423063,0.8891551353235075,0.9998429551679517,0.11715837314395974,NA,NA,FALSE,FALSE,n.s.
P63058,Thra,-0.6664806381119753,0.3832372763594817,0.9998429551679517,0.035688028496384756,NA,NA,FALSE,FALSE,n.s.
P63082,Atp6v0c,-1.8502130061073736,NA,NA,0.3543039037323257,NA,NA,NA,FALSE,n.s.
P63248,Pkia,-1.0641132288291701,0.5648806444039163,0.9998429551679517,0.6378141167371424,NA,NA,FALSE,FALSE,n.s.
P63254,Crip1,-0.5693955980469725,0.5867479969618309,0.9998429551679517,-1.6680694594882608,NA,NA,FALSE,FALSE,n.s.
P68372,Tubb4b,1.9733876057426263,NA,NA,-0.190393452918672,NA,NA,NA,FALSE,n.s.
P68373,Tuba1c,-1.6368269708796528,0.43174925836299416,0.9998429551679517,0.6999414956409655,NA,NA,FALSE,FALSE,n.s.
P70166,Cpeb1,0.3139976736191091,NA,NA,-0.197891380566359,NA,NA,NA,FALSE,n.s.
P70174,Hrh1,1.3957718810128275,NA,NA,-0.018096932027407208,NA,NA,NA,FALSE,n.s.
P70175,Dlg3,-0.8422904925454687,NA,NA,0.15150575374592318,0.9146541714011434,0.9998479593710528,FALSE,FALSE,n.s.
P70181,Pip5k1b,-0.9795845456968362,0.2923117416626108,0.9998429551679517,0.33203853178823256,NA,NA,FALSE,FALSE,n.s.
P70279,Surf6,1.812280187047739,NA,NA,-0.3972427589573215,0.8248618121784539,0.9998479593710528,FALSE,FALSE,n.s.
P70295,Aup1,0.10618577233819777,NA,NA,-0.16433459721075733,NA,NA,NA,FALSE,n.s.
P70313,Nos3,-0.09760644519514826,NA,NA,0.3326200783804021,NA,NA,NA,FALSE,n.s.
P70340,Smad1,0.03711014936323188,NA,NA,0.5705786167647521,0.46370037195927905,0.9998479593710528,FALSE,FALSE,n.s.
P70347,Tank,-1.1751737358808527,NA,NA,0.43521339205228776,NA,NA,NA,FALSE,n.s.
P70377,Fgf13,1.6797666233795514,NA,NA,-0.025916775560173556,NA,NA,NA,FALSE,n.s.
P70380,Il18,-0.014169735653082967,0.990629125269233,0.9998429551679517,-0.9496880584867107,NA,NA,FALSE,FALSE,n.s.
P70425,Rit2,-0.8567982892829922,NA,NA,0.09159749009049575,0.9266918242127852,0.9998479593710528,FALSE,FALSE,n.s.
P70429,Evl,-0.11486894208729333,NA,NA,0.3998481902300071,NA,NA,NA,FALSE,n.s.
P70445,Eif4ebp2,1.5279131491109554,NA,NA,-0.8999800456634792,NA,NA,NA,FALSE,n.s.
P70662,Ldb1,-1.3090676252090572,NA,NA,0.14815152534036438,NA,NA,NA,FALSE,n.s.
P70665,Siae,0.41704259825412476,NA,NA,-0.22370870449040317,NA,NA,NA,FALSE,n.s.
P70670,Naca,2.4859351197464563,NA,NA,0.0667232881424902,0.9754528572650961,0.9998479593710528,FALSE,FALSE,n.s.
P70689,Gjb6,0.09667869485066821,NA,NA,-0.6834927804615173,0.6531513693118621,0.9998479593710528,FALSE,FALSE,n.s.
P70697,Urod,-1.6564884179565929,NA,NA,-1.3787239584121687,0.40580847916088364,0.9998479593710528,FALSE,FALSE,n.s.
P82198,Tgfbi,1.1788027883289094,NA,NA,-0.11659296326316264,0.8095626989188562,0.9998479593710528,FALSE,FALSE,n.s.
P82347,Sgcd,2.534167524376878,NA,NA,-2.3770480839703554,NA,NA,NA,FALSE,n.s.
P83510,Tnik,-0.26137747885102874,NA,NA,0.9979254088564631,NA,NA,NA,FALSE,n.s.
P83877,Txnl4a,0.08857436413183652,NA,NA,-0.1791031862537879,0.7843004299145431,0.9998479593710528,FALSE,FALSE,n.s.
P84104,Srsf3,0.008634830755784077,0.9967617842528684,0.9998429551679517,0.4646271025820004,NA,NA,FALSE,FALSE,n.s.
P97291,Cdh8,0.0019096797211604843,0.9969075585328404,0.9998429551679517,0.34695264596756575,NA,NA,FALSE,FALSE,n.s.
P97313,Prkdc,0.1313987689264904,NA,NA,-0.30921530336455044,0.5242300324891127,0.9998479593710528,FALSE,FALSE,n.s.
P97314,Csrp2,0.0909400365572759,NA,NA,0.6105410991771943,0.27856460974072783,0.9998479593710528,FALSE,FALSE,n.s.
P97366,Evi5,2.3939916630540212,NA,NA,0.03726961025991005,0.9740276540789767,0.9998479593710528,FALSE,FALSE,n.s.
P97427,Crmp1,-3.2593444581754234,6.0649138237087916e-5,0.046834905970083614,0.05290411280159622,NA,NA,TRUE,FALSE,Region-specific
P97434,Mprip,-0.5687940439960115,0.25352728920053613,0.9998429551679517,0.18919010898922256,NA,NA,FALSE,FALSE,n.s.
P97457,Myl11,-3.3609804645311767,NA,NA,0.6058237556102516,0.4177422418781137,0.9998479593710528,FALSE,FALSE,n.s.
P97461,Rps5,0.15381238300618702,0.9150024966090801,0.9998429551679517,-1.8367557280212676,NA,NA,FALSE,FALSE,n.s.
P97479,Myo7a,4.7343614294839576,NA,NA,-2.240963566293741,NA,NA,NA,FALSE,n.s.
P97496,Smarcc1,-0.28704290915274455,0.4747448649962318,0.9998429551679517,1.1362959537862933,NA,NA,FALSE,FALSE,n.s.
P97718,Adra1a,0.5552339349956221,NA,NA,-0.6448928618387149,NA,NA,NA,FALSE,n.s.
P97784,Cry1,0.2859897183215433,NA,NA,-0.041519144075230906,NA,NA,NA,FALSE,n.s.
P97793,Alk,-1.7066737841989685,NA,NA,0.49774765723015585,NA,NA,NA,FALSE,n.s.
P97801,Smn1,-0.9868481851889629,0.4374841343953578,0.9998429551679517,-0.03095566967844527,NA,NA,FALSE,FALSE,n.s.
P97865,Pex7,-2.5868942510879047,NA,NA,0.8574887658831544,NA,NA,NA,FALSE,n.s.
P97872,Fmo5,-0.7016738078622248,NA,NA,0.52422545189913,NA,NA,NA,FALSE,n.s.
P98078,Dab2,-0.10278771925391386,0.901792506169304,0.9998429551679517,-0.3181177620379709,NA,NA,FALSE,FALSE,n.s.
P99028,Uqcrh,-2.3822249024851243,NA,NA,-0.12767263247739932,0.9571274466129055,0.9998479593710528,FALSE,FALSE,n.s.
Q00897,Serpina1d,-1.5553471550511584,NA,NA,0.6624772537215173,0.7319398770429546,0.9998479593710528,FALSE,FALSE,n.s.
Q01341,Adcy6,-0.5310990709209736,0.3340897097046008,0.9998429551679517,0.19464070091263863,NA,NA,FALSE,FALSE,n.s.
Q01815,Cacna1c,-0.004539992695796477,0.9938903440424152,0.9998429551679517,0.004755344865059274,NA,NA,FALSE,FALSE,n.s.
Q02788,Col6a2,0.4865762548931855,NA,NA,0.25206358944812285,0.6624836126445532,0.9998479593710528,FALSE,FALSE,n.s.
Q03146,Ddr1,0.6769095880056847,NA,NA,-0.4093033535602754,0.7066317567524443,0.9998479593710528,FALSE,FALSE,n.s.
Q03147,Cdk7,-0.04448528735701419,0.9535614139941363,0.9998429551679517,0.385378457580127,NA,NA,FALSE,FALSE,n.s.
Q03249,Galt,-0.10433527078180875,0.7545884673252152,0.9998429551679517,-1.3647012047108265,NA,NA,FALSE,FALSE,n.s.
Q03311,Bche,-0.9624804849797314,NA,NA,-0.417533749453759,0.26623766263561816,0.9998479593710528,FALSE,FALSE,n.s.
Q03717,Kcnb1,0.16862574620484633,0.74760329745781,0.9998429551679517,0.4280625246868315,NA,NA,FALSE,FALSE,n.s.
Q03719,Kcnd1,0.3265539419018751,NA,NA,0.09886128061063643,0.8883638959069483,0.9998479593710528,FALSE,FALSE,n.s.
Q04887,Sox9,0.2669092785045303,NA,NA,-0.46128577404052384,NA,NA,NA,FALSE,n.s.
Q05CA9,Prcc,1.1089382112431903,0.24642946398776142,0.9998429551679517,0.8644949757952745,NA,NA,FALSE,FALSE,n.s.
Q06180,Ptpn2,-0.4072733708633859,0.6274504107082537,0.9998429551679517,-0.9856231419134617,NA,NA,FALSE,FALSE,n.s.
Q07079,Igfbp5,-0.6955119670552861,NA,NA,0.3510667041477874,NA,NA,NA,FALSE,n.s.
Q07813,Bax,0.36171753629752146,NA,NA,-0.6995701278760964,NA,NA,NA,FALSE,n.s.
Q08024,Cbfb,0.42635266155028945,NA,NA,-0.3891648496563579,NA,NA,NA,FALSE,n.s.
Q08093,Cnn2,-0.16068265659477088,0.8500112414552028,0.9998429551679517,-1.5535183431589061,NA,NA,FALSE,FALSE,n.s.
Q08122,Tle3,-0.24537973399762908,0.8530930365707412,0.9998429551679517,-1.2158243517288894,NA,NA,FALSE,FALSE,n.s.
Q08288,Lyar,-0.899187568500506,NA,NA,-0.3761460245576488,0.7330533290318078,0.9998479593710528,FALSE,FALSE,n.s.
Q08460,Kcnma1,-2.1559527020618368,NA,NA,0.24841797407982266,NA,NA,NA,FALSE,n.s.
Q08481,Pecam1,0.7623129514652682,0.4148342614082407,0.9998429551679517,-0.4276645419692997,NA,NA,FALSE,FALSE,n.s.
Q08879,Fbln1,0.2155395339909793,NA,NA,-0.13568411894529692,0.7738703655554559,0.9998479593710528,FALSE,FALSE,n.s.
Q08890,Ids,-0.37063715350160653,NA,NA,1.058251705939544,NA,NA,NA,FALSE,n.s.
Q09014,Ncf1,0.10117842599864038,NA,NA,-0.07801076175067491,NA,NA,NA,FALSE,n.s.
Q0QWG9,Grid2ip,-0.16205197592093884,NA,NA,-0.19262767154990693,0.6247678968895607,0.9998479593710528,FALSE,FALSE,n.s.
Q0VDN7,Rundc1,-0.41573096067186377,NA,NA,1.302977591309161e-4,NA,NA,NA,FALSE,n.s.
Q0VE82,Cpne7,0.4879778513513431,0.3608921622794494,0.9998429551679517,0.0877327369050043,NA,NA,FALSE,FALSE,n.s.
Q0VF55,Atp2b3,0.15429214001409294,NA,NA,-0.20082917181826826,0.7266245377033673,0.9998479593710528,FALSE,FALSE,n.s.
Q148V7,Relch,1.0588827390644415,NA,NA,-1.4433030889009884,NA,NA,NA,FALSE,n.s.
Q149F1,Rpusd2,-0.3907246780559686,NA,NA,0.13143309191363647,NA,NA,NA,FALSE,n.s.
Q14AI6,Rpusd3,0.23922614286600172,NA,NA,-0.021109787485926207,NA,NA,NA,FALSE,n.s.
Q14AX6,Cdk12,0.48619742357046525,NA,NA,-0.37499719499302997,NA,NA,NA,FALSE,n.s.
Q18PE0,Dok7,-0.7994675008644193,NA,NA,0.2998565219245832,NA,NA,NA,FALSE,n.s.
Q1HKZ5,Map3k13,-0.10143123737106509,0.852193170434143,0.9998429551679517,1.214406553866042,NA,NA,FALSE,FALSE,n.s.
Q1LZI2,Slc35f3,0.09840447030536027,NA,NA,-2.2110453319559538,NA,NA,NA,FALSE,n.s.
Q2VPQ9,Meaf6,-1.6018049536650583,NA,NA,1.4880649668459958,NA,NA,NA,FALSE,n.s.
Q2WF71,Lrfn1,-1.84976958539223,NA,NA,0.5186156043402815,NA,NA,NA,FALSE,n.s.
Q2YDW2,Msto1,-0.13196282401072715,NA,NA,-0.5001382300392989,0.45783771086455494,0.9998479593710528,FALSE,FALSE,n.s.
Q31125,Slc39a7,0.692230178939083,NA,NA,0.31735072654908475,0.7288948948977587,0.9998479593710528,FALSE,FALSE,n.s.
Q3TA38,Tmem120b,0.3529883112810367,NA,NA,0.22728367380913939,0.400989097445752,0.9998479593710528,FALSE,FALSE,n.s.
Q3TBL6,Tnfaip8l3,-0.2770279291151951,0.7401336483786647,0.9998429551679517,0.9164343214019931,NA,NA,FALSE,FALSE,n.s.
Q3TC46,Patl1,1.1269979094646716,0.3152378010744277,0.9998429551679517,-0.3552272187227985,NA,NA,FALSE,FALSE,n.s.
Q3TCI7,Ldha,-1.6849491396745224,NA,NA,-0.005826152116979038,0.9942971871154354,0.9998479593710528,FALSE,FALSE,n.s.
Q3TCX3,Khdc4,0.3912040146583907,NA,NA,-0.5018839435780037,NA,NA,NA,FALSE,n.s.
Q3TDX8,Cyb5r4,0.324744213988319,0.6486767112263954,0.9998429551679517,-0.5693327000772207,NA,NA,FALSE,FALSE,n.s.
Q3TGF2,Fam107b,0.3629804487054441,NA,NA,-0.07169756832353677,0.9262909592233467,0.9998479593710528,FALSE,FALSE,n.s.
Q3TGJ9,Gsn,0.3588639148069409,NA,NA,-0.46903771359269913,NA,NA,NA,FALSE,n.s.
Q3TH73,Ttyh2,-0.45833942129443805,NA,NA,0.5022873675805904,NA,NA,NA,FALSE,n.s.
Q3THB4,Ldha,-0.2158836895721955,0.9097531720168683,0.9998429551679517,2.070235785399428,NA,NA,FALSE,FALSE,n.s.
Q3THE2,Myl12b,-1.1218147636269864,NA,NA,0.05014513848677258,NA,NA,NA,FALSE,n.s.
Q3THK3,Gtf2f1,1.2659953236802173,0.14277475990132293,0.9998429551679517,1.5428438778392901,NA,NA,FALSE,FALSE,n.s.
Q3TIJ1,Cops4,0.02577918940799947,NA,NA,-0.21304305407185783,NA,NA,NA,FALSE,n.s.
Q3TIJ9,Actb,0.3153341658114027,NA,NA,-1.9229822860549508,NA,NA,NA,FALSE,n.s.
Q3TLD5,Uri1,-0.05305082473380186,NA,NA,-0.2996238738203484,0.3840322534893638,0.9998479593710528,FALSE,FALSE,n.s.
Q3TMP8,Tmem38a,-0.8004638863050341,0.3372145580306465,0.9998429551679517,0.879476665165189,NA,NA,FALSE,FALSE,n.s.
Q3TP62,Plekhb1,0.5966224245586935,NA,NA,-0.003589688442909082,NA,NA,NA,FALSE,n.s.
Q3TRM4,Pnpla6,0.5677602647627098,NA,NA,-0.001344451224718734,0.9974774635449553,0.9998479593710528,FALSE,FALSE,n.s.
Q3TRX4,Palm,-0.049002936403426824,0.9516429676156419,0.9998429551679517,-0.4713647656952578,NA,NA,FALSE,FALSE,n.s.
Q3TT38,Ilrun,-0.0728919079677301,NA,NA,0.21057655888363752,NA,NA,NA,FALSE,n.s.
Q3TUA9,Pomk,-0.8852758953708082,NA,NA,0.34462682978417886,NA,NA,NA,FALSE,n.s.
Q3TWI9,Tmem63b,-0.5636678774163482,0.7215435684838114,0.9998429551679517,-0.774038769217827,NA,NA,FALSE,FALSE,n.s.
Q3TWL2,Pip4p1,-0.3397548755644764,NA,NA,0.24154950510625164,NA,NA,NA,FALSE,n.s.
Q3TYA6,Mphosph8,-0.7296165266631738,0.08792654419623015,0.9998429551679517,0.20828663537796901,NA,NA,FALSE,FALSE,n.s.
Q3TYD4,Arsg,0.8135756348984376,NA,NA,0.43882578950185513,0.5767220158962211,0.9998479593710528,FALSE,FALSE,n.s.
Q3TYL3,Opcml,1.5998782471485822,NA,NA,0.13418221601291433,0.902906972338746,0.9998479593710528,FALSE,FALSE,n.s.
Q3TYS2,Cybc1,0.30199388244992537,NA,NA,0.18011168453574242,0.8124852290011414,0.9998479593710528,FALSE,FALSE,n.s.
Q3U0V2,Tradd,-0.07004294274263878,NA,NA,1.0272535885134304,NA,NA,NA,FALSE,n.s.
Q3U1B1,Gnb1,1.1469672522441603,0.43180506489956383,0.9998429551679517,4.022581824311849,NA,NA,FALSE,FALSE,n.s.
Q3U1T3,Brms1l,-0.13419903470297184,0.8350845573996004,0.9998429551679517,-0.93713521348244,NA,NA,FALSE,FALSE,n.s.
Q3U1Y4,Dennd4b,0.3167457507664392,0.6603267063644145,0.9998429551679517,-0.476667838109693,NA,NA,FALSE,FALSE,n.s.
Q3U214,Mast3,-0.8675194870029115,0.08848512462001225,0.9998429551679517,0.8289772552383105,NA,NA,FALSE,FALSE,n.s.
Q3U3N6,Tepsin,0.503643906227636,0.5968398128215195,0.9998429551679517,0.2627205649020216,NA,NA,FALSE,FALSE,n.s.
Q3U3R4,Lmf1,-0.30767791285965607,NA,NA,-1.3038215024335498,0.12675688998158147,0.9998479593710528,FALSE,FALSE,n.s.
Q3U5C7,Prickle1,-0.14884193284685643,0.7455322590820401,0.9998429551679517,2.508797233403842,NA,NA,FALSE,FALSE,n.s.
Q3U6D7,Syngr1,0.40579493702204494,0.8774871456942903,0.9998429551679517,1.719705182228234,NA,NA,FALSE,FALSE,n.s.
Q3U829,Ap5z1,-0.6130636382570485,NA,NA,1.0206578578037675,NA,NA,NA,FALSE,n.s.
Q3U935,Cnbp,-0.7637019208071973,NA,NA,7.947724682425891e-4,NA,NA,NA,FALSE,n.s.
Q3U9H3,Bad,-1.6151680982443826,NA,NA,0.15215580668795886,NA,NA,NA,FALSE,n.s.
Q3UBT6,Csnk1d,-1.7063099954960652,NA,NA,1.1369406205581933,NA,NA,NA,FALSE,n.s.
Q3UBX0,Tmem109,0.1792003430864246,NA,NA,-0.27737065703751373,NA,NA,NA,FALSE,n.s.
Q3UBZ5,Mif4gd,-0.46772171433903564,NA,NA,0.10532676625315125,0.8408254093091196,0.9998479593710528,FALSE,FALSE,n.s.
Q3UC32,Arpc5,1.0873455973115258,NA,NA,-2.001978638536926,NA,NA,NA,FALSE,n.s.
Q3UCQ1,Foxk2,-0.9077635909564926,0.08071317688467933,0.9998429551679517,0.4998364978224043,NA,NA,FALSE,FALSE,n.s.
Q3UD01,Atxn7l3b,0.1257142518028535,NA,NA,-0.7781976165692892,NA,NA,NA,FALSE,n.s.
Q3UEZ8,Slc10a4,-1.6554304251804615,0.13434312935031026,0.9998429551679517,-0.8503226889493847,NA,NA,FALSE,FALSE,n.s.
Q3UF64,Rnft2,0.9179091164333021,NA,NA,-0.23360815394066256,NA,NA,NA,FALSE,n.s.
Q3UFK8,Frmd8,-0.359574283132291,NA,NA,-0.8816215613233082,0.26342225961383625,0.9998479593710528,FALSE,FALSE,n.s.
Q3UFQ8,Carmil3,0.165623254359093,NA,NA,0.43860558739818345,0.30252105189085376,0.9998479593710528,FALSE,FALSE,n.s.
Q3UFS4,Gpatch11,0.2416443636044357,NA,NA,-0.317331085862062,NA,NA,NA,FALSE,n.s.
Q3UGZ4,Sptbn2,-0.4883677780844346,0.2288687481614078,0.9998429551679517,-0.051723163496387226,NA,NA,FALSE,FALSE,n.s.
Q3UH68,Limch1,2.1048815895967783,NA,NA,0.2632874476499218,0.36304669688030955,0.9998479593710528,FALSE,FALSE,n.s.
Q3UH99,Shisa6,-0.014453783185891049,NA,NA,0.2326391676291099,NA,NA,NA,FALSE,n.s.
Q3UHI0,Ccser2,0.09549707437748091,0.9045537395157277,0.9998429551679517,0.011185019002191819,NA,NA,FALSE,FALSE,n.s.
Q3UHK1,Slc2a13,-1.284059607626725,0.3389918413590963,0.9998429551679517,-0.7864911517302936,NA,NA,FALSE,FALSE,n.s.
Q3UHK8,Tnrc6a,0.6445239975490531,NA,NA,-0.39932341616503425,0.4602151202968404,0.9998479593710528,FALSE,FALSE,n.s.
Q3UHY7,Ccdc32,0.5013169319494619,NA,NA,1.12151199922854,0.3710853735815269,0.9998479593710528,FALSE,FALSE,n.s.
Q3UIW5,Rnf10,0.5046308433135289,NA,NA,-6.697076645942236,NA,NA,NA,FALSE,n.s.
Q3UJ81,Cnep1r1,-0.46585857642696377,NA,NA,0.06065199918636341,NA,NA,NA,FALSE,n.s.
Q3UJK4,Gtpbp2,1.1983839168452604,NA,NA,-0.2176609927223586,NA,NA,NA,FALSE,n.s.
Q3ULG4,Psmd4,-1.3281086162731455,NA,NA,-0.7133921979881329,0.6938441453134037,0.9998479593710528,FALSE,FALSE,n.s.
Q3UMG5,Lrch2,-0.37348035414606534,0.3069126778029164,0.9998429551679517,1.5971682812628747,NA,NA,FALSE,FALSE,n.s.
Q3UN02,Lclat1,-0.7278358304314195,0.516977127669052,0.9998429551679517,-0.7192868191712432,NA,NA,FALSE,FALSE,n.s.
Q3UN04,Usp30,0.029199386391464823,NA,NA,0.29455118887981246,0.7411448641493033,0.9998479593710528,FALSE,FALSE,n.s.
Q3UNA4,Nxt2,0.22135752432315622,NA,NA,-0.5907100202736877,NA,NA,NA,FALSE,n.s.
Q3UPH7,Arhgef40,-0.4866833508111424,NA,NA,0.36059315834169187,0.5499321782431584,0.9998479593710528,FALSE,FALSE,n.s.
Q3UQ44,Iqgap2,-0.23746272652297773,0.34460902269205995,0.9998429551679517,0.9490219435723227,NA,NA,FALSE,FALSE,n.s.
Q3URE9,Lingo2,0.41185639488915,0.6400874645753463,0.9998429551679517,-0.9821712936199721,NA,NA,FALSE,FALSE,n.s.
Q3URQ0,Tex10,0.12635791036153593,0.8162853301382433,0.9998429551679517,1.3772829779708204,NA,NA,FALSE,FALSE,n.s.
Q3URU2,Peg3,-0.7096266751505911,NA,NA,0.7906617597758666,0.2943040568187925,0.9998479593710528,FALSE,FALSE,n.s.
Q3UXU0,Tsc22d1,-1.2989083088852749,NA,NA,0.3681017809103466,NA,NA,NA,FALSE,n.s.
Q3UY32,Snapin,0.61080640779318,NA,NA,-0.33083823812425583,0.7685463253188116,0.9998479593710528,FALSE,FALSE,n.s.
Q3UY96,Cfap74,-1.357750859185785,0.20223090535940158,0.9998429551679517,2.7336593728540612,NA,NA,FALSE,FALSE,n.s.
Q3UYK4,Rims4,-0.08122051162751823,NA,NA,0.14341272394377422,NA,NA,NA,FALSE,n.s.
Q3UZ28,Acin1,-0.33242982097398077,NA,NA,0.479134618347509,NA,NA,NA,FALSE,n.s.
Q3UZA1,Rcsd1,0.3540376243450495,NA,NA,-0.28873102870077544,NA,NA,NA,FALSE,n.s.
Q3UZP4,Svip,0.08617429332505515,NA,NA,-0.2770910933277721,NA,NA,NA,FALSE,n.s.
Q3V038,Ttc9,0.9855658104959044,NA,NA,-0.46169424752369725,0.41570653587607187,0.9998479593710528,FALSE,FALSE,n.s.
Q3V0C5,Usp48,0.09641045353041089,0.8787924371428841,0.9998429551679517,-0.24475467034468648,NA,NA,FALSE,FALSE,n.s.
Q3V113,Pygo2,-1.1993845553799767,NA,NA,0.002774217071954255,NA,NA,NA,FALSE,n.s.
Q497V5,Srbd1,-0.10409070383545549,NA,NA,-0.1993232944385393,0.8808324955011865,0.9998479593710528,FALSE,FALSE,n.s.
Q499E5,Stox2,0.1989339779811071,NA,NA,-0.3347730747890482,NA,NA,NA,FALSE,n.s.
Q4PZA2,Ece1,0.41918810861946265,0.26457521666610867,0.9998429551679517,-0.31291370391176826,NA,NA,FALSE,FALSE,n.s.
Q4V9X0,Ppp3ca,-0.9205212143797665,NA,NA,0.026783960600609374,NA,NA,NA,FALSE,n.s.
Q4VAC9,Plekhg3,1.2446805743164813,NA,NA,-0.7525519809722925,0.13146421701598782,0.9998479593710528,FALSE,FALSE,n.s.
Q501J7,Phactr4,0.25786734164848873,NA,NA,-0.32839972786959565,0.4405785767434367,0.9998479593710528,FALSE,FALSE,n.s.
Q505D9,Trim67,-0.48082166086665384,NA,NA,-0.04118451661447409,0.9395530823364595,0.9998479593710528,FALSE,FALSE,n.s.
Q52L53,Psmc4,0.08260767830485992,NA,NA,-0.13287270538787468,NA,NA,NA,FALSE,n.s.
Q56A08,Gpkow,1.2760965955700856,NA,NA,0.41909929850166916,0.6741468181291963,0.9998479593710528,FALSE,FALSE,n.s.
Q570Y9,Deptor,0.04323603039951296,NA,NA,-1.0437382432053819,0.13959806825343138,0.9998479593710528,FALSE,FALSE,n.s.
Q571E4,Galns,-0.043882256597993816,0.9620981095229793,0.9998429551679517,-0.5628701735855194,NA,NA,FALSE,FALSE,n.s.
Q571K4,Tab3,0.07398503556860207,NA,NA,0.6537594892369362,0.34991473833732634,0.9998479593710528,FALSE,FALSE,n.s.
Q58A65,Spag9,-0.6186049297280031,NA,NA,1.26073878473329,NA,NA,NA,FALSE,n.s.
Q5BKS5,Hook3,1.5642652361470861,NA,NA,-0.224457939251302,NA,NA,NA,FALSE,n.s.
Q5BU09,Eapp,-0.5574389153822649,NA,NA,0.0992417232361906,NA,NA,NA,FALSE,n.s.
Q5DTL9,Slc4a10,-0.5098257332850147,0.6400817396328345,0.9998429551679517,-0.9890666109304003,NA,NA,FALSE,FALSE,n.s.
Q5DTU0,Afap1l2,-2.065386998463241,NA,NA,0.11182390206956655,NA,NA,NA,FALSE,n.s.
Q5DU25,Iqsec2,3.7859648798282453,NA,NA,-0.28826638803370175,NA,NA,NA,FALSE,n.s.
Q5EBH1,Rassf5,0.18847511980683507,NA,NA,-0.02926642363186914,0.9777521552722599,0.9998479593710528,FALSE,FALSE,n.s.
Q5F285,Tmem256,1.313567693935468,NA,NA,-0.12399350127631623,NA,NA,NA,FALSE,n.s.
Q5FWH2,Unkl,-0.09188065629448465,0.899183846695637,0.9998429551679517,-0.19208111620433777,NA,NA,FALSE,FALSE,n.s.
Q5FWK3,Arhgap1,-0.08161749413461714,NA,NA,0.01414770236053819,NA,NA,NA,FALSE,n.s.
Q5GH67,Xkr4,-0.37300327426980273,NA,NA,0.11551492448151733,NA,NA,NA,FALSE,n.s.
Q5HZJ0,Drosha,0.014507772725171229,0.9870114987287253,0.9998429551679517,-0.4415195562612514,NA,NA,FALSE,FALSE,n.s.
Q5MPP0,Fa2h,0.3597557375991962,NA,NA,0.29910308545463377,0.6952738996476436,0.9998479593710528,FALSE,FALSE,n.s.
Q5NCR9,Nsrp1,-1.0683420157676777,NA,NA,0.9694432639568232,NA,NA,NA,FALSE,n.s.
Q5ND52,Mrm3,-1.0974373628579,NA,NA,0.28962089751549713,NA,NA,NA,FALSE,n.s.
Q5PRF0,Heatr5a,-0.8342081693318004,NA,NA,0.9536627097663262,0.07753360569866537,0.9998479593710528,FALSE,FALSE,n.s.
Q5RJH6,Smg7,-0.17914845009961902,0.666430115581941,0.9998429551679517,0.4048559567339157,NA,NA,FALSE,FALSE,n.s.
Q5SFM8,Rbm27,0.07388014184067798,0.9144173840468832,0.9998429551679517,-0.0750062587448625,NA,NA,FALSE,FALSE,n.s.
Q5SS83,Flot2,-1.9921067204744782,NA,NA,0.0262417463225795,0.9660558537247473,0.9998479593710528,FALSE,FALSE,n.s.
Q5SSK3,Tefm,0.3452212785288318,NA,NA,-0.8429521164609869,NA,NA,NA,FALSE,n.s.
Q5SSL4,Abr,-0.278409492702001,0.6747278436093278,0.9998429551679517,0.7987473733669495,NA,NA,FALSE,FALSE,n.s.
Q5SUQ9,Ctc1,-0.05712764506134334,0.9330876259770968,0.9998429551679517,0.8092665907113609,NA,NA,FALSE,FALSE,n.s.
Q5SVL6,Rap1gap2,-0.238386968597937,0.6671497185721328,0.9998429551679517,1.4608352322898053,NA,NA,FALSE,FALSE,n.s.
Q5SXY1,Specc1,0.04194488015234167,NA,NA,-0.2062303676330179,NA,NA,NA,FALSE,n.s.
Q5SYH2,Tmem199,0.35227707581320694,NA,NA,-0.362199242145709,NA,NA,NA,FALSE,n.s.
Q5U419,Mfsd3,0.7509490927856548,NA,NA,-0.17803017100771631,NA,NA,NA,FALSE,n.s.
Q5U4D8,Slc5a6,0.04724454240600099,NA,NA,-1.1175862183802532,NA,NA,NA,FALSE,n.s.
Q5U4D9,Thoc6,-0.08090190463268973,0.8997573141587548,0.9998429551679517,-0.30376012256023477,NA,NA,FALSE,FALSE,n.s.
Q5UCA9,Rnase4,-0.31198384488716097,NA,NA,0.00887586087418217,NA,NA,NA,FALSE,n.s.
Q5XG71,Utp20,0.6081707679653797,NA,NA,-1.4530178890640726,0.13968955395500846,0.9998479593710528,FALSE,FALSE,n.s.
Q5XG73,Acbd5,-1.2206595875579889,NA,NA,-0.46634783970921106,0.34713309692960936,0.9998479593710528,FALSE,FALSE,n.s.
Q5XJE5,Leo1,-0.7632130002409356,NA,NA,0.05260190876747709,NA,NA,NA,FALSE,n.s.
Q5XJY4,Parl,-0.6378579649768488,0.47797785718836183,0.9998429551679517,0.12244123871274207,NA,NA,FALSE,FALSE,n.s.
Q5Y5T1,Zdhhc20,-0.03153216400641799,NA,NA,0.4533450695024364,0.5623164764822185,0.9998479593710528,FALSE,FALSE,n.s.
Q60584,Fbxw2,-0.22341349078740855,0.6696702835921388,0.9998429551679517,-0.28258014677222915,NA,NA,FALSE,FALSE,n.s.
Q60605,Myl6,-0.019141410005600098,NA,NA,3.568711144182372,0.01864362408060234,0.9998479593710528,TRUE,FALSE,Region-specific
Q60625,Icam5,1.2215373568234658,0.5288599244441099,0.9998429551679517,0.10051871489782684,NA,NA,FALSE,FALSE,n.s.
Q60634,Flot2,2.601801681551408,0.057223818791464764,0.9998429551679517,0.21479392883374748,NA,NA,FALSE,FALSE,n.s.
Q60680,Chuk,-0.01325078134127553,0.9832661468341346,0.9998429551679517,0.05987997823624797,NA,NA,FALSE,FALSE,n.s.
Q60700,Map3k12,-0.47310886078669323,0.3238679281267209,0.9998429551679517,-0.8455610010614545,NA,NA,FALSE,FALSE,n.s.
Q60829,Ppp1r1b,0.8067600831245024,0.7772698883849731,0.9998429551679517,0.680895522535641,NA,NA,FALSE,FALSE,n.s.
Q60854,Serpinb6,-0.31298174617823316,0.6711175357860689,0.9998429551679517,-2.999813192107682,NA,NA,FALSE,FALSE,n.s.
Q60875,Arhgef2,-5.499615982380041,NA,NA,-0.17010957231212198,0.7071171862688074,0.9998479593710528,FALSE,FALSE,n.s.
Q60996,Ppp2r5c,1.1898467467906266,NA,NA,-1.8982461187928479,NA,NA,NA,FALSE,n.s.
Q61001,Lama5,-0.1785841544738498,NA,NA,-1.2013346663302154,0.2847733691805023,0.9998479593710528,FALSE,FALSE,n.s.
Q61026,Ncoa2,-0.8827630828185495,0.12974017346946062,0.9998429551679517,-0.3198795742683788,NA,NA,FALSE,FALSE,n.s.
Q61048,Wbp4,-0.018370070521266834,NA,NA,0.07494249345989315,NA,NA,NA,FALSE,n.s.
Q61062,Dvl3,-1.9684431344063078,NA,NA,2.2410443829124045,NA,NA,NA,FALSE,n.s.
Q61070,Ei24,-0.44044868254599806,NA,NA,0.256587828609735,NA,NA,NA,FALSE,n.s.
Q61107,Gbp3,-0.791032728782572,NA,NA,1.0933061301312856,NA,NA,NA,FALSE,n.s.
Q61160,Fadd,-1.277982036951605,NA,NA,1.0766474083307398,NA,NA,NA,FALSE,n.s.
Q61220,Nell2,-0.2869551574518711,0.5589075164821029,0.9998429551679517,0.33288071006183295,NA,NA,FALSE,FALSE,n.s.
Q61235,Sntb2,0.037660626984931916,NA,NA,-0.05688868806918334,0.9306200632398527,0.9998479593710528,FALSE,FALSE,n.s.
Q61337,Bad,0.041131042328701684,NA,NA,-0.033789926218606985,NA,NA,NA,FALSE,n.s.
Q61387,Cox7a2l,0.7076962980284726,0.5429767413754704,0.9998429551679517,-0.7053378989590204,NA,NA,FALSE,FALSE,n.s.
Q61458,Ccnh,-0.40035988940931133,0.626406486601227,0.9998429551679517,1.0478695059725938,NA,NA,FALSE,FALSE,n.s.
Q61500,Itm2a,0.398588198319758,NA,NA,-0.6799113347064281,NA,NA,NA,FALSE,n.s.
Q61559,Fcgrt,-0.6288392960978781,NA,NA,0.08359472656181634,NA,NA,NA,FALSE,n.s.
Q61576,Fkbp10,1.5524500124633416,NA,NA,0.25400651407762925,0.7719782437483297,0.9998479593710528,FALSE,FALSE,n.s.
Q61626,Grik5,-0.8342805675046159,0.3375166844975387,0.9998429551679517,-0.9853109547246018,NA,NA,FALSE,FALSE,n.s.
Q61655,Ddx19a,0.07836364470861282,NA,NA,-0.19763354343784365,0.8211613626475425,0.9998479593710528,FALSE,FALSE,n.s.
Q61696,Hspa1a,0.7379953062459663,NA,NA,-0.1751493734039157,0.8069778777160004,0.9998479593710528,FALSE,FALSE,n.s.
Q61730,Il1rap,0.7399454707213667,NA,NA,-0.09151730357599012,0.8711137229796995,0.9998479593710528,FALSE,FALSE,n.s.
Q61818,Rai1,-0.5756779496032777,0.15703762115611972,0.9998429551679517,0.4989846661768337,NA,NA,FALSE,FALSE,n.s.
Q61879,Myh10,0.2663177950615161,NA,NA,-0.0016966945061108237,NA,NA,NA,FALSE,n.s.
Q62087,Pon3,-0.14579767120606604,NA,NA,-0.761177679050103,0.28823435969251565,0.9998479593710528,FALSE,FALSE,n.s.
Q62092,Nsg1,-0.6357934939504862,NA,NA,-1.0527500693159093,0.16956516444474828,0.9998479593710528,FALSE,FALSE,n.s.
Q62093,Srsf2,-0.5026749904317418,NA,NA,1.4529383484607608,NA,NA,NA,FALSE,n.s.
Q62120,Jak2,0.5723838564890464,0.5026798884467699,0.9998429551679517,0.5023772801385852,NA,NA,FALSE,FALSE,n.s.
Q62141,Sin3b,0.06152508553443627,0.947733523473776,0.9998429551679517,2.1026097153890158,NA,NA,FALSE,FALSE,n.s.
Q62186,Ssr4,0.7494560168166665,NA,NA,-0.825126226041447,NA,NA,NA,FALSE,n.s.
Q62192,Cd180,0.37404191258244085,NA,NA,-1.0479838078013632,NA,NA,NA,FALSE,n.s.
Q62210,Birc2,0.9265493252461192,NA,NA,0.37670514667318766,0.4006641672843703,0.9998479593710528,FALSE,FALSE,n.s.
Q62276,Med22,-0.03192070972152485,NA,NA,0.36082173776596876,NA,NA,NA,FALSE,n.s.
Q62283,Tspan7,0.8893834790207183,NA,NA,-0.8782656591862599,NA,NA,NA,FALSE,n.s.
Q62311,Taf6,-0.5442424645760603,NA,NA,0.17467966207493318,NA,NA,NA,FALSE,n.s.
Q62356,Fstl1,0.6249302441818316,NA,NA,0.4106469888691608,0.7481428769178021,0.9998479593710528,FALSE,FALSE,n.s.
Q62392,Phlda1,0.2615839938059718,NA,NA,-0.2785136457486144,NA,NA,NA,FALSE,n.s.
Q62417,Sorbs1,-0.933004911224572,NA,NA,0.6402863235353172,NA,NA,NA,FALSE,n.s.
Q62442,Vamp1,2.5388932875290413,NA,NA,-0.1591334850534437,NA,NA,NA,FALSE,n.s.
Q62448,Eif4g2,0.028638732222403707,NA,NA,-0.19510360214629796,NA,NA,NA,FALSE,n.s.
Q62470,Itga3,1.1969977834777255,NA,NA,-0.35822315513824693,NA,NA,NA,FALSE,n.s.
Q63959,Kcnc3,1.59400780958361,NA,NA,1.6256747242320815,0.3221017067181075,0.9998479593710528,FALSE,FALSE,n.s.
Q63961,Eng,0.9112933920074434,NA,NA,-0.30199692047789073,NA,NA,NA,FALSE,n.s.
Q64092,Tfe3,-0.07218612969943815,NA,NA,0.37148140351828773,NA,NA,NA,FALSE,n.s.
Q64127,Trim24,-0.3387474637987162,0.2025292280996053,0.9998429551679517,-0.11692645336284545,NA,NA,FALSE,FALSE,n.s.
Q64151,Sema4c,0.9780469548207138,NA,NA,-0.7319932691056936,NA,NA,NA,FALSE,n.s.
Q64191,Aga,0.4652395320225427,NA,NA,-0.25073314568685556,NA,NA,NA,FALSE,n.s.
Q64237,Dbh,-1.5335684143567667,NA,NA,0.20503425177125398,0.8259137560413458,0.9998479593710528,FALSE,FALSE,n.s.
Q64324,Stxbp2,-1.1079538081818627,NA,NA,-1.0740503966171215,0.2680047622309566,0.9998479593710528,FALSE,FALSE,n.s.
Q64331,Myo6,0.4337169442063628,0.17775963172301773,0.9998429551679517,0.21379964647220664,NA,NA,FALSE,FALSE,n.s.
Q64338,Pde1c,-0.15172822994568377,NA,NA,-0.037210339236828455,0.9661070112484599,0.9998479593710528,FALSE,FALSE,n.s.
Q64339,Isg15,-1.2715093703828537,NA,NA,0.18046828386328392,NA,NA,NA,FALSE,n.s.
Q64430,Atp7a,-0.15323931348880343,NA,NA,-0.1047488059260702,0.7254560006935091,0.9998479593710528,FALSE,FALSE,n.s.
Q64449,Mrc2,0.07004170122393023,NA,NA,-1.0536520128813456,NA,NA,NA,FALSE,n.s.
Q64467,Gapdhs,0.20153326965250568,NA,NA,-0.13577259589366875,NA,NA,NA,FALSE,n.s.
Q64487,Ptprd,-0.06486225217970619,0.8869575286928018,0.9998429551679517,-0.5387991439597786,NA,NA,FALSE,FALSE,n.s.
Q64516,Gk,-0.7162798223480242,NA,NA,2.8184598729615096,2.1910285667959708e-6,0.0039862113058574695,TRUE,FALSE,Region-specific
Q64523,H2ac20,-0.29024740991318243,NA,NA,0.9780167903093417,0.6886564881019746,0.9998479593710528,FALSE,FALSE,n.s.
Q66JX5,Cep43,0.08552516168715281,NA,NA,-1.014699016798194,NA,NA,NA,FALSE,n.s.
Q66L42,Map3k10,-0.37657625507190495,0.48124040946946733,0.9998429551679517,-0.4700440977096358,NA,NA,FALSE,FALSE,n.s.
Q67BT3,Slc13a5,-1.3704717525286554,0.18050770144281758,0.9998429551679517,-0.33784244374602584,NA,NA,FALSE,FALSE,n.s.
Q68EF6,Begain,1.808454144717584,NA,NA,0.1633159275597967,0.7381347061181349,0.9998479593710528,FALSE,FALSE,n.s.
Q68FE2,Atg9a,-0.4832409393246242,0.6416301880797064,0.9998429551679517,-0.7690901950177746,NA,NA,FALSE,FALSE,n.s.
Q68FF6,Git1,1.1614585820301422,0.028792082559539352,0.9998429551679517,-0.022743087572072246,NA,NA,TRUE,FALSE,Region-specific
Q68FM4,Ptprm,1.0099921180396736,NA,NA,-1.2578831943469853,NA,NA,NA,FALSE,n.s.
Q69Z89,Radil,-0.25279533206991067,0.6663863626674533,0.9998429551679517,0.29597460794953057,NA,NA,FALSE,FALSE,n.s.
Q69Z98,Brsk2,-0.44302810271244053,NA,NA,0.4395396941401361,NA,NA,NA,FALSE,n.s.
Q69ZB3,Tspyl5,-0.5556685140277484,NA,NA,0.5912007103685301,NA,NA,NA,FALSE,n.s.
Q69ZC8,Gpalpp1,0.5071219423850412,0.718421415710564,0.9998429551679517,0.48414732111566666,NA,NA,FALSE,FALSE,n.s.
Q69ZF7,Cnnm4,-0.15510350037737888,0.8256337461488386,0.9998429551679517,0.5764578651646488,NA,NA,FALSE,FALSE,n.s.
Q69ZJ7,Ric1,0.14510937785763164,0.6888537912427671,0.9998429551679517,-0.4711209880720685,NA,NA,FALSE,FALSE,n.s.
Q69ZP3,Pnkd,0.38205052707747467,NA,NA,0.17487078834249178,0.7759880773737831,0.9998479593710528,FALSE,FALSE,n.s.
Q69ZQ2,Isy1,1.093982514668356,NA,NA,-0.5902305334682164,NA,NA,NA,FALSE,n.s.
Q69ZZ6,Tmcc1,-0.42501872966431353,NA,NA,0.18118500545925123,0.7098164883333155,0.9998479593710528,FALSE,FALSE,n.s.
Q6A039,Tbc1d12,0.09125987396414208,NA,NA,-0.6650355229480396,NA,NA,NA,FALSE,n.s.
Q6DFV5,Helz,0.15772299687962574,0.7137099539866525,0.9998429551679517,-1.1951462429277453,NA,NA,FALSE,FALSE,n.s.
Q6DFW5,Atp11b,0.03953512042363089,0.9582308383809319,0.9998429551679517,-0.1522253746852385,NA,NA,FALSE,FALSE,n.s.
Q6DFY8,Brinp2,0.9822839912172574,0.11963695446847146,0.9998429551679517,-1.0987861636331309,NA,NA,FALSE,FALSE,n.s.
Q6DIA2,Exoc3l4,5.319494806923136,NA,NA,0.2333143913016088,0.5641593497188113,0.9998479593710528,FALSE,FALSE,n.s.
Q6DVA0,Lemd2,1.3716926994530105,NA,NA,-0.41677612617587234,NA,NA,NA,FALSE,n.s.
Q6IEE6,Tmem132e,-0.2484373322879396,NA,NA,-0.38013296094404037,0.58362884078624,0.9998479593710528,FALSE,FALSE,n.s.
Q6NS82,Retreg2,-0.024900364007574578,NA,NA,0.38461808508536804,NA,NA,NA,FALSE,n.s.
Q6NTA4,Rragb,-0.10063032095398415,NA,NA,-1.5886943034663024,0.3860361885777518,0.9998479593710528,FALSE,FALSE,n.s.
Q6NVE9,Pptc7,0.7450385942842866,0.6148756387833371,0.9998429551679517,0.0675122482485348,NA,NA,FALSE,FALSE,n.s.
Q6NXK7,Dpp10,0.05861084997551689,0.8981215967924283,0.9998429551679517,3.207784432517439,NA,NA,FALSE,FALSE,n.s.
Q6NXK9,Man1c1,-0.7339478423351382,NA,NA,0.5067547709316628,NA,NA,NA,FALSE,n.s.
Q6NXN1,Szrd1,-0.40759816983315283,NA,NA,0.4750956448480519,NA,NA,NA,FALSE,n.s.
Q6P1D5,Sez6l,0.7855752295088093,0.42192683437794815,0.9998429551679517,0.20725939062114257,NA,NA,FALSE,FALSE,n.s.
Q6P1E1,Zmiz1,1.4199261858519894,NA,NA,-1.0752167385866118,NA,NA,NA,FALSE,n.s.
Q6P1I3,Kics2,-1.0156476001512067,NA,NA,0.19645209257036658,NA,NA,NA,FALSE,n.s.
Q6P3D0,Nudt16,1.365238383636488,NA,NA,0.4854147002722743,0.7082746917483406,0.9998479593710528,FALSE,FALSE,n.s.
Q6P4S8,Ints1,-0.4705139646767601,0.45760519097396146,0.9998429551679517,-6.364281978365693,NA,NA,FALSE,FALSE,n.s.
Q6P5D4,Cep135,-0.964158483096064,NA,NA,0.9341285865211885,NA,NA,NA,FALSE,n.s.
Q6P5G0,Mapk4,1.1058762281284125,NA,NA,0.10645636045241928,0.8541377542192334,0.9998479593710528,FALSE,FALSE,n.s.
Q6P6I6,Polr2m,0.10172990642523796,0.8569200416255215,0.9998429551679517,-0.1251778740753573,NA,NA,FALSE,FALSE,n.s.
Q6P6J0,Adat2,0.26509930963170897,NA,NA,-0.43032554729819816,NA,NA,NA,FALSE,n.s.
Q6P6J9,Txndc15,1.2988510623015304,NA,NA,-0.029823542025172813,NA,NA,NA,FALSE,n.s.
Q6P7T7,Rab2b,-1.484284978858631,NA,NA,0.8587897933977837,NA,NA,NA,FALSE,n.s.
Q6P8I6,Cox11,-0.5327953895385918,NA,NA,1.2863826440780304,NA,NA,NA,FALSE,n.s.
Q6P9N8,Trak2,-1.5155784713812583,0.3588669897053777,0.9998429551679517,-1.4050873878570627,NA,NA,FALSE,FALSE,n.s.
Q6P9R1,Ddx51,0.1980472289153524,0.4643667658888113,0.9998429551679517,-0.16896823786079998,NA,NA,FALSE,FALSE,n.s.
Q6P9Z1,Smarcd3,0.0361469326510996,NA,NA,-0.474485006349732,NA,NA,NA,FALSE,n.s.
Q6PCM2,Ints6,0.15432430854696577,0.7494736272554784,0.9998429551679517,-0.14346148314435436,NA,NA,FALSE,FALSE,n.s.
Q6PDG8,Mon1a,0.026519316621963544,0.9725088396384034,0.9998429551679517,0.008298954556731866,NA,NA,FALSE,FALSE,n.s.
Q6PDJ6,Fbxo42,-0.005734009967816371,0.9942900365918759,0.9998429551679517,-0.02241239706108163,NA,NA,FALSE,FALSE,n.s.
Q6PDM1,Msl1,-0.6299417008860542,NA,NA,1.52043604801542,NA,NA,NA,FALSE,n.s.
Q6PDX6,Rnf220,0.16938101910187986,0.837070644123901,0.9998429551679517,-1.5773605389927705,NA,NA,FALSE,FALSE,n.s.
Q6PEB6,Mob4,-0.3370080940901825,0.8458882270495093,0.9998429551679517,2.2258869687384837,NA,NA,FALSE,FALSE,n.s.
Q6PEE3,Rrm2b,-0.4960569570147438,NA,NA,0.9639371221809078,NA,NA,NA,FALSE,n.s.
Q6PFE7,Tmeff1,1.5877277406299262,0.3493979280419672,0.9998429551679517,-1.0137841042011286,NA,NA,FALSE,FALSE,n.s.
Q6PGH2,Jpt2,0.6063931150051363,NA,NA,-0.5879514169543529,0.25063477907120457,0.9998479593710528,FALSE,FALSE,n.s.
Q6PGK3,2700097O09Rik,-0.8671088491868395,NA,NA,-0.13895756481653584,0.7456096751084167,0.9998479593710528,FALSE,FALSE,n.s.
Q6PHZ5,Rbm15b,0.8000914788606263,NA,NA,-0.26409475922003783,NA,NA,NA,FALSE,n.s.
Q6PR54,Rif1,0.757979993301103,0.6977237504935827,0.9998429551679517,0.17827447994608317,NA,NA,FALSE,FALSE,n.s.
Q6QWF9,Camk2n1,-0.45756799178062363,0.6935805783961504,0.9998429551679517,-0.5642178460356254,NA,NA,FALSE,FALSE,n.s.
Q6RKD8,Flrt1,0.18668588550855114,0.7405737720073078,0.9998429551679517,-0.7547752658512966,NA,NA,FALSE,FALSE,n.s.
Q6RUT7,Uqcc4,-1.1031923882535979,NA,NA,0.08463749456882455,NA,NA,NA,FALSE,n.s.
Q6VGS5,Ccdc88c,1.1607321923556597,NA,NA,-0.5955382988202799,NA,NA,NA,FALSE,n.s.
Q6VN19,Ranbp10,0.03617989349837069,0.8789468942104083,0.9998429551679517,0.9644909916775798,NA,NA,FALSE,FALSE,n.s.
Q6VNS1,Ntrk3,-0.4041394723883613,0.7429355743044878,0.9998429551679517,0.9347829103469645,NA,NA,FALSE,FALSE,n.s.
Q6XPS7,Tha1,-0.035018043432511706,0.904939223098728,0.9998429551679517,0.8538041610050104,NA,NA,FALSE,FALSE,n.s.
Q6XUX1,Dstyk,-0.5961295573183495,NA,NA,-0.8172383639103757,0.10525488236078387,0.9998479593710528,FALSE,FALSE,n.s.
Q6Y685,Tacc1,-0.4162881533706212,NA,NA,0.05887439850374258,NA,NA,NA,FALSE,n.s.
Q6ZPF4,Fmnl3,1.2473837041193572,NA,NA,-0.5798484424559052,NA,NA,NA,FALSE,n.s.
Q6ZPK0,Phf21a,0.442520969656658,NA,NA,-0.4705838687372228,NA,NA,NA,FALSE,n.s.
Q6ZPK7,Zfyve28,-0.32888827654216146,0.5463678608553268,0.9998429551679517,-0.7578877198849273,NA,NA,FALSE,FALSE,n.s.
Q6ZQ08,Cnot1,0.5088909770392052,NA,NA,-0.18378935925865186,0.42619839215627986,0.9998479593710528,FALSE,FALSE,n.s.
Q6ZQ56,mKIAA0743,0.5615192493728418,NA,NA,0.01834893934903034,0.9702177720563863,0.9998479593710528,FALSE,FALSE,n.s.
Q6ZQ73,Cand2,-0.9025784870210691,NA,NA,0.1070338793177822,NA,NA,NA,FALSE,n.s.
Q6ZQB6,Ppip5k2,0.6729224432401967,0.20760271941732855,0.9998429551679517,-1.0698511307116305,NA,NA,FALSE,FALSE,n.s.
Q6ZQF7,Jade2,1.0384784829215368,NA,NA,-0.26662409427670386,NA,NA,NA,FALSE,n.s.
Q6ZQL4,Wdr43,0.36945441773265325,0.6248174059806131,0.9998429551679517,0.06449129847894577,NA,NA,FALSE,FALSE,n.s.
Q6ZWU9,Rps27,0.17354368665793513,NA,NA,0.0477275301876387,0.9615268757535482,0.9998479593710528,FALSE,FALSE,n.s.
Q6ZWY3,Rps27l,0.2540396597831655,NA,NA,-0.32235096738862434,NA,NA,NA,FALSE,n.s.
Q6ZWY8,Tmsb10,1.5784939346012175,NA,NA,-1.0681751894988918,NA,NA,NA,FALSE,n.s.
Q76I79,Ssh1,-0.2738920676635833,NA,NA,-0.8399996270085363,0.09046903693450559,0.9998479593710528,FALSE,FALSE,n.s.
Q78JN3,Eci3,1.406456805487898,NA,NA,-0.6638403164683006,NA,NA,NA,FALSE,n.s.
Q78T54,Vma21,-0.07790639194837404,NA,NA,0.6632905911173754,NA,NA,NA,FALSE,n.s.
Q78T81,Eeig1,-0.08550736128970317,NA,NA,0.07880283071985503,NA,NA,NA,FALSE,n.s.
Q78TU8,Fam107a,0.2233159366775925,0.7134427162715247,0.9998429551679517,-0.05195271000431028,NA,NA,FALSE,FALSE,n.s.
Q78XF5,Ostc,1.5910487648513814,NA,NA,-0.9057094720755041,NA,NA,NA,FALSE,n.s.
Q78YZ6,Scoc,-0.22028963053735032,NA,NA,0.21922404374066348,NA,NA,NA,FALSE,n.s.
Q792Z1,Try10,-1.0830621530196463,NA,NA,0.7323771552224263,NA,NA,NA,FALSE,n.s.
Q7JJ13,Brd2,0.05959700491288827,0.9190229970395916,0.9998429551679517,-0.37115619756219365,NA,NA,FALSE,FALSE,n.s.
Q7M739,Tpr,-0.5546338647425667,NA,NA,1.1242856609749532,NA,NA,NA,FALSE,n.s.
Q7M750,Opalin,0.07799535706131747,NA,NA,1.728255605059326,0.05301619702463717,0.9998479593710528,FALSE,FALSE,n.s.
Q7SIG6,Asap2,0.07875752473300955,NA,NA,0.4350626683519386,0.2707987692462744,0.9998479593710528,FALSE,FALSE,n.s.
Q7TMK9,Syncrip,0.14968703092756222,0.8180697492522456,0.9998429551679517,-1.1119848765938367,NA,NA,FALSE,FALSE,n.s.
Q7TMR0,Prcp,0.3266717427509539,0.7484055792427887,0.9998429551679517,1.572711524912926,NA,NA,FALSE,FALSE,n.s.
Q7TMS5,Abcg2,3.5188586813785707,NA,NA,0.33378348612415154,0.7634020390246974,0.9998479593710528,FALSE,FALSE,n.s.
Q7TMW6,Ciao3,0.7585874172351851,0.3162919068585183,0.9998429551679517,0.013693817249411709,NA,NA,FALSE,FALSE,n.s.
Q7TMX4,Eftud2,0.85208681459318,NA,NA,0.38812082890949223,0.2580319428761489,0.9998479593710528,FALSE,FALSE,n.s.
Q7TN33,Celf6,-0.3664859187533588,NA,NA,0.8823067909997943,NA,NA,NA,FALSE,n.s.
Q7TNC8,Glra2,1.7504194656531302,NA,NA,-0.2165834117771071,NA,NA,NA,FALSE,n.s.
Q7TNF8,Tspoap1,0.2790793084300045,NA,NA,-0.7078955637079186,NA,NA,NA,FALSE,n.s.
Q7TNG8,Ldhd,0.4252556654367337,NA,NA,-0.2080334833546835,NA,NA,NA,FALSE,n.s.
Q7TPG7,Tafa2,-0.5117722128012271,NA,NA,0.6925502841876402,NA,NA,NA,FALSE,n.s.
Q7TPG8,Tafa1,0.848146033012597,0.20585933802441844,0.9998429551679517,-0.7124238473262313,NA,NA,FALSE,FALSE,n.s.
Q7TPQ3,Shprh,0.18998601151387565,0.7533413138940642,0.9998429551679517,0.7010447440492321,NA,NA,FALSE,FALSE,n.s.
Q7TPR4,Actn1,0.7319571645973335,NA,NA,0.5100137058236868,0.21025708613890665,0.9998479593710528,FALSE,FALSE,n.s.
Q7TQA1,Igsf1,0.7808755730528106,NA,NA,-0.3591509857184676,0.624985512382496,0.9998479593710528,FALSE,FALSE,n.s.
Q7TS68,Nsun6,0.22502911638073367,NA,NA,-0.5759044745123116,0.18072116318209222,0.9998479593710528,FALSE,FALSE,n.s.
Q7TSH6,Scaf4,1.0432650155963548,0.4037092518435996,0.9998429551679517,0.7118735548018519,NA,NA,FALSE,FALSE,n.s.
Q7TSH8,Tmem94,-0.15991927185562185,0.7504678466817991,0.9998429551679517,-0.5795392862582878,NA,NA,FALSE,FALSE,n.s.
Q7TT00,Supt20h,0.7014734855094418,0.7305676126540483,0.9998429551679517,1.628751131723409,NA,NA,FALSE,FALSE,n.s.
Q7TT15,Galnt17,-0.3954868673097397,0.6942130196392511,0.9998429551679517,0.06395083591005193,NA,NA,FALSE,FALSE,n.s.
Q7TT18,Atf7ip,0.5422107301432947,0.2802584861606537,0.9998429551679517,-0.43897583311355753,NA,NA,FALSE,FALSE,n.s.
Q7TT23,Dnaaf9,1.9416249375733834,NA,NA,0.08100138206508437,0.8993538738534631,0.9998479593710528,FALSE,FALSE,n.s.
Q80SU7,Gvin1,-0.511156874052841,0.6056324026933206,0.9998429551679517,-1.126219095472107,NA,NA,FALSE,FALSE,n.s.
Q80SY5,Prpf38b,-0.5085924066457,0.5816066887898518,0.9998429551679517,-1.6277719669107917,NA,NA,FALSE,FALSE,n.s.
Q80SY6,Mapda,-0.56208333652127,NA,NA,0.43562205661287834,0.3470642288979984,0.9998479593710528,FALSE,FALSE,n.s.
Q80T69,Rsbn1,-0.5750433318485455,NA,NA,0.06352450741562533,NA,NA,NA,FALSE,n.s.
Q80T85,Dcaf5,1.2256761132394138,NA,NA,-1.0583671546931424,NA,NA,NA,FALSE,n.s.
Q80TA1,Selenoi,1.5343585413832206,NA,NA,-1.3057396994222479,NA,NA,NA,FALSE,n.s.
Q80TF3,Pcdh19,-0.3320053074624297,0.5115757904871285,0.9998429551679517,0.2830142851329341,NA,NA,FALSE,FALSE,n.s.
Q80TI1,Plekhh1,0.16237263180594008,NA,NA,-0.5802375069492955,0.08142467475405425,0.9998479593710528,FALSE,FALSE,n.s.
Q80TZ9,Rere,-0.4316975049723467,0.25004219187161725,0.9998429551679517,-0.6520862224236513,NA,NA,FALSE,FALSE,n.s.
Q80U38,Khnyn,-1.0889656207731109,NA,NA,-0.5479638390995182,0.6659283277092192,0.9998479593710528,FALSE,FALSE,n.s.
Q80U44,Zfyve16,1.2089367319408897,NA,NA,0.9749044706809269,0.2239506710949591,0.9998479593710528,FALSE,FALSE,n.s.
Q80UJ7,Rab3gap1,-0.5184333643562059,0.12232093374857486,0.9998429551679517,-0.7890569113367263,NA,NA,FALSE,FALSE,n.s.
Q80UY1,Carnmt1,-0.3091923532120926,NA,NA,0.48690003926540093,NA,NA,NA,FALSE,n.s.
Q80UY2,Kcmf1,0.27685439126938777,NA,NA,-0.5311178477289137,NA,NA,NA,FALSE,n.s.
Q80V86,Ints8,-1.4073412457857428,0.13465948197626101,0.9998429551679517,-0.14490896520691057,NA,NA,FALSE,FALSE,n.s.
Q80VA0,Galnt7,5.840250284945705,NA,NA,-1.1581615458809642,0.025917117944148655,0.9998479593710528,TRUE,FALSE,Region-specific
Q80VI1,Trim56,0.15542134479819383,NA,NA,-0.5183067779265942,NA,NA,NA,FALSE,n.s.
Q80VJ3,Dnph1,-1.2481609040763806,NA,NA,0.44472396571023115,NA,NA,NA,FALSE,n.s.
Q80VM8,Pnma8a,-0.6447354597446885,0.5004066288742317,0.9998429551679517,-0.15836453113801283,NA,NA,FALSE,FALSE,n.s.
Q80VP5,Mtrfr,1.7648126373104869,NA,NA,-0.6012302934914854,NA,NA,NA,FALSE,n.s.
Q80W37,Snupn,0.34305660939883725,NA,NA,-0.39378948459335844,NA,NA,NA,FALSE,n.s.
Q80WB5,Ntaq1,-0.5301012021413449,NA,NA,-0.5809658923480318,0.3868245654328381,0.9998479593710528,FALSE,FALSE,n.s.
Q80WM4,Hapln4,-0.855591163934846,NA,NA,-0.6745282713599839,0.6469407247081298,0.9998479593710528,FALSE,FALSE,n.s.
Q80WR1,Tspan18,-0.37546866072042345,NA,NA,0.5122199918899174,NA,NA,NA,FALSE,n.s.
Q80WV3,Chst2,-1.927844980367788,NA,NA,1.266631257984156,NA,NA,NA,FALSE,n.s.
Q80X68,Csl,0.5513499258223524,NA,NA,-0.6590741298916553,NA,NA,NA,FALSE,n.s.
Q80XC3,Usp6nl,-1.6911934151658254,NA,NA,0.051191597289472084,NA,NA,NA,FALSE,n.s.
Q80XG9,Lrrtm4,-0.06335033661006738,0.9252451832285561,0.9998429551679517,-0.7203759336847421,NA,NA,FALSE,FALSE,n.s.
Q80XU3,Nucks1,0.8505249900589472,0.5946161456516756,0.9998429551679517,-1.4926451774630372,NA,NA,FALSE,FALSE,n.s.
Q80Y14,Glrx5,-0.29582651403134586,NA,NA,0.19130291261530705,NA,NA,NA,FALSE,n.s.
Q80Y20,Alkbh8,-0.3903893411545913,NA,NA,1.3123146188166825,NA,NA,NA,FALSE,n.s.
Q80YF9,Arhgap33,-0.6175089474422462,0.3665437616038969,0.9998429551679517,0.20757547747028618,NA,NA,FALSE,FALSE,n.s.
Q80YQ2,Med23,-0.09700819991350454,0.8285556821295711,0.9998429551679517,0.6744138843461428,NA,NA,FALSE,FALSE,n.s.
Q80YS6,Afap1,0.30138094522612774,0.8236645596327461,0.9998429551679517,-1.3850272333901807,NA,NA,FALSE,FALSE,n.s.
Q80Z38,Shank2,1.1442277150003193,NA,NA,-2.4314378749583296,NA,NA,NA,FALSE,n.s.
Q80ZQ9,Abitram,0.8249099097123543,NA,NA,-1.1279864258804972,NA,NA,NA,FALSE,n.s.
Q80ZW2,Them6,-0.33639470418198064,NA,NA,0.3759451988108223,NA,NA,NA,FALSE,n.s.
Q810A3,Ttc9c,0.8255356879208403,NA,NA,-1.3327132847344738,NA,NA,NA,FALSE,n.s.
Q810B9,Slitrk3,0.11469466352103447,0.8633972986899277,0.9998429551679517,-0.6873586872986142,NA,NA,FALSE,FALSE,n.s.
Q810D6,Grwd1,-1.39484908922119,NA,NA,0.6992062913159113,NA,NA,NA,FALSE,n.s.
Q810N6,Ankrd45,-0.0026598660932908667,NA,NA,1.9192424510346306,NA,NA,NA,FALSE,n.s.
Q810U4,Nrcam,-0.08956562824167268,0.840969735706356,0.9998429551679517,0.10297183680587461,NA,NA,FALSE,FALSE,n.s.
Q8BFW6,Entpd3,-0.2821500662823568,NA,NA,0.32568128280421405,0.7419632143593292,0.9998479593710528,FALSE,FALSE,n.s.
Q8BFX1,Rnf187,0.5002992320033346,NA,NA,-0.824133591365052,NA,NA,NA,FALSE,n.s.
Q8BG58,P4htm,0.9869014864983462,NA,NA,-0.20970904214643818,NA,NA,NA,FALSE,n.s.
Q8BG89,Znf365,-0.35942319051746296,0.6818680301773984,0.9998429551679517,-0.6564910178206395,NA,NA,FALSE,FALSE,n.s.
Q8BGA3,Lrrtm2,0.37832983010453514,0.5085712807550566,0.9998429551679517,0.01771103765235782,NA,NA,FALSE,FALSE,n.s.
Q8BGA7,Ints15,-0.18567289709489052,NA,NA,0.984276555921237,NA,NA,NA,FALSE,n.s.
Q8BGB5,Limd2,0.2394516392643106,0.9103128354046701,0.9998429551679517,-0.4132606779719387,NA,NA,FALSE,FALSE,n.s.
Q8BGB8,Coq4,-0.449710094972747,0.6582980355442681,0.9998429551679517,-0.054986535987524454,NA,NA,FALSE,FALSE,n.s.
Q8BGD6,Slc38a9,-0.06002490472489157,NA,NA,0.4849888532788756,NA,NA,NA,FALSE,n.s.
Q8BGD8,Coa6,0.29846683185975104,NA,NA,-0.09627956535924462,NA,NA,NA,FALSE,n.s.
Q8BGF7,Pan2,-0.026574727364503517,0.9242533207884548,0.9998429551679517,-0.26508211921518193,NA,NA,FALSE,FALSE,n.s.
Q8BGH7,Cdc42se2,-0.07763485283922884,NA,NA,0.13545600011543024,NA,NA,NA,FALSE,n.s.
Q8BGK6,Slc7a6,-0.3551818086778672,NA,NA,0.2705795683803579,NA,NA,NA,FALSE,n.s.
Q8BGN2,D3Ertd751e,0.32146651901020884,NA,NA,1.0894452774194119,0.38367139109342335,0.9998479593710528,FALSE,FALSE,n.s.
Q8BGN5,Nipal3,1.2757434116675217,NA,NA,-0.997785359479503,NA,NA,NA,FALSE,n.s.
Q8BGN8,Synpr,-1.9808603191466247,NA,NA,0.3157828566661879,0.7540690819394242,0.9998479593710528,FALSE,FALSE,n.s.
Q8BGQ6,Efcab14,0.006356528820942614,NA,NA,-0.48678451048052035,NA,NA,NA,FALSE,n.s.
Q8BGS0,Mak16,1.1717309002155691,NA,NA,-0.6601635826068636,NA,NA,NA,FALSE,n.s.
Q8BGS7,Cept1,0.7551669647705261,0.6355183192251839,0.9998429551679517,-0.3815727167862474,NA,NA,FALSE,FALSE,n.s.
Q8BGT0,Ostm1,-0.47055332541282796,NA,NA,0.5813728122782474,NA,NA,NA,FALSE,n.s.
Q8BGV8,Mief1,-0.3039663366697464,0.6779841185401806,0.9998429551679517,-0.33127029497280824,NA,NA,FALSE,FALSE,n.s.
Q8BGW6,Stk32a,-2.203065749326095,NA,NA,-0.10151111972909223,0.9409205501353926,0.9998479593710528,FALSE,FALSE,n.s.
Q8BH10,Orai2,-0.8885358193396387,NA,NA,1.0210197789010909,NA,NA,NA,FALSE,n.s.
Q8BH27,Megf9,-0.2357569241871419,0.7633406977534714,0.9998429551679517,-0.2218207372342709,NA,NA,FALSE,FALSE,n.s.
Q8BH32,Susd4,0.9287614942378858,NA,NA,-0.09244307923790197,NA,NA,NA,FALSE,n.s.
Q8BH43,Wasf2,1.0027290988730322,NA,NA,-0.4655964843140432,NA,NA,NA,FALSE,n.s.
Q8BH47,Sec22a,-3.2170180227880874,NA,NA,1.5331185397225924,NA,NA,NA,FALSE,n.s.
Q8BH65,Dennd6a,-0.9131912000098849,0.05241191660473841,0.9998429551679517,-0.22760328685632703,NA,NA,FALSE,FALSE,n.s.
Q8BH70,Fbxl4,1.0632168970442473,NA,NA,0.8051883658638628,0.29362039044959964,0.9998479593710528,FALSE,FALSE,n.s.
Q8BHD7,Ptbp3,0.09524977575481611,0.9233799274142075,0.9998429551679517,0.06062597648522709,NA,NA,FALSE,FALSE,n.s.
Q8BHE8,Maip1,0.6745995578631547,0.6904172227131851,0.9998429551679517,0.6167678047222559,NA,NA,FALSE,FALSE,n.s.
Q8BHG9,Cggbp1,-0.31797660345173806,0.7949353409663246,0.9998429551679517,-0.060725870352818435,NA,NA,FALSE,FALSE,n.s.
Q8BHJ5,Tbl1xr1,0.21301965882810558,0.6532677132768712,0.9998429551679517,0.7735941187565067,NA,NA,FALSE,FALSE,n.s.
Q8BHJ7,Gabra5,-0.33137373630562145,NA,NA,0.4270212342862403,0.7113047310729983,0.9998479593710528,FALSE,FALSE,n.s.
Q8BHJ9,Slu7,0.3696026190376058,0.29326811508023903,0.9998429551679517,0.9712415823585628,NA,NA,FALSE,FALSE,n.s.
Q8BHK0,Pnma2,0.48625694978244965,NA,NA,-0.6737430005440203,NA,NA,NA,FALSE,n.s.
Q8BHK1,Nipa1,0.33917235762396736,NA,NA,-0.8316221164987521,NA,NA,NA,FALSE,n.s.
Q8BHK2,Scn3b,-0.9108402168173292,0.4113009493375344,0.9998429551679517,0.9800669218879133,NA,NA,FALSE,FALSE,n.s.
Q8BHL8,Psmf1,-0.8639968716295182,NA,NA,0.500334005214324,NA,NA,NA,FALSE,n.s.
Q8BHS3,Rbm22,-0.597499635499951,0.5079041054404763,0.9998429551679517,0.32022344614981046,NA,NA,FALSE,FALSE,n.s.
Q8BHS8,Sybu,-1.3667671158173076,NA,NA,-0.048354398942111056,0.9659860592283736,0.9998479593710528,FALSE,FALSE,n.s.
Q8BIF0,Cd99l2,1.3306196833507626,0.3482522546110427,0.9998429551679517,-0.10898583677962868,NA,NA,FALSE,FALSE,n.s.
Q8BIX3,Arl14ep,0.15866770701949545,NA,NA,-0.019800427289100482,NA,NA,NA,FALSE,n.s.
Q8BJ40,Gm6498,0.2997428015255747,0.7726812718547447,0.9998429551679517,7.740419283143433,NA,NA,FALSE,FALSE,n.s.
Q8BJ64,Chdh,-1.3710793153372054,NA,NA,-0.8399195684401096,0.11956864902249532,0.9998479593710528,FALSE,FALSE,n.s.
Q8BJA2,Slc41a1,0.3061846157991483,NA,NA,-0.537262960467213,NA,NA,NA,FALSE,n.s.
Q8BJA3,Hmbox1,-0.4702156768934801,NA,NA,-0.4067059962173827,0.5088592674711988,0.9998479593710528,FALSE,FALSE,n.s.
Q8BJD1,Itih5,0.26963806512910354,NA,NA,-0.652273399953003,0.47044970340521064,0.9998479593710528,FALSE,FALSE,n.s.
Q8BJF9,Chmp2b,1.2584243101742998,NA,NA,-0.18813393558163805,0.8844532063459746,0.9998479593710528,FALSE,FALSE,n.s.
Q8BJL1,Fbxo30,0.7237494833825497,NA,NA,-0.3493645252846382,NA,NA,NA,FALSE,n.s.
Q8BJM3,R3hcc1l,-0.6428918592729077,0.3620313551204145,0.9998429551679517,-0.3337255872257133,NA,NA,FALSE,FALSE,n.s.
Q8BJM5,Slc30a6,-1.8027497557540157,NA,NA,1.3142915733817513,NA,NA,NA,FALSE,n.s.
Q8BJM7,Tyw1,-0.203168419369426,0.8559555021153298,0.9998429551679517,-1.1847982412099676,NA,NA,FALSE,FALSE,n.s.
Q8BK30,Ndufv3,-0.3914291716853846,NA,NA,0.7900585036052473,NA,NA,NA,FALSE,n.s.
Q8BK62,Olfml3,-0.7814362641291244,0.18054879056254713,0.9998429551679517,1.4207635095473556,NA,NA,FALSE,FALSE,n.s.
Q8BK75,Elp6,0.041443625700853054,NA,NA,0.5201030735685636,0.6500232785772246,0.9998479593710528,FALSE,FALSE,n.s.
Q8BKR5,Ppp1r37,-0.13017633489756722,0.7960911421670411,0.9998429551679517,-1.2896432960054014,NA,NA,FALSE,FALSE,n.s.
Q8BKS9,Pum3,0.14416213626383337,0.7662746619763653,0.9998429551679517,0.3319646827916471,NA,NA,FALSE,FALSE,n.s.
Q8BKV0,Spock3,-0.7802028394656635,NA,NA,0.22526949439302402,NA,NA,NA,FALSE,n.s.
Q8BL48,Unk,-0.5033672258607358,0.5018218770566416,0.9998429551679517,-1.2148906228219127,NA,NA,FALSE,FALSE,n.s.
Q8BLN5,Lss,0.1352814936257237,NA,NA,-0.004077248026176091,0.9912404254178167,0.9998479593710528,FALSE,FALSE,n.s.
Q8BLV3,Slc9a7,0.424421081860381,NA,NA,-0.1610324583505854,NA,NA,NA,FALSE,n.s.
Q8BM92,Cdh7,0.00802407153835709,0.9874455156582802,0.9998429551679517,-0.7851589831859949,NA,NA,FALSE,FALSE,n.s.
Q8BMI0,Fbxo38,-0.5147330502956842,0.6350717382175783,0.9998429551679517,-0.018019571128148705,NA,NA,FALSE,FALSE,n.s.
Q8BMN4,Lmln,0.9755300813137612,NA,NA,-0.7430684309954142,0.4699800395473441,0.9998479593710528,FALSE,FALSE,n.s.
Q8BMQ8,Mon1b,0.526745673276196,NA,NA,-1.0708759317265049,NA,NA,NA,FALSE,n.s.
Q8BND5,Qsox1,-0.7178004212422185,NA,NA,-0.07796666113624562,0.8776028053519578,0.9998479593710528,FALSE,FALSE,n.s.
Q8BNJ6,Neto2,-0.21586259262109664,0.6466734599183754,0.9998429551679517,-1.3044305192612882,NA,NA,FALSE,FALSE,n.s.
Q8BNL5,Kctd6,-1.010866647943542,0.47781330006589146,0.9998429551679517,-0.7940605152428608,NA,NA,FALSE,FALSE,n.s.
Q8BP74,Pstk,-0.3247897496642382,NA,NA,0.20268428302639271,NA,NA,NA,FALSE,n.s.
Q8BP78,Fra10ac1,0.5116154014610533,NA,NA,-0.23910303151279777,NA,NA,NA,FALSE,n.s.
Q8BPI1,Dnaaf2,-0.14097165798203104,NA,NA,0.008483143857663012,NA,NA,NA,FALSE,n.s.
Q8BQM7,Smco3,0.7515384359963827,NA,NA,-0.22096947358323057,0.8072659377664446,0.9998479593710528,FALSE,FALSE,n.s.
Q8BQP9,Rgs7bp,-2.546853115487164,NA,NA,1.6346369914212613,NA,NA,NA,FALSE,n.s.
Q8BQU3,Sdhaf3,-0.5049105979030597,NA,NA,0.3993380940181255,0.5152253642945512,0.9998479593710528,FALSE,FALSE,n.s.
Q8BR37,Nhlrc1,-1.2413705046160686,0.07301554450000794,0.9998429551679517,-0.6017440609357209,NA,NA,FALSE,FALSE,n.s.
Q8BR65,Suds3,-0.15795576739995107,0.8587793614662104,0.9998429551679517,-1.0369416370097762,NA,NA,FALSE,FALSE,n.s.
Q8BR86,Kirrel3,0.27184394543269763,0.18158374345738448,0.9998429551679517,-0.009482329250703312,NA,NA,FALSE,FALSE,n.s.
Q8BRG8,Tmem209,1.0741331485394343,NA,NA,-0.32136506633846085,NA,NA,NA,FALSE,n.s.
Q8BS95,Gpr89,-0.9711064666311292,NA,NA,0.37734730482765083,NA,NA,NA,FALSE,n.s.
Q8BSA9,Tyw3,0.7640894431639346,NA,NA,-0.5214475884439348,NA,NA,NA,FALSE,n.s.
Q8BT51,COA4,-0.3141386721164917,NA,NA,0.3539975386520347,NA,NA,NA,FALSE,n.s.
Q8BTH8,Csnk1g1,-0.2450890854677347,0.692004242331002,0.9998429551679517,-0.8229575252805524,NA,NA,FALSE,FALSE,n.s.
Q8BTJ4,Enpp4,1.1627482869647667,NA,NA,0.36265532372148535,0.6882568860834637,0.9998479593710528,FALSE,FALSE,n.s.
Q8BUB4,Wdfy2,0.6894680947703341,NA,NA,1.6001244222080309,0.056425474789037,0.9998479593710528,FALSE,FALSE,n.s.
Q8BUH1,Txnl4b,-0.9280663669779907,NA,NA,0.1512896625592555,NA,NA,NA,FALSE,n.s.
Q8BUL5,Klhl7,-1.3130677541798867,NA,NA,1.1032302363259405,NA,NA,NA,FALSE,n.s.
Q8BUP7,Psmc3,-0.7304976838454296,NA,NA,0.6338402321723849,NA,NA,NA,FALSE,n.s.
Q8BUR3,Foxj3,0.093527463702814,NA,NA,-1.2373316339089244,NA,NA,NA,FALSE,n.s.
Q8BUV8,Gpr107,0.44338670216358245,NA,NA,-0.22962162528194374,NA,NA,NA,FALSE,n.s.
Q8BUY5,Timmdc1,-0.8124431519578598,NA,NA,1.2749307452720495,NA,NA,NA,FALSE,n.s.
Q8BUY9,Pggt1b,0.008458238529650056,0.9947015020703932,0.9998429551679517,0.5763274687042547,NA,NA,FALSE,FALSE,n.s.
Q8BVA4,Lmod1,0.20748058954718704,NA,NA,-0.7357571141062922,NA,NA,NA,FALSE,n.s.
Q8BVG8,Nat14,-0.5082968591281455,NA,NA,0.280262185732482,NA,NA,NA,FALSE,n.s.
Q8BVI5,Stx16,0.7000237503010798,NA,NA,2.1221256771382335,0.1189374165921308,0.9998479593710528,FALSE,FALSE,n.s.
Q8BVR6,Rspry1,0.7760614466112994,0.5211404459165313,0.9998429551679517,-0.48136313481198517,NA,NA,FALSE,FALSE,n.s.
Q8BVZ5,Il33,0.8949223261480446,NA,NA,0.1864342763391651,0.8637120575561653,0.9998479593710528,FALSE,FALSE,n.s.
Q8BW56,Gtdc1,-0.007797604299932131,NA,NA,0.45232513426712373,NA,NA,NA,FALSE,n.s.
Q8BW70,Usp38,0.022709055498207825,NA,NA,-0.756909895459417,NA,NA,NA,FALSE,n.s.
Q8BWD8,Cdk19,0.20221122302548125,0.6943992912167937,0.9998429551679517,-0.1909389735141739,NA,NA,FALSE,FALSE,n.s.
Q8BWP5,Ttpa,0.3416401535811576,NA,NA,-0.40956562386730516,NA,NA,NA,FALSE,n.s.
Q8BWR8,Rhpn2,-0.25405978440747096,NA,NA,-0.20889516302547514,0.4980122706486678,0.9998479593710528,FALSE,FALSE,n.s.
Q8BXJ8,Znf385b,-0.11188234605435597,0.9711077709094135,0.9998429551679517,0.06563266196131647,NA,NA,FALSE,FALSE,n.s.
Q8BXJ9,Tmem62,-0.6196577256803073,0.4663125049476441,0.9998429551679517,0.06152539088451942,NA,NA,FALSE,FALSE,n.s.
Q8BXK9,Clic5,-0.9685269390398934,NA,NA,-0.9956080869364854,0.19169988796054685,0.9998479593710528,FALSE,FALSE,n.s.
Q8BXN7,Ppm1k,-0.27363587042348353,0.7232901566018484,0.9998429551679517,0.25116653440436926,NA,NA,FALSE,FALSE,n.s.
Q8BXR5,Nalcn,0.4935360482630172,NA,NA,-0.3507477624431246,NA,NA,NA,FALSE,n.s.
Q8BXT1,Rgs8,-0.10161977109689015,0.8597798886133013,0.9998429551679517,-0.3138668040134478,NA,NA,FALSE,FALSE,n.s.
Q8BY71,Hat1,-0.733290651682568,NA,NA,0.5434136019231202,NA,NA,NA,FALSE,n.s.
Q8BYM8,Cars2,0.18642637726230119,NA,NA,-0.07581866292062749,NA,NA,NA,FALSE,n.s.
Q8BYN3,Itpk1,-0.018378673903529128,NA,NA,-0.31374130142868834,0.6150927782989837,0.9998479593710528,FALSE,FALSE,n.s.
Q8BYP3,Rhof,-0.4602718479700942,0.537270087285961,0.9998429551679517,0.16571060219638473,NA,NA,FALSE,FALSE,n.s.
Q8BYW1,Arhgap25,-0.6185602444254343,0.1551825859551934,0.9998429551679517,0.07094929013463057,NA,NA,FALSE,FALSE,n.s.
Q8BYW9,Eogt,0.7032296051596498,NA,NA,-0.33805749910895505,NA,NA,NA,FALSE,n.s.
Q8BYZ1,Abi3,-0.14845969963693584,0.8556703898473027,0.9998429551679517,-0.14742438382144335,NA,NA,FALSE,FALSE,n.s.
Q8BZ00,Slc9a9,0.4724666752804768,NA,NA,-0.5067389740056529,NA,NA,NA,FALSE,n.s.
Q8BZ09,Slc25a21,1.0482738616262222,NA,NA,0.11422803911344785,0.708255314317172,0.9998479593710528,FALSE,FALSE,n.s.
Q8BZI0,Afap1l1,-0.053703354749899,NA,NA,0.18044986929294432,NA,NA,NA,FALSE,n.s.
Q8BZS9,Dhx32,0.6991775431536973,0.4769549102550683,0.9998429551679517,0.6168216482825376,NA,NA,FALSE,FALSE,n.s.
Q8C031,Lrrc4c,0.2500330664781554,0.8153532078764348,0.9998429551679517,0.06937885792993868,NA,NA,FALSE,FALSE,n.s.
Q8C0D0,Trub1,-0.5402261321517737,NA,NA,1.0201262466586025,NA,NA,NA,FALSE,n.s.
Q8C0K5,Slc25a16,-0.5475097371221739,0.43748985746487035,0.9998429551679517,0.11820832234504924,NA,NA,FALSE,FALSE,n.s.
Q8C0N2,Gpat3,0.2946502279499139,NA,NA,0.4648084187835287,0.5767445260119846,0.9998479593710528,FALSE,FALSE,n.s.
Q8C0V0,Tlk1,0.16500968375824868,0.8119025931686384,0.9998429551679517,-0.3892437207423585,NA,NA,FALSE,FALSE,n.s.
Q8C165,Pm20d1,0.7769421645720866,NA,NA,0.3519482028951881,0.5335291333246556,0.9998479593710528,FALSE,FALSE,n.s.
Q8C181,Mbnl2,-0.4624347451393219,0.6228130982987655,0.9998429551679517,0.34364731320090347,NA,NA,FALSE,FALSE,n.s.
Q8C1E7,Tmem120a,-0.23767536833668132,NA,NA,1.3009064632631353,0.27571720801146454,0.9998479593710528,FALSE,FALSE,n.s.
Q8C1W1,Vash1,-0.720318407823479,NA,NA,-0.246310970652338,0.5373730210000007,0.9998479593710528,FALSE,FALSE,n.s.
Q8C3Q9,Casp9,-0.33242982097398077,NA,NA,0.7449554246181781,NA,NA,NA,FALSE,n.s.
Q8C3S2,Tango6,-0.2333530287908781,NA,NA,-0.2432268615631904,0.5784822164302057,0.9998479593710528,FALSE,FALSE,n.s.
Q8C3X8,Lmf2,-0.11583325406617635,NA,NA,0.9836366822638325,NA,NA,NA,FALSE,n.s.
Q8C407,Yipf4,0.48828433118756254,NA,NA,-0.2435158312975148,NA,NA,NA,FALSE,n.s.
Q8C436,Vcpkmt,-0.9733779971181433,NA,NA,0.5619029676450779,NA,NA,NA,FALSE,n.s.
Q8C4B4,Unc119b,0.14042567035255388,0.8388456686608492,0.9998429551679517,-0.7517286894823385,NA,NA,FALSE,FALSE,n.s.
Q8C4U3,Sfrp1,0.16581295064479112,NA,NA,-0.002502840938243535,NA,NA,NA,FALSE,n.s.
Q8C4V4,Fbxl3,-0.12472554874017029,NA,NA,0.9292961156985537,NA,NA,NA,FALSE,n.s.
Q8C4X7,Minar2,-0.6636581378028417,NA,NA,0.34902344897618626,NA,NA,NA,FALSE,n.s.
Q8C569,Fam118b,-0.8605133660189141,NA,NA,0.2618140620978406,NA,NA,NA,FALSE,n.s.
Q8C5N3,Cwc22,0.42607791638685244,0.4532007428473913,0.9998429551679517,1.3922574124318152,NA,NA,FALSE,FALSE,n.s.
Q8C6I2,Sdhaf2,0.6388819550786655,NA,NA,-0.6010994688495039,0.7454362585227359,0.9998479593710528,FALSE,FALSE,n.s.
Q8C726,Btbd9,0.7064177115267759,NA,NA,-2.063559614055818,NA,NA,NA,FALSE,n.s.
Q8C7E9,Cstf2t,-1.0599673794217062,0.400448060176867,0.9998429551679517,0.8529074211510577,NA,NA,FALSE,FALSE,n.s.
Q8C7M3,Trim9,0.6260935430498582,NA,NA,0.2698241622210713,0.5404389006964392,0.9998479593710528,FALSE,FALSE,n.s.
Q8C804,Spice1,-1.3282059640055681,NA,NA,0.1476123527038906,NA,NA,NA,FALSE,n.s.
Q8C878,Uba3,0.8737530387828321,NA,NA,-0.44173002354106605,NA,NA,NA,FALSE,n.s.
Q8C8R3,Ank2,-0.9555870235221564,NA,NA,0.6805775045211732,NA,NA,NA,FALSE,n.s.
Q8CBE5,Dip2c,-0.09615781063132864,NA,NA,0.026280841139228444,NA,NA,NA,FALSE,n.s.
Q8CBX0,Tmem63c,-2.0259966504901725,NA,NA,1.0225988248574567,NA,NA,NA,FALSE,n.s.
Q8CBY1,Samd4a,-0.002718001713637032,NA,NA,0.3396102579999439,NA,NA,NA,FALSE,n.s.
Q8CCJ4,Amer2,-0.751268654653613,NA,NA,0.7178659788492837,0.4906593318038001,0.9998479593710528,FALSE,FALSE,n.s.
Q8CD15,Riox2,0.9545538194966018,NA,NA,-0.9816369852475508,NA,NA,NA,FALSE,n.s.
Q8CD60,Insyn1,-1.2629166305225206,NA,NA,0.20372077668123914,NA,NA,NA,FALSE,n.s.
Q8CDG3,Vcpip1,0.1670248756939769,NA,NA,-0.2613270809493621,NA,NA,NA,FALSE,n.s.
Q8CDJ3,Atg14,0.15465280428111108,NA,NA,-0.24659948117687738,NA,NA,NA,FALSE,n.s.
Q8CE96,Trmt6,-0.08747556210802863,0.911722726161148,0.9998429551679517,0.9826669910832955,NA,NA,FALSE,FALSE,n.s.
Q8CEC5,Nkiras1,-0.05354589100571791,NA,NA,1.0795424842644137,NA,NA,NA,FALSE,n.s.
Q8CFD4,Snx8,1.9580032415933148,NA,NA,-0.13264567602951913,0.5471961791816216,0.9998479593710528,FALSE,FALSE,n.s.
Q8CFE2,Hpf1,0.982224711581406,NA,NA,-0.26286146153434586,0.7691061381685206,0.9998479593710528,FALSE,FALSE,n.s.
Q8CFI0,Nedd4l,-0.1012634688032368,NA,NA,0.3832967705217856,NA,NA,NA,FALSE,n.s.
Q8CG50,Rab43,0.020001299857549976,0.9795891714055076,0.9998429551679517,-0.21191706239649513,NA,NA,FALSE,FALSE,n.s.
Q8CG79,Tp53bp2,-0.4916082085495734,NA,NA,0.4821855108656342,0.4341580906204908,0.9998479593710528,FALSE,FALSE,n.s.
Q8CGC4,Lsm14b,-0.08003076746702552,NA,NA,-0.7353560026358953,0.4355524385686896,0.9998479593710528,FALSE,FALSE,n.s.
Q8CGF1,Arhgap29,-0.34832282570749096,NA,NA,0.92681706035345,NA,NA,NA,FALSE,n.s.
Q8CHG7,Rapgef2,-1.6502249554868398,0.19519864286043492,0.9998429551679517,0.7456022080565561,NA,NA,FALSE,FALSE,n.s.
Q8CHP5,Pym1,2.363543374116123,NA,NA,-0.7524654804912974,0.7152556145148239,0.9998479593710528,FALSE,FALSE,n.s.
Q8CHT3,Ints5,-0.18971648944619304,NA,NA,0.3235750548106006,NA,NA,NA,FALSE,n.s.
Q8CHY3,Dym,0.6512553885830276,NA,NA,0.06223159924395433,0.9225195865941286,0.9998479593710528,FALSE,FALSE,n.s.
Q8CI08,Slain2,0.5864636612832186,NA,NA,-1.6558305444669235,0.10408302182539561,0.9998479593710528,FALSE,FALSE,n.s.
Q8CIF4,Btd,0.7438214565872642,NA,NA,0.5494449240990942,0.33184803270477753,0.9998479593710528,FALSE,FALSE,n.s.
Q8CIM3,D2hgdh,0.2591854695760897,NA,NA,-0.42284799644559456,0.6751475607970887,0.9998479593710528,FALSE,FALSE,n.s.
Q8CIM8,Ints4,0.20004633347893327,0.7636125749922167,0.9998429551679517,0.12259713055601891,NA,NA,FALSE,FALSE,n.s.
Q8CIQ7,Dock3,1.4041519885641436,NA,NA,0.14269023822714014,0.6852558200737714,0.9998479593710528,FALSE,FALSE,n.s.
Q8CIW6,Slc26a6,0.1732556623922429,0.8004949504964669,0.9998429551679517,0.22457437062083213,NA,NA,FALSE,FALSE,n.s.
Q8CJ53,Trip10,-0.11848267808218402,NA,NA,1.583652919920063,NA,NA,NA,FALSE,n.s.
Q8CJ96,Rassf8,0.13248746840221537,NA,NA,-0.44837017690196707,0.35896593156243634,0.9998479593710528,FALSE,FALSE,n.s.
Q8JZW5,Sh2d5,0.7148150675345613,0.7219731200269943,0.9998429551679517,0.8649642720122641,NA,NA,FALSE,FALSE,n.s.
Q8JZX9,Cdc42ep2,-0.48598054025031295,0.6717315760727245,0.9998429551679517,-1.0207330175670348,NA,NA,FALSE,FALSE,n.s.
Q8JZY4,Prorp,0.2481664271336572,NA,NA,0.4306607612378702,0.483447929881287,0.9998479593710528,FALSE,FALSE,n.s.
Q8K003,Tma7,1.1227818880508817,NA,NA,-0.39505338562140874,NA,NA,NA,FALSE,n.s.
Q8K097,Faim2,0.04297601149683615,NA,NA,-0.9042298922668693,NA,NA,NA,FALSE,n.s.
Q8K0C1,Ipo13,0.9951715053395205,0.22234452777776148,0.9998429551679517,0.7669290497257296,NA,NA,FALSE,FALSE,n.s.
Q8K0H5,Taf10,-1.2185433279159952,NA,NA,0.04943736899888742,NA,NA,NA,FALSE,n.s.
Q8K0L9,Zbtb20,0.7139965567634418,NA,NA,0.2305138112242102,0.7711815050196631,0.9998479593710528,FALSE,FALSE,n.s.
Q8K0T2,Dync2li1,0.5398533735850899,0.4036406218566709,0.9998429551679517,-0.06738537296697196,NA,NA,FALSE,FALSE,n.s.
Q8K194,Snrnp27,-1.8718576871989678,NA,NA,0.010254224583462035,NA,NA,NA,FALSE,n.s.
Q8K1C0,Angel2,-0.06286252594456991,0.9308214837526372,0.9998429551679517,-1.3981679258149178,NA,NA,FALSE,FALSE,n.s.
Q8K1C9,Lrrc41,1.210682161906863,NA,NA,-0.6219751907015181,NA,NA,NA,FALSE,n.s.
Q8K1S1,Lgi4,1.0177694230677736,NA,NA,-0.8853341085884919,NA,NA,NA,FALSE,n.s.
Q8K1S3,Unc5b,1.93366059459983,NA,NA,0.14581993604131702,0.816816690604333,0.9998479593710528,FALSE,FALSE,n.s.
Q8K201,Kct2,-0.163537879917447,NA,NA,0.23279892658688356,NA,NA,NA,FALSE,n.s.
Q8K209,Adgrg1,0.7932208979508215,NA,NA,0.6451142893510201,0.6930336559376866,0.9998479593710528,FALSE,FALSE,n.s.
Q8K285,Fcho1,0.23886111478073735,0.6875843657712288,0.9998429551679517,0.6265722317083431,NA,NA,FALSE,FALSE,n.s.
Q8K2A1,Gulp1,-0.0923039932201101,NA,NA,-0.18225159003299568,0.7818360670145573,0.9998479593710528,FALSE,FALSE,n.s.
Q8K2M0,Mrpl38,0.41407423554575795,NA,NA,-1.074753505487024,NA,NA,NA,FALSE,n.s.
Q8K2P6,Rfesd,-0.015637917598607966,NA,NA,-0.21505344866083748,0.7071759530762998,0.9998479593710528,FALSE,FALSE,n.s.
Q8K2T4,Uqcc3,0.4004495706033419,NA,NA,-0.35353215949987016,NA,NA,NA,FALSE,n.s.
Q8K2U2,Alkbh6,0.5056273736056899,NA,NA,-0.41270235376464637,NA,NA,NA,FALSE,n.s.
Q8K2X3,Stn1,-0.6589670863933327,0.5857405214557537,0.9998429551679517,0.6515013520233296,NA,NA,FALSE,FALSE,n.s.
Q8K377,Lrrtm1,0.2971549646463015,0.7819094795747988,0.9998429551679517,0.06441205226243582,NA,NA,FALSE,FALSE,n.s.
Q8K382,Dennd1a,0.05074901108886567,0.9470609717036883,0.9998429551679517,-0.6969704261200345,NA,NA,FALSE,FALSE,n.s.
Q8K387,Usp45,-3.405002082188307,NA,NA,0.024054946858230546,NA,NA,NA,FALSE,n.s.
Q8K3A9,Mepce,0.2408204367568942,NA,NA,-1.2104306064443962,NA,NA,NA,FALSE,n.s.
Q8K3E5,Ahi1,0.16827535537085733,0.6560061768311425,0.9998429551679517,0.9809783134070562,NA,NA,FALSE,FALSE,n.s.
Q8K3F6,Kcnq3,-0.41675774489028133,0.3886845730118743,0.9998429551679517,-0.5257109932941568,NA,NA,FALSE,FALSE,n.s.
Q8K3G5,Vrk3,0.09484757653984018,NA,NA,-0.23463333526571126,NA,NA,NA,FALSE,n.s.
Q8K3K8,Optn,-0.19329493057294775,NA,NA,0.035080844305899736,0.9260495463234573,0.9998479593710528,FALSE,FALSE,n.s.
Q8K3M5,Cables2,0.16076924932724226,NA,NA,-0.8448580174123012,NA,NA,NA,FALSE,n.s.
Q8K3R3,Plcd4,-1.6182525197832431,NA,NA,0.1664508770967341,0.8107498342886855,0.9998479593710528,FALSE,FALSE,n.s.
Q8K440,Abca8b,-0.042348524899263724,0.9079515245862921,0.9998429551679517,-0.2890573292835641,NA,NA,FALSE,FALSE,n.s.
Q8K449,Abca9,-1.3941115834313194,0.04651264990813164,0.9998429551679517,0.07782320042109127,NA,NA,TRUE,FALSE,Region-specific
Q8K4J6,Mrtfa,1.5080290188727032,0.3191897887261305,0.9998429551679517,-0.4854239456379919,NA,NA,FALSE,FALSE,n.s.
Q8K4L3,Svil,-0.14850551279120677,0.8152132304278373,0.9998429551679517,-0.46402967479350854,NA,NA,FALSE,FALSE,n.s.
Q8K5B2,Mcfd2,-1.780890321790277,NA,NA,0.7970591961815613,NA,NA,NA,FALSE,n.s.
Q8N9S3,Ahsa2,0.17760823604824905,NA,NA,-1.0074232925161866,NA,NA,NA,FALSE,n.s.
Q8QZT2,Ccsap,-0.0807147173108396,0.9517752814016354,0.9998429551679517,0.5657033927157845,NA,NA,FALSE,FALSE,n.s.
Q8QZY9,Sf3b4,1.3446562149262198,0.3950401093443724,0.9998429551679517,-0.32957211074578685,NA,NA,FALSE,FALSE,n.s.
Q8R035,Mrpl58,-0.6137717504754974,NA,NA,-0.48548691792760457,0.6688125332611435,0.9998479593710528,FALSE,FALSE,n.s.
Q8R071,Itpka,-0.24885844227216822,0.8254152663312102,0.9998429551679517,0.26056918034979926,NA,NA,FALSE,FALSE,n.s.
Q8R0J7,Vps37b,0.6759011797424126,0.2937253165325334,0.9998429551679517,-0.8330156200784584,NA,NA,FALSE,FALSE,n.s.
Q8R0L9,Tada3,0.6523892413340989,0.21676655623406008,0.9998429551679517,-0.4243767299081225,NA,NA,FALSE,FALSE,n.s.
Q8R179,Kbtbd4,-0.02613527328757102,0.9726786478213172,0.9998429551679517,1.0735112412924,NA,NA,FALSE,FALSE,n.s.
Q8R1B0,Stac2,-0.4004911557949101,NA,NA,-0.3172875478346396,0.36561970177360825,0.9998479593710528,FALSE,FALSE,n.s.
Q8R1G6,Pdlim2,0.6226568796088299,NA,NA,-0.240721555244743,0.8173490979122267,0.9998479593710528,FALSE,FALSE,n.s.
Q8R1K1,Ubac2,0.2736003174556341,NA,NA,-0.24214619247684738,NA,NA,NA,FALSE,n.s.
Q8R1K4,Phykpl,0.546211297830361,NA,NA,-1.047276707677318,0.21659029467499705,0.9998479593710528,FALSE,FALSE,n.s.
Q8R1P4,Atg10,-0.472062915063183,NA,NA,1.5935377533202348,NA,NA,NA,FALSE,n.s.
Q8R1Q9,Rbks,0.39404008054922657,NA,NA,-0.5541059903538323,NA,NA,NA,FALSE,n.s.
Q8R242,Ctbs,0.2155838027479774,0.7581892156255593,0.9998429551679517,-0.20461250100284553,NA,NA,FALSE,FALSE,n.s.
Q8R2E9,Ero1b,0.02462282860039075,0.9747231455465644,0.9998429551679517,-0.1555424840964693,NA,NA,FALSE,FALSE,n.s.
Q8R2H9,Phospho1,0.36414178260362917,NA,NA,0.541719880209958,0.6840966532801545,0.9998479593710528,FALSE,FALSE,n.s.
Q8R2S9,Actr8,-0.44403006490087316,NA,NA,0.3507806207162078,NA,NA,NA,FALSE,n.s.
Q8R2U6,Nudt4,0.1389412681035349,NA,NA,-0.3660486716437485,NA,NA,NA,FALSE,n.s.
Q8R2Z5,Vwa1,0.00638602880084933,0.9923494905238763,0.9998429551679517,-0.5480148396878649,NA,NA,FALSE,FALSE,n.s.
Q8R317,Ubqln1,-0.13622748364022103,0.8892256984185168,0.9998429551679517,2.3602423608557315,NA,NA,FALSE,FALSE,n.s.
Q8R332,Nup58,-0.1920034742084751,0.8476398361048729,0.9998429551679517,0.7644455676288554,NA,NA,FALSE,FALSE,n.s.
Q8R344,Ccdc12,0.7241656644112497,0.38868203487272984,0.9998429551679517,-0.6287580531471644,NA,NA,FALSE,FALSE,n.s.
Q8R3C0,Mcmbp,1.0195976249324592,0.04820127401683405,0.9998429551679517,-0.09895039566965831,NA,NA,TRUE,FALSE,Region-specific
Q8R3I2,Mboat2,0.2583000329140883,NA,NA,0.713089098472098,0.4137108142488081,0.9998479593710528,FALSE,FALSE,n.s.
Q8R3P2,Dtx2,-0.19626752798423916,NA,NA,0.33222111968535767,NA,NA,NA,FALSE,n.s.
Q8R3R8,Gabarapl1,0.30296044938801114,0.8000634621491729,0.9998429551679517,-1.2874104252859853,NA,NA,FALSE,FALSE,n.s.
Q8R3U1,Plaat3,-0.33886517598339655,NA,NA,-0.6091883593873262,0.5565506185428132,0.9998479593710528,FALSE,FALSE,n.s.
Q8R4F1,Ntng2,-0.5538747797476757,NA,NA,0.00563542780640291,NA,NA,NA,FALSE,n.s.
Q8R4G6,Mgat5,0.5807125098188245,NA,NA,-0.8339509764712115,0.13260402165777835,0.9998479593710528,FALSE,FALSE,n.s.
Q8R4I7,Neto1,-0.9675312458877788,0.1897467197576911,0.9998429551679517,1.534545827262115,NA,NA,FALSE,FALSE,n.s.
Q8R4R6,Nup35,-0.8877411319375521,0.36870133364425056,0.9998429551679517,-0.9022856054471353,NA,NA,FALSE,FALSE,n.s.
Q8R5A0,Smyd2,0.3128060713238323,NA,NA,0.30886024188903843,0.5131626233493998,0.9998479593710528,FALSE,FALSE,n.s.
Q8R5C8,Zmynd11,1.0289139737341213,0.16256347678246857,0.9998429551679517,-0.7641643922352302,NA,NA,FALSE,FALSE,n.s.
Q8R5I6,Gstm4,-1.3816199943416079,NA,NA,0.7301210665175578,NA,NA,NA,FALSE,n.s.
Q8VBV3,Exosc2,-0.6759263403348897,NA,NA,0.6285827623673916,NA,NA,NA,FALSE,n.s.
Q8VBV4,Fbxw7,-0.027929386569457922,NA,NA,0.2884326904990581,NA,NA,NA,FALSE,n.s.
Q8VBW1,Slc6a8,1.4323776048784826,NA,NA,-1.9945871157673525,0.15626163576882512,0.9998479593710528,FALSE,FALSE,n.s.
Q8VBX0,Asb13,0.6206121304171721,NA,NA,-0.42690231992077365,NA,NA,NA,FALSE,n.s.
Q8VC19,Alas1,-0.3815095331649048,NA,NA,1.0147553374810252,NA,NA,NA,FALSE,n.s.
Q8VC69,Slc22a6,-0.5672690601060342,0.4807690606979733,0.9998429551679517,-0.48613114733371027,NA,NA,FALSE,FALSE,n.s.
Q8VC70,Rbms2,0.07331791638760171,NA,NA,-0.5057512729719864,0.29048755478332255,0.9998479593710528,FALSE,FALSE,n.s.
Q8VC82,Rhbdl1,-0.9015081044333652,NA,NA,0.8577118182554258,NA,NA,NA,FALSE,n.s.
Q8VCC8,Rapgef3,-0.2559816256796939,NA,NA,0.00932455332215638,NA,NA,NA,FALSE,n.s.
Q8VCE1,Dnajc28,-0.1141255647566863,NA,NA,-0.3368677375722484,0.6092912992813704,0.9998479593710528,FALSE,FALSE,n.s.
Q8VCE2,Gpn1,2.0731453433794584,NA,NA,0.5858195542903061,0.34324710921694673,0.9998479593710528,FALSE,FALSE,n.s.
Q8VCG9,Rfxap,0.13539771554808908,NA,NA,-2.069919318852162,NA,NA,NA,FALSE,n.s.
Q8VCL2,Sco2,-0.7220858406245019,NA,NA,1.9272328503363672,NA,NA,NA,FALSE,n.s.
Q8VCM3,Zfyve21,-1.5378891932771088,NA,NA,0.11458163814628874,NA,NA,NA,FALSE,n.s.
Q8VCQ3,Nrbf2,0.1365962079486895,NA,NA,-0.17482512509958706,0.8188377162116323,0.9998479593710528,FALSE,FALSE,n.s.
Q8VCW4,Unc93b1,0.14720956174639077,NA,NA,-0.3977481275155115,NA,NA,NA,FALSE,n.s.
Q8VCY6,Utp6,-0.1307194480132536,NA,NA,0.4026624438739232,NA,NA,NA,FALSE,n.s.
Q8VCZ6,Sgsm3,0.2480014971984384,0.7407216434708133,0.9998429551679517,0.15978330113080733,NA,NA,FALSE,FALSE,n.s.
Q8VDF3,Dapk2,-0.22506025097908314,NA,NA,2.562754950925609,NA,NA,NA,FALSE,n.s.
Q8VDI9,Alg9,-0.471608739246104,NA,NA,-0.539015059437192,0.6295784294214479,0.9998479593710528,FALSE,FALSE,n.s.
Q8VDP2,Steep1,0.2590381794830285,NA,NA,-0.4565553668675011,NA,NA,NA,FALSE,n.s.
Q8VDV7,Tbc1d19,-0.3520181039064014,NA,NA,-0.015083094338921549,0.9888291229872979,0.9998479593710528,FALSE,FALSE,n.s.
Q8VDV8,Mitd1,-0.18447915120992575,NA,NA,0.3743756278924655,NA,NA,NA,FALSE,n.s.
Q8VDW0,Ddx39a,-0.12450465336809875,0.8647553885538531,0.9998429551679517,0.48592919748402147,NA,NA,FALSE,FALSE,n.s.
Q8VDY9,Caap1,0.2623685172963344,0.603116045977321,0.9998429551679517,-0.6714953953413852,NA,NA,FALSE,FALSE,n.s.
Q8VE52,Ogfrl1,0.7571237168723116,0.18213207247491245,0.9998429551679517,0.8436433333000286,NA,NA,FALSE,FALSE,n.s.
Q8VE80,Thoc3,-0.779925607451729,0.15121960384554015,0.9998429551679517,-0.7669789069186469,NA,NA,FALSE,FALSE,n.s.
Q8VEB1,Grk5,-0.22999240129468232,0.5766515378059496,0.9998429551679517,-0.37318902804102516,NA,NA,FALSE,FALSE,n.s.
Q8VEB3,Macir,-0.6157707291615849,NA,NA,0.2440190185023741,NA,NA,NA,FALSE,n.s.
Q8VEE0,Rpe,0.6631773534096183,NA,NA,-0.024975365782687473,0.9832972154689565,0.9998479593710528,FALSE,FALSE,n.s.
Q8VEH3,Arl8a,0.24934228419198198,0.7723584255615598,0.9998429551679517,2.9201998086142034,NA,NA,FALSE,FALSE,n.s.
Q8VEJ1,Gpn2,-1.6378069967253666,NA,NA,0.39258878358461735,NA,NA,NA,FALSE,n.s.
Q8VEL0,Mospd1,0.8241486391170152,NA,NA,-0.2632231057818815,NA,NA,NA,FALSE,n.s.
Q8VEL2,Mtmr14,0.2613283424858859,NA,NA,-0.7538005945748237,NA,NA,NA,FALSE,n.s.
Q8VHJ5,Mark1,-1.9137827196167734,NA,NA,0.36292981124203827,0.4186538003054534,0.9998479593710528,FALSE,FALSE,n.s.
Q8VHK5,Mlc1,1.5500732390361878,NA,NA,-0.8740989776104522,0.5632946091948785,0.9998479593710528,FALSE,FALSE,n.s.
Q8VHL0,Slc14a1,-0.6609496266530377,NA,NA,0.01737800171824504,0.9899923225504883,0.9998479593710528,FALSE,FALSE,n.s.
Q8VHN8,Nudt16l1,-0.34905501764593244,0.6563852814672209,0.9998429551679517,-0.47844678898102705,NA,NA,FALSE,FALSE,n.s.
Q8VHP7,Serpinb1b,-0.07023855446870057,NA,NA,0.31782399069184747,0.6815539741982825,0.9998479593710528,FALSE,FALSE,n.s.
Q8VI33,Taf9,-0.29773155761891795,NA,NA,0.5974105032005663,NA,NA,NA,FALSE,n.s.
Q8VI51,Sorcs3,0.645128290829545,0.36394717693845213,0.9998429551679517,-0.734647231008286,NA,NA,FALSE,FALSE,n.s.
Q8VI56,Lrp4,0.2226535328999832,0.7555850617880295,0.9998429551679517,-1.3540869355270417,NA,NA,FALSE,FALSE,n.s.
Q91V17,Znrf1,0.8044307843083697,NA,NA,-1.2714599524839747,NA,NA,NA,FALSE,n.s.
Q91V81,Rbm42,0.3466970054341374,NA,NA,-0.1307745764409779,NA,NA,NA,FALSE,n.s.
Q91V93,Rhobtb2,0.2207099786441672,0.49055152271244634,0.9998429551679517,-0.925929422488544,NA,NA,FALSE,FALSE,n.s.
Q91VH1,Adipor1,-0.084157345306767,NA,NA,-0.019241381122866875,0.9743108097707697,0.9998479593710528,FALSE,FALSE,n.s.
Q91VN4,Chchd6,-0.5834912716218164,0.4016251177937924,0.9998429551679517,-2.2237340454620833,NA,NA,FALSE,FALSE,n.s.
Q91VP7,Tmem101,-1.537544250878594,NA,NA,0.3146344376810372,NA,NA,NA,FALSE,n.s.
Q91VR7,Map1lc3a,2.4431404126674283,NA,NA,1.7962166076144166,0.4436935583664944,0.9998479593710528,FALSE,FALSE,n.s.
Q91VR8,Brk1,-0.09455365270760678,0.9515077325631048,0.9998429551679517,0.864765731544399,NA,NA,FALSE,FALSE,n.s.
Q91VS8,Farp2,0.02304812497210607,0.9673216289740431,0.9998429551679517,-0.027505512806865924,NA,NA,FALSE,FALSE,n.s.
Q91W53,Golga7,0.5677619514227851,NA,NA,0.07662150680972932,0.9512310153288481,0.9998479593710528,FALSE,FALSE,n.s.
Q91WB4,Plekhf2,-0.07133210610152876,0.9071496441170451,0.9998429551679517,-0.24390295356160335,NA,NA,FALSE,FALSE,n.s.
Q91WC3,Acsl6,-1.7346739797022186,NA,NA,0.11003631283191317,0.7983801793083151,0.9998479593710528,FALSE,FALSE,n.s.
Q91WD0,Gpr108,-0.39267348634567667,NA,NA,0.24692914564320922,NA,NA,NA,FALSE,n.s.
Q91WE3,Rpp25,1.1407745688337942,NA,NA,-0.7568570949382178,NA,NA,NA,FALSE,n.s.
Q91WJ0,Frs3,0.4759318225851027,NA,NA,-0.286224439489428,0.6582215589303619,0.9998479593710528,FALSE,FALSE,n.s.
Q91WL6,Snx11,-0.31021717168737833,0.6943595081166094,0.9998429551679517,0.2570739416449394,NA,NA,FALSE,FALSE,n.s.
Q91WQ5,Taf5l,0.6108335275314315,0.6229677368716604,0.9998429551679517,0.7268944728933534,NA,NA,FALSE,FALSE,n.s.
Q91WV0,Dr1,-0.6218219360808732,NA,NA,0.9378848795741196,NA,NA,NA,FALSE,n.s.
Q91X52,Dcxr,0.49209288310204097,NA,NA,0.47906697092498984,0.5032639322894724,0.9998479593710528,FALSE,FALSE,n.s.
Q91XD2,Lims2,-0.022767877673504456,NA,NA,0.6520263924509667,NA,NA,NA,FALSE,n.s.
Q91XE4,Acy3,-0.8958414939087853,NA,NA,0.07028243385218026,0.9539597534952865,0.9998479593710528,FALSE,FALSE,n.s.
Q91XE8,Tmem205,-0.25713243491175325,NA,NA,0.1466845910853893,NA,NA,NA,FALSE,n.s.
Q91XF0,Pnpo,1.0374129817855364,NA,NA,-0.9497631814580179,0.5129928330460344,0.9998479593710528,FALSE,FALSE,n.s.
Q91XL3,Uxs1,0.4760246813067082,0.598027465108801,0.9998429551679517,1.0323771960100032,NA,NA,FALSE,FALSE,n.s.
Q91Y09,Pcdhac2,0.36081099191776494,0.41419839014794024,0.9998429551679517,-0.18205410957369658,NA,NA,FALSE,FALSE,n.s.
Q91YE3,Egln1,0.9031479216330999,NA,NA,-0.27375584604925385,0.2603502021365528,0.9998479593710528,FALSE,FALSE,n.s.
Q91YI1,Atg13,0.5122973838301521,NA,NA,-1.3265474421959849,NA,NA,NA,FALSE,n.s.
Q91YQ3,Csdc2,-1.1210146363751132,NA,NA,0.021983586015279815,0.9771070789916296,0.9998479593710528,FALSE,FALSE,n.s.
Q91YR9,Ptgr1,0.17631309642524523,NA,NA,-0.2414206538250685,0.7665988867704295,0.9998479593710528,FALSE,FALSE,n.s.
Q91ZE0,Tmlhe,0.6779559080029394,NA,NA,0.29274084922485333,0.734766070931762,0.9998479593710528,FALSE,FALSE,n.s.
Q91ZN5,Slc35b2,-0.7523730784352881,0.5742639558838047,0.9998429551679517,0.02477933323735687,NA,NA,FALSE,FALSE,n.s.
Q91ZV7,Plxdc1,-1.345775318727651,NA,NA,1.323652206340923,NA,NA,NA,FALSE,n.s.
Q91ZW2,Pofut1,-0.41543001877717234,NA,NA,0.6664480706853487,0.5791965856164321,0.9998479593710528,FALSE,FALSE,n.s.
Q920A7,Afg3l1,-0.43833222480926065,0.4158447580681734,0.9998429551679517,-1.0993076129883603,NA,NA,FALSE,FALSE,n.s.
Q920D3,Med28,1.0431501102093406,0.3102253950550186,0.9998429551679517,0.5836669211234128,NA,NA,FALSE,FALSE,n.s.
Q920M5,Coro6,0.3869747076087861,NA,NA,0.34928563051575784,0.15233142254895154,0.9998479593710528,FALSE,FALSE,n.s.
Q921C3,Brwd1,0.3647004688021582,NA,NA,-0.6063641440294231,NA,NA,NA,FALSE,n.s.
Q921N6,Ddx27,0.17467403517885213,NA,NA,-1.0826822830559582,NA,NA,NA,FALSE,n.s.
Q921R8,Slc41a3,-0.7024666105316001,NA,NA,0.23106506438390048,NA,NA,NA,FALSE,n.s.
Q921X6,Polr3f,-0.4974632245445903,NA,NA,1.0419913458659886,NA,NA,NA,FALSE,n.s.
Q921X9,Pdia5,3.1644688621419594,NA,NA,-0.5532538570451562,NA,NA,NA,FALSE,n.s.
Q922B1,Macrod1,-0.011114435647530424,NA,NA,0.3187086416309779,0.7215518386368585,0.9998479593710528,FALSE,FALSE,n.s.
Q922E4,Pcyt2,2.3698788925638583,NA,NA,-0.5603185084351207,NA,NA,NA,FALSE,n.s.
Q922G0,Slc25a36,0.31797356383756736,NA,NA,0.47971958796164277,0.3777139621017054,0.9998479593710528,FALSE,FALSE,n.s.
Q922J3,Clip1,0.5090828217252711,NA,NA,-0.6082255484602275,NA,NA,NA,FALSE,n.s.
Q922U2,Krt5,-0.932450407748718,NA,NA,0.4489973150913991,NA,NA,NA,FALSE,n.s.
Q922W5,Pycr1,-0.07288462402602669,NA,NA,0.08070152149787314,NA,NA,NA,FALSE,n.s.
Q922X9,Prmt7,0.7438610652209221,NA,NA,0.149092165182433,0.6712211480655035,0.9998479593710528,FALSE,FALSE,n.s.
Q923D4,Sf3b5,-0.9415051742480572,0.4103385167855431,0.9998429551679517,-0.5663816559124384,NA,NA,FALSE,FALSE,n.s.
Q923F1,Clns1a,0.22191720208265628,0.8190745409377816,0.9998429551679517,0.4413477718681986,NA,NA,FALSE,FALSE,n.s.
Q923Q2,Stard13,0.2611943235995062,NA,NA,0.2635727349971466,0.6674417232005894,0.9998479593710528,FALSE,FALSE,n.s.
Q923W1,Tgs1,1.205125125407218,NA,NA,-1.5078807343788811,NA,NA,NA,FALSE,n.s.
Q923Z0,Gprc5b,1.3531683876944163,NA,NA,-0.19009757408082728,NA,NA,NA,FALSE,n.s.
Q924T3,Xrcc4,0.4779156096223569,0.3733402106833002,0.9998429551679517,-0.7832154579776174,NA,NA,FALSE,FALSE,n.s.
Q924X6,Lrp8,0.21694332180482376,0.7639009566865065,0.9998429551679517,-0.8955400978987673,NA,NA,FALSE,FALSE,n.s.
Q924Z6,Xpo6,0.4975899944130811,0.5131880985283181,0.9998429551679517,-0.9943487591624337,NA,NA,FALSE,FALSE,n.s.
Q925H0,Asic2,0.8194749939029751,NA,NA,0.48424401578303766,0.6428835521054566,0.9998479593710528,FALSE,FALSE,n.s.
Q925T6,Grip1,0.3322318665234041,NA,NA,-1.2055295763806764,0.12883572371955104,0.9998479593710528,FALSE,FALSE,n.s.
Q96DY5,Rnf112,0.224837238881306,0.702280818205461,0.9998429551679517,0.2128823515997396,NA,NA,FALSE,FALSE,n.s.
Q99J23,Ghdc,-1.0738761711535856,NA,NA,-0.3050019591396429,0.7037525071976376,0.9998479593710528,FALSE,FALSE,n.s.
Q99J25,Mrm1,-0.4451050377661634,NA,NA,-0.3888797855616762,0.22808898491593,0.9998479593710528,FALSE,FALSE,n.s.
Q99JB8,Pacsin3,0.3242420518842146,NA,NA,0.21263901236472488,0.8314427234140787,0.9998479593710528,FALSE,FALSE,n.s.
Q99JG2,Gpr37l1,0.8119294149777403,0.43479905367837446,0.9998429551679517,0.6133556582165068,NA,NA,FALSE,FALSE,n.s.
Q99JW1,Abhd17a,-0.2958678454469446,NA,NA,0.23083369958533873,NA,NA,NA,FALSE,n.s.
Q99JY4,Trabd,0.03365867551460492,NA,NA,0.7055419949815528,0.42387840096051527,0.9998479593710528,FALSE,FALSE,n.s.
Q99K30,Eps8l2,-0.04922088158293928,0.9408111819199001,0.9998429551679517,-0.27112245932802115,NA,NA,FALSE,FALSE,n.s.
Q99KB8,Hagh,1.7748176479227056,NA,NA,0.2929544962212311,0.7590881551997377,0.9998479593710528,FALSE,FALSE,n.s.
Q99KK1,Reep3,-0.7534774301232428,NA,NA,0.13486505721151376,0.8756804775650262,0.9998479593710528,FALSE,FALSE,n.s.
Q99KR6,Rnf34,-1.4957490890030396,0.4240827489568734,0.9998429551679517,-1.081074653121403,NA,NA,FALSE,FALSE,n.s.
Q99L00,Haus8,0.25902644183267376,NA,NA,-0.869965124312712,NA,NA,NA,FALSE,n.s.
Q99L20,Gstt3,0.35694477618661047,NA,NA,0.19213756009552707,0.7752449608114567,0.9998479593710528,FALSE,FALSE,n.s.
Q99L85,Elp5,-0.5169565915439777,NA,NA,0.47774063064483824,NA,NA,NA,FALSE,n.s.
Q99LC2,Cstf1,0.4114514981822256,0.6119089353207215,0.9998429551679517,-0.9085772022136952,NA,NA,FALSE,FALSE,n.s.
Q99LG4,Ttc5,-0.36712952166168034,0.6696480300087342,0.9998429551679517,-0.433203902251471,NA,NA,FALSE,FALSE,n.s.
Q99LH1,Gnl2,-0.20021507210707865,NA,NA,0.9579899505451509,NA,NA,NA,FALSE,n.s.
Q99LM9,Tada1,0.3509402931929506,0.6025918833548884,0.9998429551679517,-1.1078059099909598,NA,NA,FALSE,FALSE,n.s.
Q99LX5,Mmtag2,-0.3059954574853986,NA,NA,0.13449181061257054,NA,NA,NA,FALSE,n.s.
Q99M07,Coa5,-2.0235946587910782,NA,NA,0.8316055504662431,NA,NA,NA,FALSE,n.s.
Q99M87,Dnaja3,-1.2565322043576093,NA,NA,0.417169220061772,0.48045116689515666,0.9998479593710528,FALSE,FALSE,n.s.
Q99M96,St7,-0.15298091321477889,NA,NA,0.4617814866562691,NA,NA,NA,FALSE,n.s.
Q99ML4,Dipk1b,-0.430239130512104,NA,NA,-0.5157208874027653,0.40820912777700746,0.9998479593710528,FALSE,FALSE,n.s.
Q99N12,Dusp19,-0.9410348242512132,NA,NA,0.1219411936409497,NA,NA,NA,FALSE,n.s.
Q99N84,Mrps18b,0.8133344546867329,NA,NA,-0.08381392233875634,NA,NA,NA,FALSE,n.s.
Q99NB8,Ubqln4,0.07327776265688232,0.8481198814441453,0.9998429551679517,-1.0371255233739305,NA,NA,FALSE,FALSE,n.s.
Q99NF2,Nsmf,-0.7682333443245264,0.25672153682365756,0.9998429551679517,-0.5318204701690693,NA,NA,FALSE,FALSE,n.s.
Q99NF8,Ranbp17,0.48301040908939125,NA,NA,-1.8948762198309603,NA,NA,NA,FALSE,n.s.
Q99PH4,Aldh3a2,-0.19079338946894328,0.7568193012503464,0.9998429551679517,3.1666732312587134,NA,NA,FALSE,FALSE,n.s.
Q9BCZ4,Selenos,-0.7289393171607873,NA,NA,-1.2268645703990744,0.19572865783516907,0.9998479593710528,FALSE,FALSE,n.s.
Q9CPR1,Rwdd4,-1.512423658252485,NA,NA,0.004447630622510019,NA,NA,NA,FALSE,n.s.
Q9CPR4,Rpl17,-0.23893470113122633,0.7746615784049362,0.9998429551679517,1.9080688607832421,NA,NA,FALSE,FALSE,n.s.
Q9CPV7,Zdhhc6,0.013713112109702993,0.9878802257156668,0.9998429551679517,0.8662621742692611,NA,NA,FALSE,FALSE,n.s.
Q9CPX7,Mrps16,-0.11436108298032198,0.8422019517969661,0.9998429551679517,0.6786942964937074,NA,NA,FALSE,FALSE,n.s.
Q9CPY1,Mrpl51,1.846595436139333,NA,NA,1.2680927122115047,0.4168743596837882,0.9998479593710528,FALSE,FALSE,n.s.
Q9CQ18,Rnaseh2c,-0.5404413201782653,NA,NA,0.7548837232639296,NA,NA,NA,FALSE,n.s.
Q9CQ20,Mid1ip1,1.0255907119022496,NA,NA,1.63728701667461e-4,0.9997588540413784,0.9998479593710528,FALSE,FALSE,n.s.
Q9CQ28,Dph6,0.848863250652634,0.33739590055824886,0.9998429551679517,0.36484870299393307,NA,NA,FALSE,FALSE,n.s.
Q9CQ33,Lztr1,-1.6248678682460274,0.3132312646659939,0.9998429551679517,-1.338369866095968,NA,NA,FALSE,FALSE,n.s.
Q9CQ40,Mrpl49,-0.2919327517844906,NA,NA,-0.3209808998805035,0.8188544147699732,0.9998479593710528,FALSE,FALSE,n.s.
Q9CQ43,Dut,-0.5389246154302222,NA,NA,0.17578959812492312,NA,NA,NA,FALSE,n.s.
Q9CQ48,Nudcd2,-1.4530097960223751,NA,NA,0.21077458463888885,NA,NA,NA,FALSE,n.s.
Q9CQ56,Use1,0.7601003350655642,NA,NA,0.4118873132014877,0.5520260421516318,0.9998479593710528,FALSE,FALSE,n.s.
Q9CQ71,Rpa3,0.5334803979062568,NA,NA,0.3860866242635787,0.45537368163987535,0.9998479593710528,FALSE,FALSE,n.s.
Q9CQ74,Leprotl1,-2.024201681756787,NA,NA,0.9900266947662364,NA,NA,NA,FALSE,n.s.
Q9CQ86,Mien1,-1.4468743289433184,NA,NA,0.3724787588824921,NA,NA,NA,FALSE,n.s.
Q9CQ89,Cuta,-0.34968494860406907,NA,NA,0.03393561377735026,NA,NA,NA,FALSE,n.s.
Q9CQA5,Med4,0.017615268216233118,NA,NA,-0.6523046103954029,NA,NA,NA,FALSE,n.s.
Q9CQA6,Chchd1,0.35052874225993114,NA,NA,-0.44280130503135595,NA,NA,NA,FALSE,n.s.
Q9CQC8,Spg21,-0.06389387790442014,0.9394418538498623,0.9998429551679517,-0.2160426844481087,NA,NA,FALSE,FALSE,n.s.
Q9CQC9,Sar1b,0.13031743144057847,NA,NA,0.6420726029111047,0.7123425528389326,0.9998479593710528,FALSE,FALSE,n.s.
Q9CQF8,Mrpl57,-0.6616134359633536,NA,NA,-0.436636199089386,0.6751059099586769,0.9998479593710528,FALSE,FALSE,n.s.
Q9CQG1,Chac2,0.21596166943841563,0.7391078260286796,0.9998429551679517,-0.16222246364410248,NA,NA,FALSE,FALSE,n.s.
Q9CQG2,Mettl16,-0.7590694162056761,NA,NA,-0.48470942082778534,0.19462833994048348,0.9998479593710528,FALSE,FALSE,n.s.
Q9CQG6,Tmem147,0.2576384883082868,NA,NA,-0.5316292961624172,NA,NA,NA,FALSE,n.s.
Q9CQI7,Snrpb2,-0.18393375012630103,NA,NA,-0.302618242096092,0.6002884521244124,0.9998479593710528,FALSE,FALSE,n.s.
Q9CQJ2,Pih1d1,-0.3465651580634833,NA,NA,0.19813553256297428,0.8079906980999642,0.9998479593710528,FALSE,FALSE,n.s.
Q9CQL0,Mettl21A,0.6839231014699794,NA,NA,-0.32307299556962615,NA,NA,NA,FALSE,n.s.
Q9CQQ4,Gemin2,0.23531541623082713,NA,NA,-1.3976553928871531,NA,NA,NA,FALSE,n.s.
Q9CQT1,Mri1,-1.2184226583983477,NA,NA,0.6758729294025253,NA,NA,NA,FALSE,n.s.
Q9CQV1,Pam16,-1.1700382059731906,NA,NA,0.12377689048684284,0.8583869156543512,0.9998479593710528,FALSE,FALSE,n.s.
Q9CQW2,Arl8b,0.9007936180202072,NA,NA,0.6612467527075788,0.8088716383407322,0.9998479593710528,FALSE,FALSE,n.s.
Q9CQX5,Cldnd1,0.38623857367126646,NA,NA,1.4681749384911849,0.4539073172442059,0.9998479593710528,FALSE,FALSE,n.s.
Q9CQY5,Magt1,0.8029036914814064,NA,NA,-1.245248888636625,NA,NA,NA,FALSE,n.s.
Q9CR11,Yeats4,-0.5554958418233984,0.4951286947949638,0.9998429551679517,-0.08151238100514084,NA,NA,FALSE,FALSE,n.s.
Q9CR20,Ier3ip1,1.3032258876988783,NA,NA,-2.1031253619938237,NA,NA,NA,FALSE,n.s.
Q9CR23,Tmem9,0.5048705024494616,NA,NA,-0.45568507553484977,NA,NA,NA,FALSE,n.s.
Q9CR56,Nkiras2,0.4769942176502668,NA,NA,-0.07123784076314799,NA,NA,NA,FALSE,n.s.
Q9CR60,Golt1b,-0.42426236230225906,NA,NA,0.10447702698947284,NA,NA,NA,FALSE,n.s.
Q9CR86,Carhsp1,0.5348174629109361,NA,NA,-0.16648581054610326,NA,NA,NA,FALSE,n.s.
Q9CRA8,Exosc5,0.06345195992673243,0.9100270715987491,0.9998429551679517,0.7639074929467964,NA,NA,FALSE,FALSE,n.s.
Q9CRB2,Nhp2,-0.30578487273837,NA,NA,0.09873424621665913,NA,NA,NA,FALSE,n.s.
Q9CS74,Ecd,-0.822246114006053,0.21817042780511806,0.9998429551679517,-1.0902158184185589,NA,NA,FALSE,FALSE,n.s.
Q9CTG6,Atp13a2,0.6127988817382437,NA,NA,0.9123201849607416,0.17790248877105255,0.9998479593710528,FALSE,FALSE,n.s.
Q9CV28,Mindy3,-1.1010398731515203,NA,NA,0.8293159858136998,0.21343895787415768,0.9998479593710528,FALSE,FALSE,n.s.
Q9CW07,Ppp1r3g,-0.26844031962100845,0.8215896670838772,0.9998429551679517,-0.9804272344733772,NA,NA,FALSE,FALSE,n.s.
Q9CWD3,Nudt17,1.3027435921635315,0.2504220325722083,0.9998429551679517,-0.48119898279432427,NA,NA,FALSE,FALSE,n.s.
Q9CWD8,Nubpl,-0.313430721981475,0.7468825494850353,0.9998429551679517,-0.28403745974102873,NA,NA,FALSE,FALSE,n.s.
Q9CWF2,Tubb2b,0.3538888666498747,0.806690263864573,0.9998429551679517,0.6087132402300405,NA,NA,FALSE,FALSE,n.s.
Q9CWF6,Bbs2,0.1593139216456985,0.8311969508714888,0.9998429551679517,-1.2572707706839694,NA,NA,FALSE,FALSE,n.s.
Q9CWI3,Bccip,-0.17097463830463575,0.8666288265812153,0.9998429551679517,0.13852630235806027,NA,NA,FALSE,FALSE,n.s.
Q9CWK3,Cd2bp2,-0.6722136221222602,0.48385249691892446,0.9998429551679517,-0.5826271524475837,NA,NA,FALSE,FALSE,n.s.
Q9CWQ0,Dph5,0.34988990222691485,NA,NA,-0.16073530878044415,NA,NA,NA,FALSE,n.s.
Q9CWR1,Wdr73,-0.2622929205425098,NA,NA,0.3528622669712579,NA,NA,NA,FALSE,n.s.
Q9CWT3,Snx10,-1.8084849076952674,NA,NA,0.18960804035508352,NA,NA,NA,FALSE,n.s.
Q9CWT6,Ddx28,-0.09104692042823642,0.9034548858014633,0.9998429551679517,0.39515188567260406,NA,NA,FALSE,FALSE,n.s.
Q9CWX9,Ddx47,-0.13932733328711938,NA,NA,0.4258021961909721,NA,NA,NA,FALSE,n.s.
Q9CWY8,Rnaseh2a,1.2355579435553738,NA,NA,-0.04256012474632859,0.8909708932753754,0.9998479593710528,FALSE,FALSE,n.s.
Q9CX53,Gemin6,0.02357556908472399,0.9539792380877763,0.9998429551679517,0.832605571212136,NA,NA,FALSE,FALSE,n.s.
Q9CX84,Rgs19,-0.10881145751291003,0.8458619416266817,0.9998429551679517,1.2855792071199525,NA,NA,FALSE,FALSE,n.s.
Q9CXK8,Nip7,-0.15673710979251645,0.7942307636934764,0.9998429551679517,-0.2739333059812057,NA,NA,FALSE,FALSE,n.s.
Q9CXL3,Chlsn,-0.5985098793514605,NA,NA,0.43443945346216245,NA,NA,NA,FALSE,n.s.
Q9CXM0,Chodl,0.06761496382938646,NA,NA,-0.5529282794333448,NA,NA,NA,FALSE,n.s.
Q9CXU9,Eif1b,-0.6854598138926906,NA,NA,0.7697919873517035,NA,NA,NA,FALSE,n.s.
Q9CXV1,Sdhd,1.2219545636262639,NA,NA,-2.4387334806373375,NA,NA,NA,FALSE,n.s.
Q9CY16,Mrps28,-0.31509767309210174,NA,NA,0.48812560105674485,NA,NA,NA,FALSE,n.s.
Q9CY28,Gtpbp8,0.7529367740377293,NA,NA,-0.02584094744637092,NA,NA,NA,FALSE,n.s.
Q9CY45,Eef1akmt1,1.1182234594198042,NA,NA,-0.9248713668511512,NA,NA,NA,FALSE,n.s.
Q9CY52,Thg1l,0.48397988429892586,0.4807833496707668,0.9998429551679517,-0.43732592324859926,NA,NA,FALSE,FALSE,n.s.
Q9CY62,Rnf181,-0.08787052898886427,NA,NA,0.9400683795217737,NA,NA,NA,FALSE,n.s.
Q9CYA6,Zcchc8,-0.815122884279103,0.46728428859936,0.9998429551679517,-0.21273754180761603,NA,NA,FALSE,FALSE,n.s.
Q9CYC6,Dcp2,-0.710170037681395,NA,NA,0.5386128192042077,NA,NA,NA,FALSE,n.s.
Q9CYH6,Rrs1,0.33007425069638197,0.6421816887504324,0.9998429551679517,-0.14887453421332045,NA,NA,FALSE,FALSE,n.s.
Q9CYI4,Luc7l,-1.1093703985028376,0.07166778447942722,0.9998429551679517,-0.47183161230875154,NA,NA,FALSE,FALSE,n.s.
Q9CYK2,Qpct,-0.2500350823757346,NA,NA,1.0593890826205927,NA,NA,NA,FALSE,n.s.
Q9CYU6,Dph7,-0.0594535521577222,NA,NA,0.15779286860130898,NA,NA,NA,FALSE,n.s.
Q9CZA6,Nde1,0.37546865043355404,NA,NA,0.641587778459356,0.5231431408455887,0.9998479593710528,FALSE,FALSE,n.s.
Q9CZD5,Mtif3,-0.36905393387121205,NA,NA,0.6846205842528981,NA,NA,NA,FALSE,n.s.
Q9CZH7,Mxra7,-0.44766983567615637,NA,NA,0.085155979785515007,0.9599417396242922,0.9998479593710528,FALSE,FALSE,n.s.
Q9CZQ9,Bbs5,1.0446403254007606,0.2157088183909267,0.9998429551679517,0.517898494743839,NA,NA,FALSE,FALSE,n.s.
Q9CZT4,Polr3e,-0.11549201980539144,0.9219300411068222,0.9998429551679517,-0.9539358657341191,NA,NA,FALSE,FALSE,n.s.
Q9CZU4,Eral1,0.9375770154451118,NA,NA,-0.7579542576288669,NA,NA,NA,FALSE,n.s.
Q9CZX7,Pip4p2,-1.2817794178481077,NA,NA,-0.07549556182471746,0.943165742837718,0.9998479593710528,FALSE,FALSE,n.s.
Q9D067,Mdm1,-1.1332854380644362,NA,NA,0.11246277887002765,NA,NA,NA,FALSE,n.s.
Q9D0B0,Srsf9,-0.6047510179215245,0.6904005790552639,0.9998429551679517,-0.22122975960920446,NA,NA,FALSE,FALSE,n.s.
Q9D0I6,Wdsub1,-0.8670248902882259,NA,NA,-0.3490521340216078,0.7318097189635939,0.9998479593710528,FALSE,FALSE,n.s.
Q9D0I8,Mrto4,0.8391282774356564,0.36671219973923513,0.9998429551679517,-0.6028167971366849,NA,NA,FALSE,FALSE,n.s.
Q9D0R8,Lsm12,-1.0735140080624372,0.4587895964536535,0.9998429551679517,-0.2471226059322582,NA,NA,FALSE,FALSE,n.s.
Q9D0T2,Dusp12,-0.36825492863951526,0.5058077098440565,0.9998429551679517,-0.4719552272633901,NA,NA,FALSE,FALSE,n.s.
Q9D0W5,Ppil1,-0.41144430155025596,NA,NA,-1.8176831896596033,0.2272318415852252,0.9998479593710528,FALSE,FALSE,n.s.
Q9D187,Ciao2b,-1.3292505767199025,NA,NA,0.05085809557946522,NA,NA,NA,FALSE,n.s.
Q9D198,Syf2,1.0067433224421878,0.15935010594730284,0.9998429551679517,0.7942209540455876,NA,NA,FALSE,FALSE,n.s.
Q9D1C9,Rrp7a,-0.38359958643060094,NA,NA,0.9495369666473622,NA,NA,NA,FALSE,n.s.
Q9D1G3,Hhatl,-1.4657947271846115,NA,NA,0.9088154399137033,0.41345176486168506,0.9998479593710528,FALSE,FALSE,n.s.
Q9D1H7,Get4,1.051244674498691,0.6170262930635492,0.9998429551679517,2.18966986026383,NA,NA,FALSE,FALSE,n.s.
Q9D1H8,Mrpl53,0.6677700997830867,NA,NA,-1.7117802136180222,NA,NA,NA,FALSE,n.s.
Q9D1Q1,Mphosph6,1.5017818847330173,NA,NA,-0.18277473387062002,NA,NA,NA,FALSE,n.s.
Q9D1R2,Kti12,0.6903043990647951,0.4266632110322472,0.9998429551679517,-0.75741357438996,NA,NA,FALSE,FALSE,n.s.
Q9D1T0,Lingo1,-0.815401353262557,0.39205074345454516,0.9998429551679517,-1.1882621017309627,NA,NA,FALSE,FALSE,n.s.
Q9D1X0,Nol3,0.46849215506674696,NA,NA,-0.2968063137868332,NA,NA,NA,FALSE,n.s.
Q9D2C2,Saal1,-0.1475704750662772,0.8265952532538104,0.9998429551679517,-0.1903291435979618,NA,NA,FALSE,FALSE,n.s.
Q9D2C7,Tmbim6,-0.8752280485530677,NA,NA,0.627361154177618,0.2635653245413107,0.9998479593710528,FALSE,FALSE,n.s.
Q9D2M8,Ube2v2,-2.314937709512233,NA,NA,-1.3876105824485108,0.22944812868614461,0.9998479593710528,FALSE,FALSE,n.s.
Q9D2P4,Urm1,1.0966796360431978,0.10045850416310971,0.9998429551679517,-0.1741061652758452,NA,NA,FALSE,FALSE,n.s.
Q9D2V8,Mfsd10,-0.10250821610029458,NA,NA,1.2257121635816888,NA,NA,NA,FALSE,n.s.
Q9D2X0,Ankrd39,-0.7095839833515291,NA,NA,0.6714734635258656,NA,NA,NA,FALSE,n.s.
Q9D358,Acp1,-0.11068393075527631,NA,NA,-0.6115679627976102,0.835651130193986,0.9998479593710528,FALSE,FALSE,n.s.
Q9D3A8,Nos1ap,-0.26124385053679966,0.41516057789741356,0.9998429551679517,4.329085841278462,NA,NA,FALSE,FALSE,n.s.
Q9D3B1,Hacd2,0.8274921730114729,NA,NA,-2.166871416254609,NA,NA,NA,FALSE,n.s.
Q9D3E6,Stag1,-0.38003353940663553,NA,NA,-0.9827415433844934,0.277932179332627,0.9998479593710528,FALSE,FALSE,n.s.
Q9D3N8,Grtp1,0.616039878385935,NA,NA,-4.424176705082165,NA,NA,NA,FALSE,n.s.
Q9D3S3,Snx29,0.48125418670298814,NA,NA,-0.6087745467041547,NA,NA,NA,FALSE,n.s.
Q9D3U0,Pus10,0.8891838079212732,NA,NA,-1.0208424810060157,NA,NA,NA,FALSE,n.s.
Q9D428,GOLGA7B,-1.8748627292140352,NA,NA,0.5645229620465346,0.7652924180312344,0.9998479593710528,FALSE,FALSE,n.s.
Q9D4H4,Amotl1,1.456951682571873,NA,NA,-0.1961220470288079,NA,NA,NA,FALSE,n.s.
Q9D4J1,Efhd1,-0.5539028898499863,NA,NA,-0.1479213772371086,0.8798894815694827,0.9998479593710528,FALSE,FALSE,n.s.
Q9D658,Ptp4a3,-0.3598092681574645,0.7230382763267338,0.9998429551679517,0.5004340010960195,NA,NA,FALSE,FALSE,n.s.
Q9D6E4,Ttc9b,0.3449705094476262,NA,NA,-0.6612553828937078,NA,NA,NA,FALSE,n.s.
Q9D6I9,Lurap1,-0.08155161750137975,0.9225348099180647,0.9998429551679517,0.5033168227846737,NA,NA,FALSE,FALSE,n.s.
Q9D6K5,Synj2bp,-0.002430835902438505,NA,NA,1.7600393696222836,NA,NA,NA,FALSE,n.s.
Q9D6K7,Ttc33,-1.1113705263934512,NA,NA,-1.3963282495561626,0.26364996417120684,0.9998479593710528,FALSE,FALSE,n.s.
Q9D735,Trir,-0.4128106194835455,0.8060895432998205,0.9998429551679517,0.2747660810292467,NA,NA,FALSE,FALSE,n.s.
Q9D7J4,Cox20,-0.07437078069597164,NA,NA,1.105219849000015,NA,NA,NA,FALSE,n.s.
Q9D7J9,Echdc3,-0.49760979884351775,NA,NA,0.01121472642792167,0.9889478465106748,0.9998479593710528,FALSE,FALSE,n.s.
Q9D7N6,Mrpl30,-1.4438899568989645,0.1381833596847767,0.9998429551679517,-0.6525423213950998,NA,NA,FALSE,FALSE,n.s.
Q9D7S7,Rpl22l1,0.5419537113308808,NA,NA,-0.6667286800984574,NA,NA,NA,FALSE,n.s.
Q9D7S9,Chmp5,1.1640616365500382,NA,NA,0.5626931708474416,0.7816438968671944,0.9998479593710528,FALSE,FALSE,n.s.
Q9D7V9,Naaa,1.0281427457280952,0.466441997511963,0.9998429551679517,1.2873734604774711,NA,NA,FALSE,FALSE,n.s.
Q9D7X3,Dusp3,0.6953865448807135,0.79299339043241,0.9998429551679517,-1.6061238016128006,NA,NA,FALSE,FALSE,n.s.
Q9D820,Prorsd1,-1.0654728768499087,NA,NA,0.27544252169067884,0.5736775899896964,0.9998479593710528,FALSE,FALSE,n.s.
Q9D850,Tmem68,-0.08253738414198424,0.8823610333825201,0.9998429551679517,-0.4474632895026841,NA,NA,FALSE,FALSE,n.s.
Q9D8B6,Fam210b,-1.2163783335856888,NA,NA,0.79385756014318,NA,NA,NA,FALSE,n.s.
Q9D8P4,Mrpl17,-0.6110447994130824,NA,NA,0.9489883729725436,NA,NA,NA,FALSE,n.s.
Q9D8T2,Gsdmd,0.6554817837560841,NA,NA,-1.8440883391145515,NA,NA,NA,FALSE,n.s.
Q9D8V7,Sec11c,0.17316096114536436,NA,NA,0.28336355902982535,0.721889285943105,0.9998479593710528,FALSE,FALSE,n.s.
Q9D902,Gtf2e2,-0.4910083113282077,NA,NA,-0.27776576773188366,0.4217393480344825,0.9998479593710528,FALSE,FALSE,n.s.
Q9D927,1810009N02Rik,-1.1674076731243233,NA,NA,0.3731071295338829,NA,NA,NA,FALSE,n.s.
Q9D967,Mdp1,-0.39592722991151613,0.407348285356247,0.9998429551679517,1.7624952652812425,NA,NA,FALSE,FALSE,n.s.
Q9D9K3,Aven,-0.2955185582654261,NA,NA,1.3038831680006324,0.0775223056037434,0.9998479593710528,FALSE,FALSE,n.s.
Q9D9S3,Rwdd2a,0.17662924081194964,NA,NA,-0.40418055781857204,0.7021180829082703,0.9998479593710528,FALSE,FALSE,n.s.
Q9D9Z5,Dda1,1.5572729848340254,NA,NA,-0.031546917990687054,NA,NA,NA,FALSE,n.s.
Q9DA03,Lyrm7,0.4654101734443365,NA,NA,0.23702199208755909,0.783845563154328,0.9998479593710528,FALSE,FALSE,n.s.
Q9DA08,Sgf29,0.15091071473656928,0.8144676604908968,0.9998429551679517,-0.4058733837598703,NA,NA,FALSE,FALSE,n.s.
Q9DAI6,Fam135b,-0.07818231853272241,0.7960332841954112,0.9998429551679517,-0.13474511972064615,NA,NA,FALSE,FALSE,n.s.
Q9DAS9,Gng12,0.7677597573202821,NA,NA,-0.4637427372450582,0.8604441739006097,0.9998479593710528,FALSE,FALSE,n.s.
Q9DB29,Iah1,3.1085015717568485,NA,NA,0.1515496303073334,0.940077474410322,0.9998479593710528,FALSE,FALSE,n.s.
Q9DB70,Fundc1,-0.3694430484956291,NA,NA,0.9348655867433342,NA,NA,NA,FALSE,n.s.
Q9DB90,Smg9,-1.4107261480494482,0.1749000213207424,0.9998429551679517,-2.1845377428988506,NA,NA,FALSE,FALSE,n.s.
Q9DBA9,Gtf2h1,-0.39211464745546404,NA,NA,0.06197036864983601,NA,NA,NA,FALSE,n.s.
Q9DBG9,Tax1bp3,1.4200639519165348,NA,NA,-0.7569497208597824,NA,NA,NA,FALSE,n.s.
Q9DBM2,Ehhadh,0.1719965393628992,NA,NA,-0.854634393390832,0.22509687383024687,0.9998479593710528,FALSE,FALSE,n.s.
Q9DBQ7,Scyl3,-0.3370125401895673,NA,NA,0.3764716725929608,NA,NA,NA,FALSE,n.s.
Q9DBU0,Tm9sf1,-0.35124633411602957,NA,NA,1.6613012290387446,NA,NA,NA,FALSE,n.s.
Q9DBX6,Cyp2s1,-0.0955888572619964,NA,NA,0.6929915675523137,0.6882518298906001,0.9998479593710528,FALSE,FALSE,n.s.
Q9DBY5,Cbx6,1.6684819283941057,NA,NA,-0.2005595128994506,NA,NA,NA,FALSE,n.s.
Q9DBZ5,Eif3k,-0.4449004541512475,0.7984477701033519,0.9998429551679517,-1.35675870528707,NA,NA,FALSE,FALSE,n.s.
Q9DC22,Dcaf6,-0.69394159028481,0.4780835316925055,0.9998429551679517,-0.736488883808252,NA,NA,FALSE,FALSE,n.s.
Q9DC29,Abcb6,1.1077462235494648,0.5470089049045315,0.9998429551679517,-0.09949290805867897,NA,NA,FALSE,FALSE,n.s.
Q9DC33,Hmg20a,2.568939424621187,NA,NA,-0.612799735410742,NA,NA,NA,FALSE,n.s.
Q9DC40,Telo2,1.0847803649529517,NA,NA,0.15774489673129335,0.7811453560402912,0.9998479593710528,FALSE,FALSE,n.s.
Q9DC48,Cdc40,0.32190958373116846,0.7381816713321946,0.9998429551679517,1.1441135199062735,NA,NA,FALSE,FALSE,n.s.
Q9DC53,Cpne8,-0.3836896858841331,0.5050158152669312,0.9998429551679517,-1.0720694263256778,NA,NA,FALSE,FALSE,n.s.
Q9DCA5,Brix1,0.4634509486011999,NA,NA,-0.09612875668767057,NA,NA,NA,FALSE,n.s.
Q9DCB4,Arpp21,0.14067551084035518,0.873243690531193,0.9998429551679517,-1.5748251304443255,NA,NA,FALSE,FALSE,n.s.
Q9DCC7,Isoc2b,0.34147978056483336,NA,NA,-0.3939185279715657,0.7706811623031816,0.9998479593710528,FALSE,FALSE,n.s.
Q9DCC8,Tomm20,1.993316339673681,NA,NA,-0.8427195409662845,NA,NA,NA,FALSE,n.s.
Q9DCI9,Mrpl32,-0.6860218094217624,NA,NA,-0.899607649570383,0.41038754378234676,0.9998479593710528,FALSE,FALSE,n.s.
Q9DCJ7,Aurkaip1,0.4103648519944209,NA,NA,-0.24489932312198726,NA,NA,NA,FALSE,n.s.
Q9DCM0,Ethe1,1.9361110058464115,NA,NA,0.20293801032007847,0.9158722907508396,0.9998479593710528,FALSE,FALSE,n.s.
Q9DCM7,Nacc2,-1.7879254633939634,NA,NA,-0.5500672812908906,0.5544127579123732,0.9998479593710528,FALSE,FALSE,n.s.
Q9DCT5,Sdf2,-0.1651247586348693,NA,NA,-0.9254450393314877,0.32302877627394533,0.9998479593710528,FALSE,FALSE,n.s.
Q9DD02,Hikeshi,-0.8213697000538099,NA,NA,0.08278136981122455,NA,NA,NA,FALSE,n.s.
Q9EP71,Rai14,-0.30122038090113473,0.4750596232024905,0.9998429551679517,-1.324655640397517,NA,NA,FALSE,FALSE,n.s.
Q9EPL4,Mettl9,0.17835637409687888,NA,NA,-0.2630545481779371,NA,NA,NA,FALSE,n.s.
Q9EQ61,Pes1,-0.9742521129977963,NA,NA,-1.0489970002445275,0.21894403053157732,0.9998479593710528,FALSE,FALSE,n.s.
Q9EQK7,Icmt,-1.5167107806537992,NA,NA,1.32398577553318,NA,NA,NA,FALSE,n.s.
Q9EQT6,Syt13,-0.3634496104353837,0.6321109254006982,0.9998429551679517,1.886064202240304,NA,NA,FALSE,FALSE,n.s.
Q9EQX4,Aif1l,-1.5661888897663543,NA,NA,-1.0392205388584805,0.2609926185271458,0.9998479593710528,FALSE,FALSE,n.s.
Q9ER69,Wtap,-1.4725578120767178,0.18172818267204632,0.9998429551679517,-0.8809278050688448,NA,NA,FALSE,FALSE,n.s.
Q9ERB5,Slco1c1,-1.2649029418723512,NA,NA,0.7582133948480374,NA,NA,NA,FALSE,n.s.
Q9ERE8,Tlnrd1,-0.2620901439944342,0.8668058554225445,0.9998429551679517,-0.539182507009823,NA,NA,FALSE,FALSE,n.s.
Q9ERE9,Mapk8ip2,-0.21696238642331306,NA,NA,0.9454359117078456,NA,NA,NA,FALSE,n.s.
Q9ERI6,Rdh14,2.4557120947221387,NA,NA,-0.2354744484592978,0.789916166681349,0.9998479593710528,FALSE,FALSE,n.s.
Q9ERS5,Plekha2,1.0594731986164474,0.03931390105377372,0.9998429551679517,-0.6038934441211615,NA,NA,TRUE,FALSE,Region-specific
Q9ERT9,Ppp1r1a,-1.7627911369392193,0.3544023951714122,0.9998429551679517,-0.15359273304600665,NA,NA,FALSE,FALSE,n.s.
Q9ERZ3,Chrm3,0.446053667275667,0.4567437047432906,0.9998429551679517,0.312857617394701,NA,NA,FALSE,FALSE,n.s.
Q9ERZ4,Chrm2,0.2880558211766545,NA,NA,-0.011571115361568034,0.9895778093233801,0.9998479593710528,FALSE,FALSE,n.s.
Q9ESD7,Dysf,1.1293783332353013,NA,NA,0.2736671141948801,0.3548369978916519,0.9998479593710528,FALSE,FALSE,n.s.
Q9ESF1,Otof,-1.2809818085117044,0.23958702779207552,0.9998429551679517,1.3927835778007216,NA,NA,FALSE,FALSE,n.s.
Q9ESJ0,Xpo4,-0.14901894543673405,0.8829311803027573,0.9998429551679517,0.10793058423131825,NA,NA,FALSE,FALSE,n.s.
Q9ESN4,C1ql3,0.12074912173335728,0.8808383128647441,0.9998429551679517,-0.46680948555387913,NA,NA,FALSE,FALSE,n.s.
Q9ESV0,Ddx24,-0.48928478302564093,NA,NA,0.39623284788855595,0.571611300097471,0.9998479593710528,FALSE,FALSE,n.s.
Q9ESX0,Gphn,0.033597369643294336,NA,NA,-1.298550735730003,NA,NA,NA,FALSE,n.s.
Q9ET80,Jph1,0.5285546042043845,0.38453749852210106,0.9998429551679517,-1.059667535935028,NA,NA,FALSE,FALSE,n.s.
Q9JHG2,Rcan2,0.3900692350334607,NA,NA,-0.42605765114111466,0.6401010264102152,0.9998479593710528,FALSE,FALSE,n.s.
Q9JHG6,Rcan1,0.45822302174462387,0.10151095187942126,0.9998429551679517,-0.21217925726306855,NA,NA,FALSE,FALSE,n.s.
Q9JHK5,Plek,-0.3535553137210668,0.7135868233450593,0.9998429551679517,0.7095677491591467,NA,NA,FALSE,FALSE,n.s.
Q9JIF0,Prmt1,-3.2075460324089753,NA,NA,-0.288344849380388,0.6028582443834392,0.9998479593710528,FALSE,FALSE,n.s.
Q9JIP4,Panx1,0.5295212848865192,0.13732604149607225,0.9998429551679517,0.6634718477131674,NA,NA,FALSE,FALSE,n.s.
Q9JIX8,Acin1,-0.014647410516312742,0.9641920795677723,0.9998429551679517,-0.2325089128912557,NA,NA,FALSE,FALSE,n.s.
Q9JIY0,Plekho1,0.32438238493512206,NA,NA,-2.332060629197043,NA,NA,NA,FALSE,n.s.
Q9JIZ9,Plscr3,-1.2655587035883118,NA,NA,4.138632384209556,NA,NA,NA,FALSE,n.s.
Q9JJ00,Plscr1,0.35284453830679596,NA,NA,-0.4835843635621992,NA,NA,NA,FALSE,n.s.
Q9JJ69,Kcnip2,-0.4561751289233173,0.36397080798691195,0.9998429551679517,-0.5142876362192582,NA,NA,FALSE,FALSE,n.s.
Q9JJ80,Rpf2,0.4982331799968709,NA,NA,-0.6719713224910605,NA,NA,NA,FALSE,n.s.
Q9JJA2,Cog8,-0.1639836272453131,NA,NA,2.157744859084805,NA,NA,NA,FALSE,n.s.
Q9JJD0,Thap11,0.5028560338314139,NA,NA,-0.1777269411721364,NA,NA,NA,FALSE,n.s.
Q9JJE4,Paqr4,-1.0760132939046982,NA,NA,1.286692779827988,NA,NA,NA,FALSE,n.s.
Q9JJF0,Nap1l5,-0.9035529452360446,NA,NA,-1.2782277484423743,0.20586389152425738,0.9998479593710528,FALSE,FALSE,n.s.
Q9JJF3,Riox1,-0.20023754814618344,NA,NA,1.5861263422488834,NA,NA,NA,FALSE,n.s.
Q9JJR8,Tmem9b,-1.649111515389226,NA,NA,-0.9533754365048009,0.35005636686301733,0.9998479593710528,FALSE,FALSE,n.s.
Q9JJT0,Rcl1,-2.896394663644017,NA,NA,0.7901802578862416,NA,NA,NA,FALSE,n.s.
Q9JJT9,Phax,0.8912764484585973,0.30411506701323426,0.9998429551679517,-1.0452508109618872,NA,NA,FALSE,FALSE,n.s.
Q9JJV5,Cacng3,0.03718519115237198,0.9617065251524342,0.9998429551679517,-0.07397901633430769,NA,NA,FALSE,FALSE,n.s.
Q9JJX7,Tdp2,0.058995019982502825,NA,NA,-0.3142800002609529,NA,NA,NA,FALSE,n.s.
Q9JJY3,Smpd3,0.40189200492324445,0.5858057665541723,0.9998429551679517,-0.4598798606920158,NA,NA,FALSE,FALSE,n.s.
Q9JK53,Prelp,0.47341203128427084,NA,NA,0.01352181912164949,0.9842247436704841,0.9998479593710528,FALSE,FALSE,n.s.
Q9JK92,Hspb8,1.0034075486135516,NA,NA,0.15789950496298708,0.884599031208969,0.9998479593710528,FALSE,FALSE,n.s.
Q9JKB1,Uchl3,0.2219855697465803,NA,NA,-0.11672141302617711,0.8753374590398834,0.9998479593710528,FALSE,FALSE,n.s.
Q9JKD3,Scamp5,0.3567265159120839,0.8951748806551485,0.9998429551679517,-1.5203013196358217,NA,NA,FALSE,FALSE,n.s.
Q9JKP7,Pole3,-0.48593942090130166,NA,NA,0.10380810288097589,NA,NA,NA,FALSE,n.s.
Q9JKS4,Ldb3,0.3485595675209476,NA,NA,-0.1821971124382536,0.7195171086946057,0.9998479593710528,FALSE,FALSE,n.s.
Q9JKW0,Arl6ip1,-0.06164298207428325,NA,NA,-0.2599758201935376,0.8793297792315908,0.9998479593710528,FALSE,FALSE,n.s.
Q9JKZ2,Slc5a3,-0.04960487137467091,NA,NA,0.7967243961723803,0.16683915354773432,0.9998479593710528,FALSE,FALSE,n.s.
Q9JLB0,Pals2,-1.061359758126744,NA,NA,-0.07359867832088356,0.854265274831118,0.9998479593710528,FALSE,FALSE,n.s.
Q9JLB9,Nectin3,-0.08042983296039412,0.8872446220212823,0.9998429551679517,0.9200080492621956,NA,NA,FALSE,FALSE,n.s.
Q9JLC4,Sorcs1,0.008426860217767578,0.9895210448431448,0.9998429551679517,-0.5936495302024085,NA,NA,FALSE,FALSE,n.s.
Q9JLM4,Zmym3,-0.2514482100808731,0.7440259385346235,0.9998429551679517,-0.31450144335489016,NA,NA,FALSE,FALSE,n.s.
Q9JLQ2,Git2,-0.03336268389543329,NA,NA,0.37257504764627397,NA,NA,NA,FALSE,n.s.
Q9JLR1,Sec61a2,0.867026114956095,0.6757648115595547,0.9998429551679517,-1.5356449232174711,NA,NA,FALSE,FALSE,n.s.
Q9JLV6,Pnkp,0.2475838673681639,NA,NA,-1.3984610370444184,0.0401695759064098,0.9998479593710528,TRUE,FALSE,Region-specific
Q9JM05,Pias4,0.02306690472809458,NA,NA,-2.1838874771699484,NA,NA,NA,FALSE,n.s.
Q9JM62,Reep6,0.3338902125792975,NA,NA,-0.2509708299652163,NA,NA,NA,FALSE,n.s.
Q9JM93,Arl6ip4,-0.695330803740721,0.6347160655584897,0.9998429551679517,0.40661390941975484,NA,NA,FALSE,FALSE,n.s.
Q9JMB0,Gkap1,-1.372031338573959,NA,NA,0.929034079447678,0.39906055833627163,0.9998479593710528,FALSE,FALSE,n.s.
Q9JMH7,Neu3,0.8414755671366427,NA,NA,-0.00815264916246532,0.9834642619092185,0.9998479593710528,FALSE,FALSE,n.s.
Q9QWV9,Ccnt1,-1.0039679811032516,0.12197408235859356,0.9998429551679517,-0.5341493634988411,NA,NA,FALSE,FALSE,n.s.
Q9QX47,Son,-0.15225029234867882,NA,NA,0.44147660627654667,NA,NA,NA,FALSE,n.s.
Q9QX60,Dguok,0.7141662640333768,0.6543429080285421,0.9998429551679517,-0.025951963393676735,NA,NA,FALSE,FALSE,n.s.
Q9QXA5,Lsm4,0.0030222177332903926,NA,NA,-0.9132522087945972,0.23268845434218133,0.9998479593710528,FALSE,FALSE,n.s.
Q9QXC1,Fetub,-0.5766816762741699,NA,NA,0.3044916930046371,NA,NA,NA,FALSE,n.s.
Q9QXG4,Acss2,-0.7556351890587119,NA,NA,0.11662099981215185,0.832067303128387,0.9998479593710528,FALSE,FALSE,n.s.
Q9QXY7,Xk,0.5343230069660234,0.3782994891471707,0.9998429551679517,-0.5851513262350376,NA,NA,FALSE,FALSE,n.s.
Q9QXZ0,Macf1,0.8734944694547634,0.061190504090640724,0.9998429551679517,-0.5540894776385806,NA,NA,FALSE,FALSE,n.s.
Q9QY01,Ulk2,-0.6776152531046872,0.32087411532518395,0.9998429551679517,-0.46931305294792935,NA,NA,FALSE,FALSE,n.s.
Q9QY42,Gpr37,0.506943919448751,NA,NA,-2.0472500960404028,0.24674831535746272,0.9998479593710528,FALSE,FALSE,n.s.
Q9QYC0,Add1,-0.7610315725118121,0.25804464767451846,0.9998429551679517,1.416756903307493,NA,NA,FALSE,FALSE,n.s.
Q9QYI4,Dnajb12,1.4089119369219165,0.0737733510458615,0.9998429551679517,-4.64129566761151e-4,NA,NA,FALSE,FALSE,n.s.
Q9QYM5,Rnd2,-0.3843314512154976,NA,NA,0.20574615633199128,0.6979296042359135,0.9998479593710528,FALSE,FALSE,n.s.
Q9QYM9,Tmeff2,-0.8540242345500217,0.46275210272743017,0.9998429551679517,-0.9542674283637402,NA,NA,FALSE,FALSE,n.s.
Q9QYR9,Acot2,-0.4192727149032454,NA,NA,0.6972919052795172,NA,NA,NA,FALSE,n.s.
Q9QZ08,Nagk,-0.1129073656937482,0.9401541689009105,0.9998429551679517,0.31713373083847424,NA,NA,FALSE,FALSE,n.s.
Q9QZA0,Ca5b,-5.127847644521153,NA,NA,-1.0474071397114049,0.2370044685217516,0.9998479593710528,FALSE,FALSE,n.s.
Q9QZB1,Rgs20,1.1868633482368092,0.4219066040199393,0.9998429551679517,-0.35221005972749686,NA,NA,FALSE,FALSE,n.s.
Q9QZH3,Ppie,0.240595174401185,0.6594998100389594,0.9998429551679517,0.068533142311205,NA,NA,FALSE,FALSE,n.s.
Q9QZH6,Ecsit,-0.15629059722466165,NA,NA,0.5817131106737148,NA,NA,NA,FALSE,n.s.
Q9QZN1,Fbxl17,-1.121124720499675,NA,NA,-0.5385264675585589,0.47295522122001976,0.9998479593710528,FALSE,FALSE,n.s.
Q9QZQ1,Afdn,0.4788607963993011,0.3186799668933734,0.9998429551679517,-0.3221856358514968,NA,NA,FALSE,FALSE,n.s.
Q9QZS5,Sgk2,0.17917467197996312,NA,NA,-0.27268189683371535,0.5490498578532643,0.9998479593710528,FALSE,FALSE,n.s.
Q9R0A5,Nek3,-1.2165971453451039,NA,NA,-0.20281353957716322,0.7151407903793505,0.9998479593710528,FALSE,FALSE,n.s.
Q9R0M5,Tpk1,1.1507693637185705,NA,NA,0.28302741576267926,0.5027984991253909,0.9998479593710528,FALSE,FALSE,n.s.
Q9R0N4,Syt10,-0.298191198299615,NA,NA,-1.8101203524804763,0.30446532804742427,0.9998479593710528,FALSE,FALSE,n.s.
Q9R0P4,Smap,0.10245939213853057,0.9603713915269105,0.9998429551679517,0.7636601068476375,NA,NA,FALSE,FALSE,n.s.
Q9R0X0,Med20,0.20581133769851737,NA,NA,-1.3394572996179899,NA,NA,NA,FALSE,n.s.
Q9R194,Cry2,3.270684091467212,NA,NA,-2.2495707829059657,NA,NA,NA,FALSE,n.s.
Q9R1C0,Taf7,0.09751924165188586,NA,NA,-0.6175237217535569,NA,NA,NA,FALSE,n.s.
Q9R1W5,Calcrl,1.1581092767422987,NA,NA,-0.5902906374044171,NA,NA,NA,FALSE,n.s.
Q9WTP5,Cdh22,-0.7509343298275646,0.41493324415858157,0.9998429551679517,0.010138831463982183,NA,NA,FALSE,FALSE,n.s.
Q9WTZ0,Uxt,0.7190030035645187,NA,NA,-0.25336799757443673,NA,NA,NA,FALSE,n.s.
Q9WTZ1,Rnf7,-1.9309061072446971,NA,NA,0.6190040275591951,NA,NA,NA,FALSE,n.s.
Q9WU63,Hebp2,-1.2005492776724616,NA,NA,0.5351678121779797,0.5233599168743188,0.9998479593710528,FALSE,FALSE,n.s.
Q9WUI1,Mapk11,0.7174737534546451,NA,NA,0.44466163249233087,0.31348586094118036,0.9998479593710528,FALSE,FALSE,n.s.
Q9WV02,Rbmx,-1.2389969100480698,NA,NA,0.2971924193298646,NA,NA,NA,FALSE,n.s.
Q9WV03,Fam50a,0.6409616900613784,NA,NA,-1.5854597977825573,NA,NA,NA,FALSE,n.s.
Q9WV38,Slc2a5,0.9238876349350715,NA,NA,-1.5145827596459744,NA,NA,NA,FALSE,n.s.
Q9WV72,Asb3,-1.2927493127140794,NA,NA,0.7799427241777499,NA,NA,NA,FALSE,n.s.
Q9WV74,Asb1,-0.527076135362042,NA,NA,0.5580120051076153,NA,NA,NA,FALSE,n.s.
Q9WV76,Ap4b1,-0.20459302710026608,0.6782561806645424,0.9998429551679517,1.2520158042594411,NA,NA,FALSE,FALSE,n.s.
Q9WV85,Nme3,0.39116414919508524,NA,NA,-0.87989498351825,NA,NA,NA,FALSE,n.s.
Q9WV96,Timm10b,-0.7099926148341662,NA,NA,0.28234854938924053,NA,NA,NA,FALSE,n.s.
Q9WVC3,Cav2,0.3411060622782234,NA,NA,-0.8597005855377559,NA,NA,NA,FALSE,n.s.
Q9WVL6,Extl3,-0.8331752060424943,NA,NA,0.4770493235799531,0.6073478634493079,0.9998479593710528,FALSE,FALSE,n.s.
Q9WVQ1,Magi2,-0.5031220266337817,0.28925084476454044,0.9998429551679517,-0.5138341621947435,NA,NA,FALSE,FALSE,n.s.
Q9WVT6,Ca14,-1.5149039717163677,NA,NA,0.5852112269953663,NA,NA,NA,FALSE,n.s.
Q9Z0J0,Npc2,1.0409782454411256,NA,NA,0.5654979142687279,0.6071119522065924,0.9998479593710528,FALSE,FALSE,n.s.
Q9Z0J1,Reck,0.7027805836203526,NA,NA,-1.2506752673474986,NA,NA,NA,FALSE,n.s.
Q9Z0L0,Tpbg,-0.2259147571136424,NA,NA,1.2262614394444127,NA,NA,NA,FALSE,n.s.
Q9Z0M3,Cdh20,0.7001541174074378,NA,NA,0.27614958757455604,0.6431481773726977,0.9998479593710528,FALSE,FALSE,n.s.
Q9Z0R4,Itsn1,-0.6652271655387734,0.4210551659283186,0.9998429551679517,0.2669885421356102,NA,NA,FALSE,FALSE,n.s.
Q9Z123,Sema4f,-0.3115789460489712,NA,NA,0.5717204643300522,NA,NA,NA,FALSE,n.s.
Q9Z148,Ehmt2,-1.0036133890392909,0.2760719996606385,0.9998429551679517,-0.14376734649116768,NA,NA,FALSE,FALSE,n.s.
Q9Z172,Sumo3,0.8615145402747311,NA,NA,-1.6076026338979317,NA,NA,NA,FALSE,n.s.
Q9Z1J2,Nek4,0.5584141860511177,NA,NA,-0.5092709352513335,NA,NA,NA,FALSE,n.s.
Q9Z1M7,Large1,-0.7516608162858739,0.2353454287805522,0.9998429551679517,-0.8915159769625604,NA,NA,FALSE,FALSE,n.s.
Q9Z1S3,Rasgrp1,-0.9157084346789226,0.07444533280942045,0.9998429551679517,-0.5534731165206642,NA,NA,FALSE,FALSE,n.s.
Q9Z247,Fkbp9,0.8543404115883876,NA,NA,-0.28019967340352114,0.6068358811978343,0.9998479593710528,FALSE,FALSE,n.s.
Q9Z2A9,Ggt5,1.3659596362470474,NA,NA,-2.084766336112999,NA,NA,NA,FALSE,n.s.
Q9Z2B2,Slc25a14,1.5270562520869206,0.08101688046467012,0.9998429551679517,0.7270347126695988,NA,NA,FALSE,FALSE,n.s.
Q9Z2B9,Rps6ka4,-0.4258551690915515,0.3088382301064557,0.9998429551679517,0.4136015305029893,NA,NA,FALSE,FALSE,n.s.
Q9Z2F7,Bnip3l,0.07112038144508609,NA,NA,-1.3749927952061538,NA,NA,NA,FALSE,n.s.
Q9Z2G0,Fem1b,0.1675656866137514,0.828069222298399,0.9998429551679517,-0.1219609408031204,NA,NA,FALSE,FALSE,n.s.
Q9Z2L6,Minpp1,0.532154985399947,0.34032081780749646,0.9998429551679517,-0.0069058322021034865,NA,NA,FALSE,FALSE,n.s.
Q9Z2L7,Crlf3,-1.278410440265369,NA,NA,0.8129734493779321,NA,NA,NA,FALSE,n.s.
Q9Z306,Slc22a4,0.48141886316912125,NA,NA,0.07471164505135823,0.9454624782741821,0.9998479593710528,FALSE,FALSE,n.s.
Q9Z307,Kcnj16,0.027131479419066476,NA,NA,0.06927206247990716,0.9035484495185022,0.9998479593710528,FALSE,FALSE,n.s.
S4R1C4,Atp2b2,-2.4151819487755284,NA,NA,-0.36386824503869575,0.475703105454538,0.9998479593710528,FALSE,FALSE,n.s.
S4R1W1,Gapdhrt,1.046874937964168,0.4173639207450266,0.9998429551679517,0.6965810112049885,NA,NA,FALSE,FALSE,n.s.
S4R2F3,Ank2,-0.27490108463835233,0.3388892297977659,0.9998429551679517,-0.23347722524088146,NA,NA,FALSE,FALSE,n.s.
A0A023ZT56,Dmd,-0.7852575642666058,NA,NA,-0.22988250427976153,NA,NA,NA,NA,n.s.
A0A087WQB0,Morf4l1,-0.0735528746578479,NA,NA,-0.5229501395639674,NA,NA,NA,NA,n.s.
A0A087WSF5,Lrrfip1,-1.7880698604489054,NA,NA,-1.2448993231219845,NA,NA,NA,NA,n.s.
A0A088MLT8,Iqcj-Schip1,-0.32381371754849947,NA,NA,-0.26766187280356313,NA,NA,NA,NA,n.s.
A0A0G2JDL2,Celf3,-0.45560678707127666,NA,NA,-0.46398535325098605,NA,NA,NA,NA,n.s.
A0A0G2JEH3,Tmem243,1.518064718822638,NA,NA,0.5417041967872744,NA,NA,NA,NA,n.s.
A0A0J9YTU1,Khk,-0.286586252018163,NA,NA,-1.881398962777811,NA,NA,NA,NA,n.s.
A0A0J9YUB6,Ociad1,0.34629651601238,NA,NA,1.5186810341609618,NA,NA,NA,NA,n.s.
A0A0J9YUG5,Mettl27,0.5191784913379318,NA,NA,0.7649701366472021,NA,NA,NA,NA,n.s.
A0A0J9YUR2,Specc1,-0.3047848752219442,NA,NA,-0.03396333748642754,NA,NA,NA,NA,n.s.
A0A0N4SUI7,Nbdy,0.10522598096687971,NA,NA,0.21188331895374843,NA,NA,NA,NA,n.s.
A0A0R4IZW7,Trmt1,-0.9631131823914533,NA,NA,-0.9974105844819966,NA,NA,NA,NA,n.s.
A0A0R4J1E3,Dbn1,-0.8313792225493848,NA,NA,-0.6341490556041762,NA,NA,NA,NA,n.s.
A0A0R4J1T1,Sorbs2,0.5888704706609215,NA,NA,0.1722879383907935,NA,NA,NA,NA,n.s.
A0A0R4J2B2,Kctd12,2.043690374276976,NA,NA,2.7131980237856683,NA,NA,NA,NA,n.s.
A0A0U1RP81,Immt,1.7323395554698162,NA,NA,1.5745718901007129,NA,NA,NA,NA,n.s.
A0A0U1RPW2,Tjp1,-0.5878012385106234,NA,NA,-1.0780710617299636,NA,NA,NA,NA,n.s.
A0A140LHT6,Mrpl48,-0.42996024691275997,NA,NA,-1.1401851718878255,NA,NA,NA,NA,n.s.
A0A140LI95,Rap1gap2,-0.8375151739146933,NA,NA,-1.7332398991073577,NA,NA,NA,NA,n.s.
A0A140LJD2,Tanc2,-0.2202941106434359,NA,NA,-0.8095969270387677,NA,NA,NA,NA,n.s.
A0A140T8T5,Map4,-0.7903844905882023,NA,NA,-0.8455395006917747,NA,NA,NA,NA,n.s.
A0A1L1SRI1,Tln2,0.5999096112462019,NA,NA,0.3059133966635784,NA,NA,NA,NA,n.s.
A0A2I3BQK1,Cyrib,0.8695698981444002,NA,NA,1.3972339516162313,NA,NA,NA,NA,n.s.
A0A2R8VHF1,D430041D05Rik,0.31128895004823104,NA,NA,0.7437471183120573,NA,NA,NA,NA,n.s.
A0A338P6P7,Pacsin2,-0.2760135519018581,NA,NA,-3.426150146436761,NA,NA,NA,NA,n.s.
A0A338P776,Atp5po,0.5320821723639838,NA,NA,0.7565832968846209,NA,NA,NA,NA,n.s.
A0A338P7A1,Nit2,1.293928595759022,NA,NA,0.20160064281860132,NA,NA,NA,NA,n.s.
A0A5F8MPK1,Dpp10,-0.6520930880164806,NA,NA,-1.4518796904246796,NA,NA,NA,NA,n.s.
A0AAA9WUU4,Ube2i,0.419816362912852,NA,NA,0.16771892779893235,NA,NA,NA,NA,n.s.
A0AAQ4VMQ4,Phkb,0.5710455114461628,NA,NA,1.1921696811370777,NA,NA,NA,NA,n.s.
A1L3P4,Slc9a6,-1.4731433159866565,NA,NA,-0.2582015545783408,NA,NA,NA,NA,n.s.
A2A9T0,Tbkbp1,0.9781241657846512,NA,NA,0.24371340036129135,NA,NA,NA,NA,n.s.
A2ABV5,Med14,-0.1467618995968195,NA,NA,-0.48567833561557067,NA,NA,NA,NA,n.s.
A2AEG3,Gpm6b,-1.348763395564858,NA,NA,-0.2517159625958403,NA,NA,NA,NA,n.s.
A2AEY2,Fhl1,0.4323661732030752,NA,NA,0.6199056838149178,NA,NA,NA,NA,n.s.
A2AGH6,Med12,1.513724364854058,NA,NA,3.830703909792548,NA,NA,NA,NA,n.s.
A2AJT4,Pnisr,-0.6311021056584354,NA,NA,-0.050791753344623616,NA,NA,NA,NA,n.s.
A2AJW4,Ppp1r3d,1.0706057418514174,NA,NA,0.2415228093936217,NA,NA,NA,NA,n.s.
A2AKB4,Frmpd1,3.0524203314912026,NA,NA,0.06347150972349361,NA,NA,NA,NA,n.s.
A2AMH5,Slc44a1,-0.39097201896943995,NA,NA,-2.803565080134916,NA,NA,NA,NA,n.s.
A2AQ07,Tubb1,-1.0250165191450176,NA,NA,-0.5182530240776627,NA,NA,NA,NA,n.s.
A2AUK5,Epb41l1,0.6364266183635623,NA,NA,0.27779819578517184,NA,NA,NA,NA,n.s.
B0F2B4,Nlgn4l,-0.46865023069976286,NA,NA,-0.40175613742541405,NA,NA,NA,NA,n.s.
B0LAA9,Pgk1,3.3848420941105903,NA,NA,0.9524201782985714,NA,NA,NA,NA,n.s.
B1AUH1,Ptpru,-0.6098634580322456,NA,NA,-2.8515283202733617,NA,NA,NA,NA,n.s.
B1AUH5,Cask,2.4986968385520205,NA,NA,0.4882594053925408,NA,NA,NA,NA,n.s.
B1AWC8,Pde4b,-0.03371655262145564,NA,NA,-0.317904599220395,NA,NA,NA,NA,n.s.
B1AXP6,Tomm5,-0.2718330370639886,NA,NA,-0.22122510310507273,NA,NA,NA,NA,n.s.
B1B0B8,Dnajc6,0.5984458183711994,NA,NA,1.0507004670580422,NA,NA,NA,NA,n.s.
B2RQI4,Slc24a4,2.495735687051802,NA,NA,2.439548953922601,NA,NA,NA,NA,n.s.
B2RWC4,Lrrc73,-0.1282305164035047,NA,NA,-0.13617853861224838,NA,NA,NA,NA,n.s.
B2RWZ2,Myo1d,-0.40739187865520693,NA,NA,-0.006109680421424902,NA,NA,NA,NA,n.s.
B2RXV4,Flvcr1,-0.6222414154538771,NA,NA,-0.3298602277654135,NA,NA,NA,NA,n.s.
B2RY79,Dock9,0.9716008440230843,NA,NA,0.6983289586240967,NA,NA,NA,NA,n.s.
B7ZNL3,Tpm1,-0.33036780655621406,NA,NA,-0.0989677365201674,NA,NA,NA,NA,n.s.
B7ZWK3,Sptan1,0.5466233831508152,NA,NA,0.8595773327752511,NA,NA,NA,NA,n.s.
B8JJG7,Tfg,-0.5457111916106775,NA,NA,-0.05020504771804216,NA,NA,NA,NA,n.s.
B9EJR8,Dnaaf5,-0.04659059635450125,NA,NA,-0.4945975826145816,NA,NA,NA,NA,n.s.
C0HKE1,H2ac4,-1.1011555701981095,NA,NA,-0.13539341583927494,NA,NA,NA,NA,n.s.
D3YVP2,Tenm4,-1.4153985858686051,NA,NA,-0.4205443907160455,NA,NA,NA,NA,n.s.
D3YXJ5,Lratd2,-0.9511055575516163,NA,NA,-0.024858305196561136,NA,NA,NA,NA,n.s.
D3Z0Q9,Slc9a6,-0.5684971792075076,NA,NA,-0.01332869164317926,NA,NA,NA,NA,n.s.
D3Z1M4,Cabp1,0.4418332746084477,NA,NA,0.6174686107801601,NA,NA,NA,NA,n.s.
D3Z2R5,Selenon,-0.5337944472747194,NA,NA,-0.5829513970621288,NA,NA,NA,NA,n.s.
D3Z325,Tnfaip8,-1.3775090390723868,NA,NA,-0.36229709869250804,NA,NA,NA,NA,n.s.
D3Z3I3,Nit1,0.8089229706969775,NA,NA,1.1332979029208328,NA,NA,NA,NA,n.s.
D3Z7Q2,Smim20,0.3168392363258434,NA,NA,1.0209830364943326,NA,NA,NA,NA,n.s.
D3Z7U4,Mecp2,1.6269050322220602,NA,NA,2.282364267216634,NA,NA,NA,NA,n.s.
E0CX23,Umad1,0.4577777944692025,NA,NA,0.6110568365280953,NA,NA,NA,NA,n.s.
E0CXZ8,Dnm3,1.5902354024692964,NA,NA,0.7091061942561964,NA,NA,NA,NA,n.s.
E0CZ50,Ndrg4,-0.09682161318453426,NA,NA,-0.827932148542557,NA,NA,NA,NA,n.s.
E9PVS5,Immt,-0.31316418879766755,NA,NA,-0.040540948811559244,NA,NA,NA,NA,n.s.
E9PYD1,Fam98c,0.3954621196985949,NA,NA,0.10940711778939319,NA,NA,NA,NA,n.s.
E9Q1K3,Add1,1.393563416533546,NA,NA,1.0605792203652802,NA,NA,NA,NA,n.s.
E9Q4P0,Kxd1,3.028341439632436,NA,NA,0.1316861483128697,NA,NA,NA,NA,n.s.
E9Q784,Zc3h13,0.7152884610260215,NA,NA,0.49795680409060966,NA,NA,NA,NA,n.s.
E9Q7M2,Tsc22d2,1.0236515663247747,NA,NA,0.5261283740889442,NA,NA,NA,NA,n.s.
E9Q7T7,Chadl,0.2807634449599707,NA,NA,2.071038561072933,NA,NA,NA,NA,n.s.
E9Q9B3,Spryd3,0.8259189292403081,NA,NA,0.41882673778872487,NA,NA,NA,NA,n.s.
E9Q9H0,Dlg1,-0.7687372354444169,NA,NA,-0.42547585332422344,NA,NA,NA,NA,n.s.
E9QMU3,Map7,0.8708537774147623,NA,NA,2.4046265449799185,NA,NA,NA,NA,n.s.
F2Z4B7,Raph1,-0.7277277472956024,NA,NA,-1.4988493862158345,NA,NA,NA,NA,n.s.
F6RBX1,Tom1l2,0.11216698039341862,NA,NA,0.07922220793682866,NA,NA,NA,NA,n.s.
F6RCJ3,Macf1,1.02025407695875,NA,NA,0.3579424807956746,NA,NA,NA,NA,n.s.
F6U3S2,Mfsd6,-1.2760906082619896,NA,NA,-1.1204534461338078,NA,NA,NA,NA,n.s.
F6XD63,Elmo2,-0.06633277013116293,NA,NA,-2.3149969033249924,NA,NA,NA,NA,n.s.
F6Y3V0,Ptprf,0.8309302806084392,NA,NA,0.8416451172857832,NA,NA,NA,NA,n.s.
F6ZGI7,Mocs2,-0.9327828563967318,NA,NA,-0.7519764616889426,NA,NA,NA,NA,n.s.
F7CPX0,Sgip1,-0.8063698163509718,NA,NA,-0.6260268945827268,NA,NA,NA,NA,n.s.
F8VPX2,Fbxw9,-0.41751050572915205,NA,NA,-0.13654874567166178,NA,NA,NA,NA,n.s.
G3UW46,Atp23,-0.47741517172508197,NA,NA,-0.4580111775357705,NA,NA,NA,NA,n.s.
G3X8S8,Tsen15,-0.5709355710821982,NA,NA,-0.7560023851806229,NA,NA,NA,NA,n.s.
G3X915,Lysmd2,0.1828164826190354,NA,NA,0.8296721740007305,NA,NA,NA,NA,n.s.
H3BK17,Dbndd1,-0.3248969319725404,NA,NA,-0.066347811108847,NA,NA,NA,NA,n.s.
J3QK52,Noc2l,-0.5541005506742345,NA,NA,-1.348264008536556,NA,NA,NA,NA,n.s.
L7N466,Mthfsl,-0.6083850367941014,NA,NA,-0.08911301026476566,NA,NA,NA,NA,n.s.
O08573,Lgals9,-0.6067179209544639,NA,NA,-0.6875186399650856,NA,NA,NA,NA,n.s.
O08600,Endog,-0.28042634180273623,NA,NA,-0.45788323739789216,NA,NA,NA,NA,n.s.
O08740,Polr2j,0.3111032206213442,NA,NA,1.5331974484211484,NA,NA,NA,NA,n.s.
O09061,Psmb1,0.6237454272812797,NA,NA,3.0862640916947646,NA,NA,NA,NA,n.s.
O09118,Ntn1,0.6155109342770262,NA,NA,0.1549992405155853,NA,NA,NA,NA,n.s.
O35126,Atn1,1.2285012735266838,NA,NA,0.027634720292338398,NA,NA,NA,NA,n.s.
O35144,Terf2,0.5855594814673147,NA,NA,1.1045677271578571,NA,NA,NA,NA,n.s.
O35153,Bet1l,1.4055411356307392,NA,NA,1.0432669494518185,NA,NA,NA,NA,n.s.
O35522,Psmb9,-0.5559597652891554,NA,NA,-0.5943812679662619,NA,NA,NA,NA,n.s.
O35544,Slc1a6,0.7888764752481483,NA,NA,1.6403053838600719,NA,NA,NA,NA,n.s.
O35566,Cd151,0.4048998838696746,NA,NA,0.16935112883521505,NA,NA,NA,NA,n.s.
O35623,Bet1,0.9144537903870352,NA,NA,0.0578466214590176,NA,NA,NA,NA,n.s.
O35648,Cetn3,-0.05809074391555526,NA,NA,-0.7411991490475803,NA,NA,NA,NA,n.s.
O35680,Mrps12,-0.8458994459244115,NA,NA,-0.5554544522938389,NA,NA,NA,NA,n.s.
O35681,Syt3,-1.7872866383662103,NA,NA,-0.07781427346463617,NA,NA,NA,NA,n.s.
O35943,Fxn,1.1586723139890844,NA,NA,2.4025380058214063,NA,NA,NA,NA,n.s.
O35945,Aldh1a7,1.951558579488724,NA,NA,0.7790988070810271,NA,NA,NA,NA,n.s.
O54804,Chka,0.2825337728052488,NA,NA,0.15668433234963203,NA,NA,NA,NA,n.s.
O54829,Rgs7,1.9826624156374881,NA,NA,0.033293836232772524,NA,NA,NA,NA,n.s.
O54836,Zmat3,-0.2166835070006913,NA,NA,-1.0287848254606513,NA,NA,NA,NA,n.s.
O55022,Pgrmc1,-2.9972609850164753,NA,NA,-1.705191539355052,NA,NA,NA,NA,n.s.
O55026,Entpd2,-2.461046039402267,NA,NA,-0.7839530148403825,NA,NA,NA,NA,n.s.
O70145,Ncf2,0.4527656726058652,NA,NA,0.4200935411311233,NA,NA,NA,NA,n.s.
O70174,Chrna4,-1.3975582305848473,NA,NA,-0.8530385214453482,NA,NA,NA,NA,n.s.
O70274,Ptp4a2,-0.23601098635787066,NA,NA,-0.21244162028385627,NA,NA,NA,NA,n.s.
O70281,Tpst1,0.3623795030791861,NA,NA,0.284363549341157,NA,NA,NA,NA,n.s.
O70404,Vamp8,-1.5675000818077203,NA,NA,-1.1394426163928646,NA,NA,NA,NA,n.s.
O70472,Tmem131,-2.629193067971405,NA,NA,-0.8887852129521087,NA,NA,NA,NA,n.s.
O70496,Clcn7,0.6567407155039536,NA,NA,0.651896891183927,NA,NA,NA,NA,n.s.
O70579,Slc25a17,-1.2237789049626369,NA,NA,-0.32567809681765936,NA,NA,NA,NA,n.s.
O70589,Cask,0.09171177307671173,NA,NA,0.4410547800261718,NA,NA,NA,NA,n.s.
O88327,Ctnnal1,0.31651450536595815,NA,NA,0.3774507219084514,NA,NA,NA,NA,n.s.
O88487,Dync1i2,0.37449429964211955,NA,NA,0.34908192987556025,NA,NA,NA,NA,n.s.
O88668,Creg1,0.686349732603272,NA,NA,1.0787683817049132,NA,NA,NA,NA,n.s.
O88708,Orc4,-0.501784217455353,NA,NA,-0.380556165547242,NA,NA,NA,NA,n.s.
O88819,Fut9,0.6007711169399336,NA,NA,0.8823463996038267,NA,NA,NA,NA,n.s.
O88829,St3gal5,-1.3172788411434382,NA,NA,-0.39003804673642384,NA,NA,NA,NA,n.s.
O88878,Zfand5,-1.2268072603569797,NA,NA,-0.2259821097793595,NA,NA,NA,NA,n.s.
O88895,Hdac3,0.3520426774778036,NA,NA,0.1364724091696759,NA,NA,NA,NA,n.s.
O88907,Pias1,-0.6396784253527686,NA,NA,-0.518162861272667,NA,NA,NA,NA,n.s.
O88910,Mpp3,-0.13537084312586747,NA,NA,-0.6898811445380317,NA,NA,NA,NA,n.s.
O88939,Zbtb7a,0.1412342669279435,NA,NA,0.43095875401079414,NA,NA,NA,NA,n.s.
O89017,Lgmn,1.599904850436284,NA,NA,0.3101548527573194,NA,NA,NA,NA,n.s.
O89054,Actb,0.2081907100766259,NA,NA,0.9810972560625859,NA,NA,NA,NA,n.s.
O89090,Sp1,-1.4342790749296228,NA,NA,-0.8605919919371566,NA,NA,NA,NA,n.s.
O89103,Cd93,0.38981764430448285,NA,NA,0.7374043866768248,NA,NA,NA,NA,n.s.
P00397,Mtco1,-0.2417564707732427,NA,NA,-0.3870457343915177,NA,NA,NA,NA,n.s.
P00416,mt-Co3,0.037812211693508326,NA,NA,0.5329113233216023,NA,NA,NA,NA,n.s.
P01887,B2m,-1.096510677220073,NA,NA,-1.867087688538049,NA,NA,NA,NA,n.s.
P03930,Mtatp8,-1.4765031562736728,NA,NA,-0.7013606069729083,NA,NA,NA,NA,n.s.
P06800,Ptprc,-0.24296755064631886,NA,NA,-1.0622391988443376,NA,NA,NA,NA,n.s.
P08074,Cbr2,1.5868591064098698,NA,NA,0.8847944212597773,NA,NA,NA,NA,n.s.
P09041,Pgk2,2.9921732660009948,NA,NA,2.1772711539302843,NA,NA,NA,NA,n.s.
P0C0A3,Chmp6,-2.0272907685775183,NA,NA,-2.271339194285064,NA,NA,NA,NA,n.s.
P0DN34,Ndufb1,3.067446553023667,NA,NA,3.008461134666433,NA,NA,NA,NA,n.s.
P13412,Tnni2,2.108116549750856,NA,NA,1.636706912480965,NA,NA,NA,NA,n.s.
P14106,C1qb,3.0014057374870546,NA,NA,1.9476831850423395,NA,NA,NA,NA,n.s.
P15532,Nme1,0.7320678059793211,NA,NA,1.542489029134159,NA,NA,NA,NA,n.s.
P16381,D1Pas1,-1.429229928429381,NA,NA,-0.1436554011921114,NA,NA,NA,NA,n.s.
P16546,Sptan1,-0.3065910599482961,NA,NA,-0.8319992535254878,NA,NA,NA,NA,n.s.
P20918,Plg,-0.8298682388719558,NA,NA,-1.6565576003955944,NA,NA,NA,NA,n.s.
P22366,Myd88,-0.8871500368550379,NA,NA,-0.013261311444503123,NA,NA,NA,NA,n.s.
P23708,Nfya,-0.13488440892462197,NA,NA,-0.0416266433824321,NA,NA,NA,NA,n.s.
P25916,Bmi1,-0.2743622772812519,NA,NA,-0.7786048675889093,NA,NA,NA,NA,n.s.
P27046,Man2a1,-0.2415402867272942,NA,NA,-1.0105761187590183,NA,NA,NA,NA,n.s.
P27545,Cers1,0.686977261347925,NA,NA,0.39922483525295677,NA,NA,NA,NA,n.s.
P28063,Psmb8,0.6214381823117657,NA,NA,0.7706874716800113,NA,NA,NA,NA,n.s.
P28334,Htr1b,-0.41302361349388367,NA,NA,-0.8556315342822476,NA,NA,NA,NA,n.s.
P28571,Slc6a9,1.0892828811273874,NA,NA,0.22358779545891713,NA,NA,NA,NA,n.s.
P28651,Ca8,0.8420730510555007,NA,NA,1.1721508193761208,NA,NA,NA,NA,n.s.
P28798,Grn,-1.5758155367678213,NA,NA,-1.1174340968653802,NA,NA,NA,NA,n.s.
P29595,Nedd8,1.5450948897838748,NA,NA,1.7411377714862113,NA,NA,NA,NA,n.s.
P29788,Vtn,1.004558341159809,NA,NA,0.8471444743956618,NA,NA,NA,NA,n.s.
P30412,Ppic,-0.7693911588075855,NA,NA,-0.821946884066542,NA,NA,NA,NA,n.s.
P31266,Rbpj,0.04793259796768994,NA,NA,0.6822990540741537,NA,NA,NA,NA,n.s.
P31649,Slc6a13,-1.0909523890926154,NA,NA,-0.6539752641621145,NA,NA,NA,NA,n.s.
P31748,V-AKT,-0.8558077164864746,NA,NA,-2.285161031225115,NA,NA,NA,NA,n.s.
P32883,Kras,1.6554276682201445,NA,NA,3.2378152245638803,NA,NA,NA,NA,n.s.
P34884,Mif,4.101679602338219,NA,NA,5.197380254150416,NA,NA,NA,NA,n.s.
P35969,Flt1,0.3094225749799494,NA,NA,0.22400258883872232,NA,NA,NA,NA,n.s.
P37172,Acvr1,-1.187186728890479,NA,NA,-0.7394393046194689,NA,NA,NA,NA,n.s.
P41139,Id4,-0.02745604292871241,NA,NA,-0.30548003009372615,NA,NA,NA,NA,n.s.
P42128,Foxk1,1.3621260860171631,NA,NA,3.4880334046912362,NA,NA,NA,NA,n.s.
P43024,Cox6a1,-0.7311366918908726,NA,NA,-0.5233492583871917,NA,NA,NA,NA,n.s.
P43346,Dck,0.014796070526674254,NA,NA,0.42350268379517014,NA,NA,NA,NA,n.s.
P46718,Pdcd2,-0.2874669160042292,NA,NA,-2.091981408717358,NA,NA,NA,NA,n.s.
P47759,Nsg2,2.440931483651138,NA,NA,0.7627682494620286,NA,NA,NA,NA,n.s.
P48381,Rfx3,0.7520149484276392,NA,NA,0.16608205309514462,NA,NA,NA,NA,n.s.
P48410,Abcd1,-1.0030940963777581,NA,NA,-0.09230600565156578,NA,NA,NA,NA,n.s.
P49962,Srp9,0.33717366056509845,NA,NA,0.14925046330801728,NA,NA,NA,NA,n.s.
P50114,S100b,3.3901070175434387,NA,NA,3.2975437113521044,NA,NA,NA,NA,n.s.
P50586,Tub,1.0510750174187948,NA,NA,0.1609321784139609,NA,NA,NA,NA,n.s.
P50637,Tspo,-0.2172905447367193,NA,NA,-0.1433000768382128,NA,NA,NA,NA,n.s.
P51569,Gla,0.33773863552819927,NA,NA,0.569683410190399,NA,NA,NA,NA,n.s.
P51906,Slc1a1,-0.4463973726957371,NA,NA,-0.9168965364430279,NA,NA,NA,NA,n.s.
P52431,Pold1,-0.9167962893017555,NA,NA,-0.7003801976766427,NA,NA,NA,NA,n.s.
P52432,Polr1c,-0.5893207326091335,NA,NA,-1.8209905667638622,NA,NA,NA,NA,n.s.
P55821,Stmn2,0.7598464696688627,NA,NA,0.6139116910247682,NA,NA,NA,NA,n.s.
P56183,Rrp1,-0.9791785608496901,NA,NA,-0.38886907196650244,NA,NA,NA,NA,n.s.
P56387,Dynlt3,0.7444852998708905,NA,NA,0.6378989410004743,NA,NA,NA,NA,n.s.
P56389,Cda,-1.2491514259421954,NA,NA,-1.3243943157685258,NA,NA,NA,NA,n.s.
P56395,Cyb5a,0.7501459808076189,NA,NA,0.9779077629237648,NA,NA,NA,NA,n.s.
P56818,Bace1,-1.0732997329347886,NA,NA,-1.2486880361862072,NA,NA,NA,NA,n.s.
P56974,Nrg2,-0.9140947315945648,NA,NA,-0.05117914696117012,NA,NA,NA,NA,n.s.
P57724,Pcbp4,0.11263563401995974,NA,NA,3.0698950913096117,NA,NA,NA,NA,n.s.
P57776,Eef1d,0.8685601665478557,NA,NA,1.4506508118947037,NA,NA,NA,NA,n.s.
P58044,Idi1,1.0725877174696155,NA,NA,1.2145142559184476,NA,NA,NA,NA,n.s.
P58158,B3gat3,-0.5823599035642757,NA,NA,-1.3396316903920968,NA,NA,NA,NA,n.s.
P58196,Plscr4,-2.48393466909804,NA,NA,-0.7880041833536581,NA,NA,NA,NA,n.s.
P58242,Smpdl3b,-0.9673865579912455,NA,NA,-0.7463271044838945,NA,NA,NA,NA,n.s.
P58283,Rnf216,-0.1419224099128913,NA,NA,-0.6544918504640442,NA,NA,NA,NA,n.s.
P58468,Slx9,0.4281735230667893,NA,NA,0.26864721043691037,NA,NA,NA,NA,n.s.
P59041,Dnajc30,0.16344568980219082,NA,NA,1.4288648639133434,NA,NA,NA,NA,n.s.
P59048,Pdrg1,-0.14956062643244958,NA,NA,-0.9165711598354491,NA,NA,NA,NA,n.s.
P59235,Nup43,-0.4135330025594145,NA,NA,-1.4764168456039146,NA,NA,NA,NA,n.s.
P60191,Rims4,-1.4290864121016524,NA,NA,-1.705127766013446,NA,NA,NA,NA,n.s.
P60764,Rac3,-1.8015044552839226,NA,NA,-1.6290183789840142,NA,NA,NA,NA,n.s.
P60898,Polr2i,-1.732717413735816,NA,NA,-0.654172399214315,NA,NA,NA,NA,n.s.
P61092,Siah1a,1.2954565354170342,NA,NA,1.0370744859145598,NA,NA,NA,NA,n.s.
P61458,Pcbd1,0.45081843622906087,NA,NA,1.0887071588778727,NA,NA,NA,NA,n.s.
P61588,Rnd3,-0.30360981207251375,NA,NA,-0.36663129607901435,NA,NA,NA,NA,n.s.
P61600,Naa20,-1.3569930740137945,NA,NA,-2.5999733682438895,NA,NA,NA,NA,n.s.
P61793,Lpar1,-0.2510464024987694,NA,NA,-0.7327911623596141,NA,NA,NA,NA,n.s.
P61804,Dad1,1.6789957242264242,NA,NA,0.9180224128723752,NA,NA,NA,NA,n.s.
P61807,Snn,-0.33580408345941337,NA,NA,-0.04933527866448943,NA,NA,NA,NA,n.s.
P62077,Timm8b,-2.3451028534447693,NA,NA,-1.8306343387706465,NA,NA,NA,NA,n.s.
P62245,Rps15a,0.11612486851758196,NA,NA,1.8409794256101883,NA,NA,NA,NA,n.s.
P62274,Rps29,-1.5805984215048279,NA,NA,-2.051037957519351,NA,NA,NA,NA,n.s.
P62305,Snrpe,0.5632335192112823,NA,NA,0.9729742521069228,NA,NA,NA,NA,n.s.
P62309,Snrpg,-1.1935463879453523,NA,NA,-0.7018936622400128,NA,NA,NA,NA,n.s.
P62320,Snrpd3,2.2059431203773623,NA,NA,0.9056691487252634,NA,NA,NA,NA,n.s.
P62322,Lsm5,0.2188925380029825,NA,NA,0.4865492660766511,NA,NA,NA,NA,n.s.
P62340,Tbpl1,1.2678056836277332,NA,NA,0.17113316928456715,NA,NA,NA,NA,n.s.
P62715,Ppp2cb,-2.84664335120191,NA,NA,-0.3485487519856113,NA,NA,NA,NA,n.s.
P62996,Tra2b,1.9444063387187216,NA,NA,1.0480326590998863,NA,NA,NA,NA,n.s.
P63087,Ppp1cc,-0.6400966804276528,NA,NA,-0.8346744448420006,NA,NA,NA,NA,n.s.
P63137,Gabrb2,0.20107744979363001,NA,NA,0.876844612651276,NA,NA,NA,NA,n.s.
P63147,Ube2b,0.41879176904293886,NA,NA,1.6938475415366576,NA,NA,NA,NA,n.s.
P63216,Gng3,-3.266956319284872,NA,NA,-1.1082661223966193,NA,NA,NA,NA,n.s.
P67984,Rpl22,3.1234628992606717,NA,NA,2.685325642407741,NA,NA,NA,NA,n.s.
P68033,Actc1,-2.8381606633761516,NA,NA,-1.2751427287599475,NA,NA,NA,NA,n.s.
P70158,Smpdl3a,0.4901140435576199,NA,NA,0.27102657170177735,NA,NA,NA,NA,n.s.
P70205,Adcyap1r1,2.987374863020205,NA,NA,0.10128487832392599,NA,NA,NA,NA,n.s.
P70245,Ebp,0.30838591448068853,NA,NA,0.36414209605758,NA,NA,NA,NA,n.s.
P70345,Bcl2l2,-2.3446302745795116,NA,NA,-0.3920616312703733,NA,NA,NA,NA,n.s.
P70353,Nfyc,-0.6078783971814742,NA,NA,-0.2945300908465864,NA,NA,NA,NA,n.s.
P70414,Slc8a1,-0.17899477203579794,NA,NA,-0.4500822513727081,NA,NA,NA,NA,n.s.
P70423,Slc7a3,-1.4402220394249379,NA,NA,-0.11250369430968431,NA,NA,NA,NA,n.s.
P70426,Rit1,-1.3831165454437089,NA,NA,-1.4762754463559502,NA,NA,NA,NA,n.s.
P83870,Phf5a,-0.05511660979888235,NA,NA,-0.40705432154179694,NA,NA,NA,NA,n.s.
P86046,Kcnj13,-2.2678752600301526,NA,NA,-0.9411697337614001,NA,NA,NA,NA,n.s.
P97343,Uhmk1,-0.7775839179789469,NA,NA,-0.7529239664870536,NA,NA,NA,NA,n.s.
P97432,Nbr1,-0.9268860557661199,NA,NA,-0.3565230961145115,NA,NA,NA,NA,n.s.
P97441,Slc30a3,-0.4951127684264883,NA,NA,-0.7099644512115062,NA,NA,NA,NA,n.s.
P97454,Smad5,-0.5470105670560035,NA,NA,-0.00838184048008235,NA,NA,NA,NA,n.s.
P97717,Adra1b,0.7852849129707397,NA,NA,0.14177595307999463,NA,NA,NA,NA,n.s.
P97821,Ctsc,-1.4000903887537983,NA,NA,-0.73687978136228,NA,NA,NA,NA,n.s.
P97858,Slc35b1,1.142316469406361,NA,NA,0.18467694898891018,NA,NA,NA,NA,n.s.
P98191,Cds1,0.8843912969201405,NA,NA,1.6792191089371675,NA,NA,NA,NA,n.s.
Q01237,Hmgcr,-0.18752511890080978,NA,NA,-0.8483913309655952,NA,NA,NA,NA,n.s.
Q01339,Apoh,-0.06785250978882813,NA,NA,-1.1844665305515452,NA,NA,NA,NA,n.s.
Q02105,C1qc,-1.871117032152006,NA,NA,-0.6651400917168433,NA,NA,NA,NA,n.s.
Q04207,Rela,0.6073411190820945,NA,NA,0.8607134892157213,NA,NA,NA,NA,n.s.
Q05BC3,Eml1,-0.9577490015407008,NA,NA,-0.33290316876561726,NA,NA,NA,NA,n.s.
Q07243,Mtf1,-1.786521276892157,NA,NA,-1.3773003254328198,NA,NA,NA,NA,n.s.
Q07797,Lgals3bp,0.04642551247922762,NA,NA,1.3858733826768588,NA,NA,NA,NA,n.s.
Q08857,Cd36,0.1479742381346937,NA,NA,0.0951898246938121,NA,NA,NA,NA,n.s.
Q09200,B4galnt1,-0.4974774047505505,NA,NA,-0.07486710195231126,NA,NA,NA,NA,n.s.
Q0P5V9,Slc45a4,-1.6136466526278388,NA,NA,-0.339796052592662,NA,NA,NA,NA,n.s.
Q0VBU9,Plpp4,3.169581625439722,NA,NA,0.37465101102349185,NA,NA,NA,NA,n.s.
Q0VE29,Samd12,-1.3251202956171537,NA,NA,-0.28189085093001487,NA,NA,NA,NA,n.s.
Q0VEJ0,Cep76,0.11375757171633591,NA,NA,1.4427883420523786,NA,NA,NA,NA,n.s.
Q0VG47,Hnrnpa3,-1.13259785857908,NA,NA,-1.1764840948987227,NA,NA,NA,NA,n.s.
Q14BB9,Map6d1,-0.7060643465120252,NA,NA,-1.2276704599321262,NA,NA,NA,NA,n.s.
Q14BV6,Ydjc,0.32653326119095016,NA,NA,0.11273442952432289,NA,NA,NA,NA,n.s.
Q2HXL6,Edem3,0.06887801770425314,NA,NA,0.3545450092598107,NA,NA,NA,NA,n.s.
Q2V056,Chchd10,0.6362682580915315,NA,NA,1.596778865143995,NA,NA,NA,NA,n.s.
Q3KQQ4,Serpina1b,1.2571137234278897,NA,NA,2.180815302437546,NA,NA,NA,NA,n.s.
Q3T1F6,Mag,-0.35322699407445773,NA,NA,-3.173098470288946,NA,NA,NA,NA,n.s.
Q3TAA7,Stk11ip,-0.8668106276350012,NA,NA,-0.12572679093095662,NA,NA,NA,NA,n.s.
Q3TAS6,Emc10,0.6601842253633097,NA,NA,1.1860592500316496,NA,NA,NA,NA,n.s.
Q3TE80,2410002F23Rik,0.5034849072297168,NA,NA,0.0835387388978432,NA,NA,NA,NA,n.s.
Q3TG71,Cndp2,-2.0179374023474983,NA,NA,-0.9255871764416377,NA,NA,NA,NA,n.s.
Q3TJ95,Cltb,-1.4955000474981532,NA,NA,-0.7286419610656157,NA,NA,NA,NA,n.s.
Q3TKY6,Cwc27,0.7422835888491244,NA,NA,0.3383030897106039,NA,NA,NA,NA,n.s.
Q3TL26,Tfb2m,-0.37693542098716815,NA,NA,-0.5123206820165193,NA,NA,NA,NA,n.s.
Q3TP92,Ctdnep1,-0.47911735465440547,NA,NA,-0.6914984908776304,NA,NA,NA,NA,n.s.
Q3TSA8,Scamp1,-1.9802601321645263,NA,NA,-0.4333737730909372,NA,NA,NA,NA,n.s.
Q3TVP5,Otulinl,-0.092810606671653,NA,NA,-0.5470329197257991,NA,NA,NA,NA,n.s.
Q3TZX3,Slc25a33,0.0780887075468448,NA,NA,0.8514333206381955,NA,NA,NA,NA,n.s.
Q3TZX8,Nol9,0.4257372376289965,NA,NA,0.9492361610446706,NA,NA,NA,NA,n.s.
Q3U0B3,Dhrs11,-0.8269201800343519,NA,NA,-0.6590404164692422,NA,NA,NA,NA,n.s.
Q3U0J8,Tbc1d2b,-1.0858101289186315,NA,NA,-0.3353944414121562,NA,NA,NA,NA,n.s.
Q3U0S6,Rasip1,-0.6089363302501312,NA,NA,-0.2688393434129466,NA,NA,NA,NA,n.s.
Q3U182,Crtc2,0.492866431735102,NA,NA,0.6632220872888438,NA,NA,NA,NA,n.s.
Q3U1C4,Secisbp2,-0.7781410270929885,NA,NA,-0.3875258779748303,NA,NA,NA,NA,n.s.
Q3U308,Ctu2,-0.5968357782312629,NA,NA,-0.36590303110687034,NA,NA,NA,NA,n.s.
Q3U4G3,Xxylt1,0.23998936794492054,NA,NA,0.02107233679051228,NA,NA,NA,NA,n.s.
Q3U4W5,Rab6a,-1.1757876508147882,NA,NA,-2.1140136781365606,NA,NA,NA,NA,n.s.
Q3UGS4,Mcrip1,0.19347226441607926,NA,NA,1.6764130199292,NA,NA,NA,NA,n.s.
Q3UHI4,Tmed8,1.9726246424282288,NA,NA,1.8426973328732879,NA,NA,NA,NA,n.s.
Q3UHN9,Ndst1,0.08837300626895535,NA,NA,0.31120179104697393,NA,NA,NA,NA,n.s.
Q3UII8,Mta3,-1.3328637794795535,NA,NA,-2.1795646383715406,NA,NA,NA,NA,n.s.
Q3UIK4,Mettl14,0.6261751229061716,NA,NA,0.42675770970186,NA,NA,NA,NA,n.s.
Q3UL36,Arglu1,-0.5837517635405566,NA,NA,-2.0340349100350323,NA,NA,NA,NA,n.s.
Q3UM18,Lsg1,2.0215619830216323,NA,NA,1.9627807937491926,NA,NA,NA,NA,n.s.
Q3UMW8,Cln5,-0.2723493030880054,NA,NA,-0.2006291955173224,NA,NA,NA,NA,n.s.
Q3UN90,Lyrm9,0.8625861614311582,NA,NA,0.4446146747711364,NA,NA,NA,NA,n.s.
Q3UX43,Ankrd13c,0.8999723983513679,NA,NA,0.21565854760850484,NA,NA,NA,NA,n.s.
Q3UXY8,Penk,0.8698599541138045,NA,NA,0.2064774838477167,NA,NA,NA,NA,n.s.
Q3UY51,Lrrc55,1.1518547297780017,NA,NA,0.8514316672450096,NA,NA,NA,NA,n.s.
Q3V1Z5,Rps4l,-0.13598692142635938,NA,NA,-1.2238863787765295,NA,NA,NA,NA,n.s.
Q4JIM5,Abl2,0.2974633824214191,NA,NA,0.46500952198253637,NA,NA,NA,NA,n.s.
Q4KWH5,Plch1,1.5188684486712192,NA,NA,2.204083156868503,NA,NA,NA,NA,n.s.
Q4V9Z5,Sez6l2,-0.13520048264245327,NA,NA,-0.7902976325402898,NA,NA,NA,NA,n.s.
Q501J2,Antkmt,0.3575601568115726,NA,NA,0.8864926194790537,NA,NA,NA,NA,n.s.
Q505D7,Opa3,-0.04799651398251989,NA,NA,-0.18005160655555694,NA,NA,NA,NA,n.s.
Q50HX0,Rab14,0.33311340961466274,NA,NA,0.39938759397212564,NA,NA,NA,NA,n.s.
Q52KE7,Ccnl1,0.15644121820696416,NA,NA,0.15191676999557943,NA,NA,NA,NA,n.s.
Q52KG3,Magee2,0.6693339484714559,NA,NA,0.8267766746102845,NA,NA,NA,NA,n.s.
Q543M9,Trp53rkb,0.4490546992109827,NA,NA,0.3860624924160228,NA,NA,NA,NA,n.s.
Q5DU02,Usp22,-0.7047191988409698,NA,NA,-1.5916055131416205,NA,NA,NA,NA,n.s.
Q5DU47,Git2,1.9430156989740353,NA,NA,0.419411189146353,NA,NA,NA,NA,n.s.
Q5NBU8,Xaf1,-0.10422103286886467,NA,NA,-0.8752840827871957,NA,NA,NA,NA,n.s.
Q5RKZ7,Mocs1,0.584380197565389,NA,NA,0.7838305614974054,NA,NA,NA,NA,n.s.
Q5SQY2,Bod1,0.7857929576769735,NA,NA,0.1803949343681229,NA,NA,NA,NA,n.s.
Q5SS00,Zdbf2,4.128314830310077,NA,NA,0.38491101756277646,NA,NA,NA,NA,n.s.
Q5SS80,Dhrs13,0.7560279931311805,NA,NA,0.08403079106640814,NA,NA,NA,NA,n.s.
Q5SSH8,Cyb5d2,0.6474040492952682,NA,NA,0.36759269175887405,NA,NA,NA,NA,n.s.
Q5SV77,Ggnbp2,0.8589174647019805,NA,NA,1.6319988853482135,NA,NA,NA,NA,n.s.
Q5SVI1,Camk2b,-1.147695505249322,NA,NA,-0.4774781687426379,NA,NA,NA,NA,n.s.
Q5SX79,Shroom1,0.4404894504880372,NA,NA,0.22953121254945574,NA,NA,NA,NA,n.s.
Q5U4C3,Scaf1,-0.9778226073120485,NA,NA,-0.6623890626921679,NA,NA,NA,NA,n.s.
Q5U4F6,Dync2i2,-0.523979185651302,NA,NA,-0.3085080951116423,NA,NA,NA,NA,n.s.
Q5XKN4,Jagn1,-0.6216793291368777,NA,NA,-0.4571537574101418,NA,NA,NA,NA,n.s.
Q60855,Ripk1,0.9726959183488431,NA,NA,0.4902249242200493,NA,NA,NA,NA,n.s.
Q60857,Slc6a4,-0.5443996831257846,NA,NA,-0.9188438232198822,NA,NA,NA,NA,n.s.
Q60931,Vdac3,0.989720929217608,NA,NA,0.9575910626665604,NA,NA,NA,NA,n.s.
Q60932,Vdac1,-3.1810083334164583,NA,NA,-3.741929198820366,NA,NA,NA,NA,n.s.
Q60989,Xiap,-0.4370830788662831,NA,NA,-0.10707507850911913,NA,NA,NA,NA,n.s.
Q61025,Ift20,0.578213132474585,NA,NA,0.23995549504692032,NA,NA,NA,NA,n.s.
Q61037,Tsc2,0.4105975259794252,NA,NA,0.7730662443808016,NA,NA,NA,NA,n.s.
Q61133,Gstt2,0.7887640810328239,NA,NA,0.30031956699411183,NA,NA,NA,NA,n.s.
Q61216,Mre11,-0.19879847987619406,NA,NA,-0.36737485791339114,NA,NA,NA,NA,n.s.
Q61247,Serpinf2,-0.46423800052844605,NA,NA,-0.6595229605886166,NA,NA,NA,NA,n.s.
Q61263,Soat1,-1.8456116481366192,NA,NA,-1.4447448232409095,NA,NA,NA,NA,n.s.
Q61315,Apc,-0.7706292557546682,NA,NA,-0.41838259157113195,NA,NA,NA,NA,n.s.
Q61410,Prkg2,-0.011376723718211404,NA,NA,-0.15240213353462898,NA,NA,NA,NA,n.s.
Q61469,Plpp1,-0.5294679847393831,NA,NA,-0.33447777101857346,NA,NA,NA,NA,n.s.
Q61475,Cd55,0.8353400550700488,NA,NA,1.5381768344527225,NA,NA,NA,NA,n.s.
Q61542,Stard3,-0.01080747631444534,NA,NA,-0.06594722910698471,NA,NA,NA,NA,n.s.
Q61586,Gpam,0.34531046822157613,NA,NA,0.15071087376909692,NA,NA,NA,NA,n.s.
Q61672,Slc29a2,-0.9368797470445622,NA,NA,-0.36301752901125595,NA,NA,NA,NA,n.s.
Q61701,Elavl4,-2.4945212452072902,NA,NA,-0.8530670415524884,NA,NA,NA,NA,n.s.
Q61712,Dnajc1,-1.3693090873252427,NA,NA,-0.31437722572507226,NA,NA,NA,NA,n.s.
Q61908,Cmc4,-0.2125171027435326,NA,NA,-0.24041560101856124,NA,NA,NA,NA,n.s.
Q61923,Kcna6,0.8654093067460499,NA,NA,1.8207675498248177,NA,NA,NA,NA,n.s.
Q62084,Ppp1r14b,2.034835097105013,NA,NA,4.344543476791848,NA,NA,NA,NA,n.s.
Q62219,Tgfb1i1,1.337184773276146,NA,NA,0.07052693553724586,NA,NA,NA,NA,n.s.
Q62241,Snrpc,1.0466128536633468,NA,NA,0.42423442297566266,NA,NA,NA,NA,n.s.
Q63932,Map2k2,-0.09097249367864403,NA,NA,-2.3102172877520535,NA,NA,NA,NA,n.s.
Q64311,Ntan1,-1.5188189241084362,NA,NA,-1.1901471326092585,NA,NA,NA,NA,n.s.
Q64322,Npdc1,-1.852654923808081,NA,NA,-0.647603093938454,NA,NA,NA,NA,n.s.
Q64327,Mea1,0.14975883292068212,NA,NA,0.4169298758523523,NA,NA,NA,NA,n.s.
Q64373,Bcl2l1,1.7149746388261007,NA,NA,1.125429030451234,NA,NA,NA,NA,n.s.
Q64436,Atp4a,0.4892880050159185,NA,NA,3.693847541536658,NA,NA,NA,NA,n.s.
Q64707,Zrsr2-ps1,1.0904538449302887,NA,NA,0.7942608631767936,NA,NA,NA,NA,n.s.
Q64729,Tgfbr1,1.3808103221741495,NA,NA,0.1809160446894702,NA,NA,NA,NA,n.s.
Q64FW2,Retsat,-3.3611514302040386,NA,NA,-0.4772194382085226,NA,NA,NA,NA,n.s.
Q68FG0,Zc4h2,0.7601683831177933,NA,NA,0.7144847021174977,NA,NA,NA,NA,n.s.
Q69ZS8,Kazn,-1.7051393232269105,NA,NA,-1.166299323980995,NA,NA,NA,NA,n.s.
Q6DFV3,Arhgap21,-1.5578624139835302,NA,NA,-0.5930715752695355,NA,NA,NA,NA,n.s.
Q6DTY7,Pfkfb4,-4.034572103098191,NA,NA,-0.47236440747722636,NA,NA,NA,NA,n.s.
Q6EDY6,Carmil1,-1.909809555979044,NA,NA,-0.7056431352626561,NA,NA,NA,NA,n.s.
Q6GQT5,Tmem151a,-1.1036938301630859,NA,NA,-0.014445157071716291,NA,NA,NA,NA,n.s.
Q6NT99,Dusp23,2.393363001242829,NA,NA,0.04749738933465459,NA,NA,NA,NA,n.s.
Q6NZQ2,Ddx31,-3.661183933506535,NA,NA,-0.72909609711964,NA,NA,NA,NA,n.s.
Q6P2L6,Nsd3,0.1623342239649366,NA,NA,0.0893678772034832,NA,NA,NA,NA,n.s.
Q6P572,Mtmr2,0.014996664255380302,NA,NA,0.30221874108117613,NA,NA,NA,NA,n.s.
Q6P5C5,Smug1,0.029811680423535773,NA,NA,0.6797204966711611,NA,NA,NA,NA,n.s.
Q6P5F7,Ttyh3,-0.6334155115359623,NA,NA,-0.4267560032252767,NA,NA,NA,NA,n.s.
Q6P5G6,Ubxn7,-2.7925194104528117,NA,NA,-1.1026063135835165,NA,NA,NA,NA,n.s.
Q6P8J2,Sat2,-0.7814503449008905,NA,NA,-0.2680750434071325,NA,NA,NA,NA,n.s.
Q6PB70,Ano8,-1.776240840828589,NA,NA,-1.43248378624849,NA,NA,NA,NA,n.s.
Q6PCZ4,Magee1,-0.12986589689189446,NA,NA,-0.16672552422257955,NA,NA,NA,NA,n.s.
Q6PDC8,Mfsd4a,-2.1471402932751893,NA,NA,-1.39918489838526,NA,NA,NA,NA,n.s.
Q6PDG5,Smarcc2,0.33785113637470116,NA,NA,0.08339920340824895,NA,NA,NA,NA,n.s.
Q6PFR5,Tra2a,0.9517499096576562,NA,NA,0.5101468969230526,NA,NA,NA,NA,n.s.
Q6PFY1,Fchsd1,1.4677938412708647,NA,NA,4.702351773308556,NA,NA,NA,NA,n.s.
Q6PGH0,Ubtd2,1.3508301542906311,NA,NA,0.3570000268135573,NA,NA,NA,NA,n.s.
Q6PIX5,Rhbdf1,1.2948607490169715,NA,NA,0.7689212250689781,NA,NA,NA,NA,n.s.
Q6PJ91,Gstm7,0.8394408247832988,NA,NA,1.0182697455208298,NA,NA,NA,NA,n.s.
Q6SKR2,N6amt1,0.6792088281726846,NA,NA,0.7313097457632363,NA,NA,NA,NA,n.s.
Q6TCG2,Paqr9,-0.3370112635058851,NA,NA,-0.6361178724161206,NA,NA,NA,NA,n.s.
Q6ZPR4,Kcnt1,-1.8077961446729913,NA,NA,-0.9300708383869531,NA,NA,NA,NA,n.s.
Q6ZQ89,Marchf6,-0.5884225961297446,NA,NA,-0.311881958177858,NA,NA,NA,NA,n.s.
Q6ZWM4,Lsm8,1.1635946900647465,NA,NA,1.069868628367199,NA,NA,NA,NA,n.s.
Q6ZWQ9,Myl12a,-1.8805519073576498,NA,NA,-0.8302114086819247,NA,NA,NA,NA,n.s.
Q711T7,Nadsyn1,0.32100073292645126,NA,NA,0.46352738646461167,NA,NA,NA,NA,n.s.
Q71KT5,Tm7sf2,0.43873540016561513,NA,NA,0.561876081735057,NA,NA,NA,NA,n.s.
Q76KJ5,Polr1g,-0.15847545409667174,NA,NA,-1.5796190643940595,NA,NA,NA,NA,n.s.
Q78IS1,Tmed3,0.9021259966129637,NA,NA,1.4321352259388587,NA,NA,NA,NA,n.s.
Q78WH7,Camk2n2,0.08902578780889672,NA,NA,0.017876986269247077,NA,NA,NA,NA,n.s.
Q78YY6,Dnajc15,-1.3931718587287154,NA,NA,-0.6655326181676355,NA,NA,NA,NA,n.s.
Q791V5,Mtch2,-1.6035057636836725,NA,NA,-3.245662599393935,NA,NA,NA,NA,n.s.
Q793U7,B3galnt1,0.3123530502042159,NA,NA,0.07571911178769813,NA,NA,NA,NA,n.s.
Q7M6W1,Rtn1,1.8861732762611791,NA,NA,1.893593631985676,NA,NA,NA,NA,n.s.
Q7TMK6,Hook2,0.34692505002212837,NA,NA,0.23569840192469968,NA,NA,NA,NA,n.s.
Q7TNI2,Tmem59l,-0.2419027910466533,NA,NA,-1.21996473361547,NA,NA,NA,NA,n.s.
Q7TNR6,Igsf21,-1.3285679560681962,NA,NA,-1.1167637143579776,NA,NA,NA,NA,n.s.
Q7TNS2,Micos10,0.854499138868894,NA,NA,0.41789743460027795,NA,NA,NA,NA,n.s.
Q7TNV1,Tlcd3b,1.3675196687408033,NA,NA,1.5288156232682746,NA,NA,NA,NA,n.s.
Q7TQ33,Rgmb,1.6037990528654062,NA,NA,0.5716948983758948,NA,NA,NA,NA,n.s.
Q7TQF2,Fbxo10,0.3316142948008588,NA,NA,0.594210642987152,NA,NA,NA,NA,n.s.
Q7TQH0,Atxn2l,0.23342385679946828,NA,NA,0.3632917726812828,NA,NA,NA,NA,n.s.
Q7TSZ8,Nacc1,-1.1086450110944803,NA,NA,-1.9877832588408237,NA,NA,NA,NA,n.s.
Q80TN5,Zdhhc17,-0.3966955325377345,NA,NA,-0.8370477661651724,NA,NA,NA,NA,n.s.
Q80U12,Sgsm2,1.0543102182218136,NA,NA,0.3734670381717241,NA,NA,NA,NA,n.s.
Q80U58,Pum2,-0.3933588196163146,NA,NA,-2.7838793071629793,NA,NA,NA,NA,n.s.
Q80UG1,Fads6,-2.1299480598110367,NA,NA,-2.760991648198228,NA,NA,NA,NA,n.s.
Q80UW8,Polr2e,2.132897729620589,NA,NA,1.1109125456548272,NA,NA,NA,NA,n.s.
Q80X71,Tmem106b,-0.20480106437678244,NA,NA,-0.16703054283304714,NA,NA,NA,NA,n.s.
Q80XC2,Trmt61a,2.3622327116065085,NA,NA,1.6988875293380064,NA,NA,NA,NA,n.s.
Q80Y24,Prickle2,0.5240646609497377,NA,NA,0.11545995754405203,NA,NA,NA,NA,n.s.
Q80YD6,Sergef,-0.17111148286853217,NA,NA,-1.4081304039473712,NA,NA,NA,NA,n.s.
Q80YR2,Fhip2b,-0.3447560526217667,NA,NA,-1.8898697969828162,NA,NA,NA,NA,n.s.
Q80ZM5,H1f10,2.251333002308763,NA,NA,0.4708263579148641,NA,NA,NA,NA,n.s.
Q80ZU4,Smim19,-0.16650675008916646,NA,NA,-0.34007587902044134,NA,NA,NA,NA,n.s.
Q80ZV0,Rnaseh2b,-0.7029449756968323,NA,NA,-1.2641172386661272,NA,NA,NA,NA,n.s.
Q810V0,Mphosph10,1.9677229528524836,NA,NA,0.21390298109577902,NA,NA,NA,NA,n.s.
Q811D0,Dlg1,0.1516952524432068,NA,NA,0.47658302342670633,NA,NA,NA,NA,n.s.
Q8BFQ8,Gatd1,0.07834699552024689,NA,NA,0.9517320522207284,NA,NA,NA,NA,n.s.
Q8BFX3,Kctd3,0.47833898628126104,NA,NA,0.7429172209558236,NA,NA,NA,NA,n.s.
Q8BFZ2,Plppr1,-0.634687261641358,NA,NA,-0.09586609580463987,NA,NA,NA,NA,n.s.
Q8BG99,Pknox2,-0.928250885521887,NA,NA,-1.357163409946739,NA,NA,NA,NA,n.s.
Q8BGA5,Krr1,1.3211643436930203,NA,NA,0.1505765940524164,NA,NA,NA,NA,n.s.
Q8BGC9,Creg2,-0.4166913234469389,NA,NA,-0.560636374568607,NA,NA,NA,NA,n.s.
Q8BGR8,Gskip,1.2205327774616743,NA,NA,0.26327149693139507,NA,NA,NA,NA,n.s.
Q8BGV4,Tti2,1.3979178944277155,NA,NA,1.4445060994152292,NA,NA,NA,NA,n.s.
Q8BGV7,Kctd13,-0.2090768421922505,NA,NA,-1.2923370025534813,NA,NA,NA,NA,n.s.
Q8BGX2,Timm29,0.9953273527155774,NA,NA,1.5859455420680693,NA,NA,NA,NA,n.s.
Q8BGX3,Lrtm2,-0.9987666125873559,NA,NA,-0.08087568935874032,NA,NA,NA,NA,n.s.
Q8BGY9,Slc5a7,0.016083157337621903,NA,NA,0.035715228905272456,NA,NA,NA,NA,n.s.
Q8BGZ2,Fam168a,0.3907934599943341,NA,NA,1.494971166398218,NA,NA,NA,NA,n.s.
Q8BH75,Rnf41,-0.7288243721600207,NA,NA,-0.5543587016739436,NA,NA,NA,NA,n.s.
Q8BHB4,Wdr3,-0.09409390036752065,NA,NA,-3.4822949114187,NA,NA,NA,NA,n.s.
Q8BHC9,Fut11,0.8730074944013463,NA,NA,1.6393667458786574,NA,NA,NA,NA,n.s.
Q8BHI7,Elovl5,0.35473015302160016,NA,NA,2.2426101337290896,NA,NA,NA,NA,n.s.
Q8BHJ6,Serinc5,-1.4351476592498127,NA,NA,-0.04864589827505569,NA,NA,NA,NA,n.s.
Q8BHN1,Txlng,0.9441821979445666,NA,NA,1.7309770091976777,NA,NA,NA,NA,n.s.
Q8BHN5,Rbm45,0.10203682651348202,NA,NA,0.7861731584575713,NA,NA,NA,NA,n.s.
Q8BHN7,Rlig1,-0.7673245938839012,NA,NA,-0.24678256424236245,NA,NA,NA,NA,n.s.
Q8BHR8,Cstpp1,-0.4977394513002037,NA,NA,-1.9163346740441083,NA,NA,NA,NA,n.s.
Q8BHZ4,Znf592,-1.1100373996375335,NA,NA,-0.9308194740898217,NA,NA,NA,NA,n.s.
Q8BIG7,Comtd1,-0.7475601410269643,NA,NA,-2.3079124408699605,NA,NA,NA,NA,n.s.
Q8BJ56,Pnpla2,-0.17682212658596752,NA,NA,-0.9234744081195764,NA,NA,NA,NA,n.s.
Q8BJU9,Mtrf1l,-0.7685790938300258,NA,NA,-0.13779473916569696,NA,NA,NA,NA,n.s.
Q8BK06,Fbxo9,-0.5630156370042079,NA,NA,-0.5881480481967097,NA,NA,NA,NA,n.s.
Q8BKF1,Polrmt,-0.3549004425977437,NA,NA,-2.599925220792741,NA,NA,NA,NA,n.s.
Q8BKN5,Tubgcp5,0.5480809928792602,NA,NA,0.49106497889930323,NA,NA,NA,NA,n.s.
Q8BKT3,Gcfc2,-0.21807108958897636,NA,NA,-1.1844442500434795,NA,NA,NA,NA,n.s.
Q8BKU8,Tmem87b,-0.5994226129339459,NA,NA,-0.30934741088143114,NA,NA,NA,NA,n.s.
Q8BL95,Cfap298,-0.6913885658555519,NA,NA,-0.4454326635433334,NA,NA,NA,NA,n.s.
Q8BL97,Srsf7,1.5800529967415897,NA,NA,1.1785952974913936,NA,NA,NA,NA,n.s.
Q8BLR9,Hif1an,0.30914899291362086,NA,NA,0.8774104449484049,NA,NA,NA,NA,n.s.
Q8BMD6,Tmem260,-0.2995879133505545,NA,NA,-1.388931932675837,NA,NA,NA,NA,n.s.
Q8BME9,Cbln4,-0.72839439076730494,NA,NA,-0.003589688442909082,NA,NA,NA,NA,n.s.
Q8BNJ3,Nmnat2,0.27444241064973646,NA,NA,0.3165587822950711,NA,NA,NA,NA,n.s.
Q8BNV1,Trmt2a,0.04140350023490239,NA,NA,2.5732603963884374e-4,NA,NA,NA,NA,n.s.
Q8BP71,Rbfox2,-0.8239503665382962,NA,NA,-0.9843889354921032,NA,NA,NA,NA,n.s.
Q8BPA8,Dpcd,-2.1426122257767712,NA,NA,-0.36424019241224603,NA,NA,NA,NA,n.s.
Q8BPB5,Efemp1,-0.08379290204287032,NA,NA,-0.6974687047865287,NA,NA,NA,NA,n.s.
Q8BPE4,Tmem177,0.37172706950312734,NA,NA,0.32328554377584645,NA,NA,NA,NA,n.s.
Q8BPM6,Ric3,0.034929703160386134,NA,NA,0.2623823515132817,NA,NA,NA,NA,n.s.
Q8BQ30,Ppp1r18,1.8116415266796269,NA,NA,1.3695825621385094,NA,NA,NA,NA,n.s.
Q8BRJ3,Rell2,-1.3008078418007571,NA,NA,-0.07397901633430769,NA,NA,NA,NA,n.s.
Q8BRK9,Man2a2,0.2701078277281308,NA,NA,1.072815318650874,NA,NA,NA,NA,n.s.
Q8BRU6,Slc18a2,-0.9888717101150784,NA,NA,-0.39282771828969765,NA,NA,NA,NA,n.s.
Q8BS45,Ift56,-0.456706185551932,NA,NA,-0.1744015831207324,NA,NA,NA,NA,n.s.
Q8BSU7,Mob3a,0.7912015281943958,NA,NA,1.3598465180556625,NA,NA,NA,NA,n.s.
Q8BTE0,Sdhaf4,-0.8913709279142832,NA,NA,-0.4761882880790882,NA,NA,NA,NA,n.s.
Q8BTK5,Smyd4,-1.2000316065603716,NA,NA,-1.8366103874250697,NA,NA,NA,NA,n.s.
Q8BTU1,Cfap20,0.26363403638339955,NA,NA,1.118791150087421,NA,NA,NA,NA,n.s.
Q8BTV1,Tusc3,0.9536210085654573,NA,NA,1.0688461476838234,NA,NA,NA,NA,n.s.
Q8BTZ5,Ankrd46,-1.8888653492913279,NA,NA,-1.2303306910934102,NA,NA,NA,NA,n.s.
Q8BU03,Pwp2,-0.48069491664553604,NA,NA,-0.44500723746977305,NA,NA,NA,NA,n.s.
Q8BUN9,Slc24a2,0.10465527409606895,NA,NA,0.08169087286345887,NA,NA,NA,NA,n.s.
Q8BVF6,Pvr,0.4888641372228486,NA,NA,0.6444430950518082,NA,NA,NA,NA,n.s.
Q8BVF7,Aph1a,3.1289296889283613,NA,NA,1.8085634021175172,NA,NA,NA,NA,n.s.
Q8BVP5,Csnk1g2,-0.19250583467127477,NA,NA,-1.1370890980385164,NA,NA,NA,NA,n.s.
Q8BW22,Ss18l1,-1.3921411841177662,NA,NA,-0.008455443614724318,NA,NA,NA,NA,n.s.
Q8BWT5,Dip2a,0.1825439891926723,NA,NA,2.12654422504155,NA,NA,NA,NA,n.s.
Q8BX80,Engase,0.01766903785361536,NA,NA,0.35721129899265053,NA,NA,NA,NA,n.s.
Q8BXC6,Commd2,-0.5149075023646715,NA,NA,-0.5880979988950138,NA,NA,NA,NA,n.s.
Q8BXG3,Ift57,1.1052579060523073,NA,NA,5.391777349508241e-6,NA,NA,NA,NA,n.s.
Q8BXP8,Dgkb,1.3774144301931324,NA,NA,1.4893144822419473,NA,NA,NA,NA,n.s.
Q8BXV2,Bri3bp,0.15926161289404475,NA,NA,0.7693998001551223,NA,NA,NA,NA,n.s.
Q8BYI6,Lpcat2,-0.3909591317472587,NA,NA,-0.9864245688762444,NA,NA,NA,NA,n.s.
Q8BYK4,Rdh12,0.43242731726697836,NA,NA,0.2243899911710069,NA,NA,NA,NA,n.s.
Q8BYR2,Lats1,-1.0232127778361728,NA,NA,-0.395357517211041,NA,NA,NA,NA,n.s.
Q8BZ81,Lrrtm3,0.3568124731676185,NA,NA,0.5337318719490028,NA,NA,NA,NA,n.s.
Q8BZ94,Zmat4,-0.22005200727187638,NA,NA,-0.31748046426485466,NA,NA,NA,NA,n.s.
Q8BZJ3,Slc24a2,0.9733699311452761,NA,NA,1.2160297227257106,NA,NA,NA,NA,n.s.
Q8BZJ7,Dcun1d2,-0.8983643807813482,NA,NA,-0.8459230560292249,NA,NA,NA,NA,n.s.
Q8BZX4,Srek1,-0.6622752566075178,NA,NA,-1.701966157002202,NA,NA,NA,NA,n.s.
Q8C025,Chpt1,0.052026070913208836,NA,NA,0.3099252676475413,NA,NA,NA,NA,n.s.
Q8C0D4,Arhgap12,0.1771875854045258,NA,NA,0.9435536291582673,NA,NA,NA,NA,n.s.
Q8C142,Ldlrap1,1.5141978891249785,NA,NA,0.2718715309173947,NA,NA,NA,NA,n.s.
Q8C172,Cers6,0.6309551835605826,NA,NA,2.0284353958442596,NA,NA,NA,NA,n.s.
Q8C1Q6,Uqcc5,0.6195802360911843,NA,NA,0.232371748932972,NA,NA,NA,NA,n.s.
Q8C2L6,Tmem161b,-2.0648678738206554,NA,NA,-1.1837784989390066,NA,NA,NA,NA,n.s.
Q8C2U7,Aimp1,-0.35633963018550807,NA,NA,-0.1999014563092628,NA,NA,NA,NA,n.s.
Q8C3R1,Brat1,-0.011480005358876222,NA,NA,-0.9921589333141849,NA,NA,NA,NA,n.s.
Q8C483,Sars1,-1.121026198336156,NA,NA,-1.811296531154195,NA,NA,NA,NA,n.s.
Q8C4G9,Adgra1,0.6085053488293715,NA,NA,0.5202369048448829,NA,NA,NA,NA,n.s.
Q8C5L6,Inpp5k,-1.5561419623327175,NA,NA,-0.3543833358404981,NA,NA,NA,NA,n.s.
Q8C8U0,Ppfibp1,0.6036592641593301,NA,NA,0.08754787225558712,NA,NA,NA,NA,n.s.
Q8C996,Tmem163,2.014971881861846,NA,NA,0.19592968608619116,NA,NA,NA,NA,n.s.
Q8CA71,Shisa4,0.8956493736704724,NA,NA,0.30044297539071335,NA,NA,NA,NA,n.s.
Q8CA90,Macroh2a1,-1.8766086812459006,NA,NA,-0.22414076295518776,NA,NA,NA,NA,n.s.
Q8CAD1,Araf,-1.4736420743778778,NA,NA,-1.0213292192146115,NA,NA,NA,NA,n.s.
Q8CAM5,Rab36,0.4225089150771038,NA,NA,1.4078545461119265,NA,NA,NA,NA,n.s.
Q8CBH5,Mfsd6,-0.2721292109808349,NA,NA,-0.007596786148499037,NA,NA,NA,NA,n.s.
Q8CCA0,Dcun1d4,1.4827688236778838,NA,NA,0.6308962890107167,NA,NA,NA,NA,n.s.
Q8CCM6,Timm21,0.9687607133258731,NA,NA,0.8805694609884163,NA,NA,NA,NA,n.s.
Q8CD10,Micu2,0.5189363879391513,NA,NA,0.3498003121375679,NA,NA,NA,NA,n.s.
Q8CE19,Syn2,-0.849664337266893,NA,NA,-0.31668042007109254,NA,NA,NA,NA,n.s.
Q8CES0,Naa30,-0.12366350205773421,NA,NA,-0.762934386819142,NA,NA,NA,NA,n.s.
Q8CFC7,Clasrp,0.09424237878826297,NA,NA,0.2790875903619602,NA,NA,NA,NA,n.s.
Q8CFX1,H6pd,0.2736726816836082,NA,NA,0.682480081977657,NA,NA,NA,NA,n.s.
Q8CFY5,Cox10,-0.1671495563964228,NA,NA,-1.3558676017495723,NA,NA,NA,NA,n.s.
Q8CGA2,Tbc1d14,-0.3267494651304285,NA,NA,-0.38989745612641963,NA,NA,NA,NA,n.s.
Q8CGA4,Mturn,-0.14034316960751186,NA,NA,-1.9902852068190908,NA,NA,NA,NA,n.s.
Q8CHR6,Dpyd,-0.12864878728246523,NA,NA,-1.1163235104497942,NA,NA,NA,NA,n.s.
Q8CIB6,Tmem230,1.6601782367501758,NA,NA,0.49220909105924254,NA,NA,NA,NA,n.s.
Q8CIC2,Nup42,0.9448641298764011,NA,NA,0.14792674787461058,NA,NA,NA,NA,n.s.
Q8HW98,Iglon5,0.037026643995965315,NA,NA,1.8014578267761208,NA,NA,NA,NA,n.s.
Q8JZP9,Gas2l1,-0.6876307690748916,NA,NA,-0.5554976281503208,NA,NA,NA,NA,n.s.
Q8JZS7,Hmgcll1,-0.04584630389180583,NA,NA,-0.4094923492756689,NA,NA,NA,NA,n.s.
Q8K000,Sec16a,-0.038266640957420564,NA,NA,-0.30820789821018885,NA,NA,NA,NA,n.s.
Q8K0D2,Habp2,-0.5193667045284219,NA,NA,-0.09551217788395044,NA,NA,NA,NA,n.s.
Q8K0P3,Meak7,-0.06974375084960512,NA,NA,-0.5084477743948953,NA,NA,NA,NA,n.s.
Q8K190,Saysd1,-0.4164669191781869,NA,NA,-1.3691622559891408,NA,NA,NA,NA,n.s.
Q8K199,Cmc2,1.1404369690774898,NA,NA,1.9056040272323818,NA,NA,NA,NA,n.s.
Q8K1E6,Alkbh3,2.259419065332413,NA,NA,0.38935274182398993,NA,NA,NA,NA,n.s.
Q8K1I7,Wipf1,-2.5045377298404627,NA,NA,-0.4562008517455148,NA,NA,NA,NA,n.s.
Q8K1Y2,Prkd3,0.19837690970026864,NA,NA,0.8785809195778248,NA,NA,NA,NA,n.s.
Q8K205,Pop1,-0.5960724904795022,NA,NA,-0.8907954874739336,NA,NA,NA,NA,n.s.
Q8K297,Colgalt1,-0.6369233633441778,NA,NA,-1.1532453854494804,NA,NA,NA,NA,n.s.
Q8K2H2,Otud6b,0.9529501890838225,NA,NA,0.548506405601498,NA,NA,NA,NA,n.s.
Q8K2J7,Rell1,-1.5172599168388707,NA,NA,-0.16529418308025454,NA,NA,NA,NA,n.s.
Q8K301,Ddx52,-1.660990814866409,NA,NA,-0.9396380928430854,NA,NA,NA,NA,n.s.
Q8K304,Tmem129,3.3540658632346583,NA,NA,0.43274258919916553,NA,NA,NA,NA,n.s.
Q8K330,Ssh3,-0.7665761432005319,NA,NA,-0.14577476817457646,NA,NA,NA,NA,n.s.
Q8K358,Pigu,0.2290595897043715,NA,NA,0.6335526017572849,NA,NA,NA,NA,n.s.
Q8K441,Abca6,-0.15552933194591262,NA,NA,-1.1881785379001555,NA,NA,NA,NA,n.s.
Q8K479,C1qtnf5,0.19453771538095913,NA,NA,0.7142698986306186,NA,NA,NA,NA,n.s.
Q8K4G1,Ltbp4,0.5343025125473957,NA,NA,2.390405544365332,NA,NA,NA,NA,n.s.
Q8K4P0,Wdr33,-0.3596122916193862,NA,NA,-0.08211524882376056,NA,NA,NA,NA,n.s.
Q8K4Q0,Rptor,-1.2326826765691299,NA,NA,-1.8996561084494075,NA,NA,NA,NA,n.s.
Q8K4Q7,Cerk,1.2150856808500425,NA,NA,0.6786140911971621,NA,NA,NA,NA,n.s.
Q8QZS3,Flcn,0.6830765092947857,NA,NA,0.8170086072558596,NA,NA,NA,NA,n.s.
Q8QZY6,Tspan14,0.615142393761171,NA,NA,0.9598727615854282,NA,NA,NA,NA,n.s.
Q8QZZ7,Tprkb,-0.2926870330773818,NA,NA,-1.6497749013646448,NA,NA,NA,NA,n.s.
Q8R066,C1qtnf4,0.32653326119095016,NA,NA,1.0149174405102068,NA,NA,NA,NA,n.s.
Q8R079,Bfar,0.004605166303585467,NA,NA,0.4433514157956767,NA,NA,NA,NA,n.s.
Q8R0A6,Vstm2a,1.3792507799053175,NA,NA,1.7534136589598441,NA,NA,NA,NA,n.s.
Q8R143,Pttg1ip,-1.5723317782424,NA,NA,-0.00831985306744294,NA,NA,NA,NA,n.s.
Q8R189,Mmd2,1.3456620839690843,NA,NA,0.48110868880481933,NA,NA,NA,NA,n.s.
Q8R1C0,Kcnc4,-1.0016267874079263,NA,NA,-1.790094265054191,NA,NA,NA,NA,n.s.
Q8R1C9,Apbb3,0.7838364874468026,NA,NA,0.2813872702715633,NA,NA,NA,NA,n.s.
Q8R1F9,Rpp40,-0.4095131261643628,NA,NA,-0.19922480899111816,NA,NA,NA,NA,n.s.
Q8R1G1,Tasp1,0.2374497176085258,NA,NA,2.7472703473816784,NA,NA,NA,NA,n.s.
Q8R1I1,Uqcr10,0.28953905370874866,NA,NA,3.8189862870820805,NA,NA,NA,NA,n.s.
Q8R1Z9,Rnf121,-2.3745028584065557,NA,NA,-2.1477820455163417,NA,NA,NA,NA,n.s.
Q8R2N2,Utp4,0.05905295032596272,NA,NA,0.6979187719063976,NA,NA,NA,NA,n.s.
Q8R2R3,Aagab,0.8063882863322893,NA,NA,1.3252641704511272,NA,NA,NA,NA,n.s.
Q8R2R6,Mtg1,1.656632976408993,NA,NA,0.9427119556384204,NA,NA,NA,NA,n.s.
Q8R361,Rab11fip5,-0.3292505767199024,NA,NA,-1.1257182878444922,NA,NA,NA,NA,n.s.
Q8R373,Clmp,0.5468726391378551,NA,NA,0.9979094484436913,NA,NA,NA,NA,n.s.
Q8R3H7,Hs2st1,0.2263021953108689,NA,NA,1.8588977343588995,NA,NA,NA,NA,n.s.
Q8R3N1,Nop14,0.71966327855291,NA,NA,0.11562677395985514,NA,NA,NA,NA,n.s.
Q8R3V6,Cuedc1,-0.21326736943440605,NA,NA,-2.785200354160022,NA,NA,NA,NA,n.s.
Q8R4D1,Slc9a8,-0.31118390252802025,NA,NA,-0.39151534210451305,NA,NA,NA,NA,n.s.
Q8R4H9,Slc30a5,-0.020178683751245954,NA,NA,-0.1778853998234491,NA,NA,NA,NA,n.s.
Q8R4S0,Ppp1r14c,-0.022540975709535196,NA,NA,-0.019891500772009452,NA,NA,NA,NA,n.s.
Q8R5F3,Oard1,-0.40714898115979103,NA,NA,-4.185822548522297,NA,NA,NA,NA,n.s.
Q8R5F8,Eps8l1,0.9125454529012441,NA,NA,0.6034126294789551,NA,NA,NA,NA,n.s.
Q8VBV7,Cops8,-1.9840075705862663,NA,NA,-1.9483666643379505,NA,NA,NA,NA,n.s.
Q8VC16,Lrrc14,-0.1974211808383034,NA,NA,-0.2612822923361399,NA,NA,NA,NA,n.s.
Q8VC85,Lsm1,0.9068192747026323,NA,NA,0.6655512734705857,NA,NA,NA,NA,n.s.
Q8VC88,Gca,-0.3984473190716022,NA,NA,-1.0716118191343642,NA,NA,NA,NA,n.s.
Q8VCF0,Mavs,2.6559950287637197,NA,NA,2.392094981832361,NA,NA,NA,NA,n.s.
Q8VCK3,Tubg2,-1.3387632811253702,NA,NA,-1.1002531085421607,NA,NA,NA,NA,n.s.
Q8VCP8,Ak6,-0.11572366641159577,NA,NA,-0.7805389531361568,NA,NA,NA,NA,n.s.
Q8VCR3,Tmem242,-1.1040907038354557,NA,NA,-0.6677778864048004,NA,NA,NA,NA,n.s.
Q8VCX6,Kptn,-1.0263333712953724,NA,NA,-0.4468541613849607,NA,NA,NA,NA,n.s.
Q8VD00,Tmem97,1.0824404190106172,NA,NA,0.23067298981094092,NA,NA,NA,NA,n.s.
Q8VD24,Zcchc18,-0.9356136053709966,NA,NA,-0.6629770302906202,NA,NA,NA,NA,n.s.
Q8VDQ9,Kri1,0.4781010485362547,NA,NA,0.019264693825485634,NA,NA,NA,NA,n.s.
Q8VDV3,Rab3il1,-0.51740430971337,NA,NA,-0.33037647260624053,NA,NA,NA,NA,n.s.
Q8VDW4,Ube2w,-0.14491754699315987,NA,NA,-0.5641405231241506,NA,NA,NA,NA,n.s.
Q8VE08,Fbxo33,0.4295080187086371,NA,NA,0.3407518527505685,NA,NA,NA,NA,n.s.
Q8VE73,Cul7,-0.2771381055157366,NA,NA,-0.20182897147963721,NA,NA,NA,NA,n.s.
Q8VE99,Ccdc115,-0.3366731532319084,NA,NA,-1.3363690354150786,NA,NA,NA,NA,n.s.
Q8VHC3,Selenom,0.5023830965903694,NA,NA,0.03387622805085254,NA,NA,NA,NA,n.s.
Q8VHV1,Baalc,-0.7723718355368412,NA,NA,-0.8790827206834826,NA,NA,NA,NA,n.s.
Q91V01,Lpcat3,-1.1634881018499517,NA,NA,-0.5713775713088525,NA,NA,NA,NA,n.s.
Q91V51,Ttll1,-0.5412462571608023,NA,NA,-2.492469769070711,NA,NA,NA,NA,n.s.
Q91VJ5,Pqbp1,-1.223236621596773,NA,NA,-0.8600488844288641,NA,NA,NA,NA,n.s.
Q91VS7,Mgst1,2.0888869554592437,NA,NA,0.6457033092362263,NA,NA,NA,NA,n.s.
Q91VU1,Yipf1,-1.422658635308515,NA,NA,-1.6515619866898639,NA,NA,NA,NA,n.s.
Q91VY9,Znf622,-0.27180893677628937,NA,NA,-0.4866637012680457,NA,NA,NA,NA,n.s.
Q91W29,Cox4i2,0.5121265254483364,NA,NA,0.2730758766664664,NA,NA,NA,NA,n.s.
Q91W98,Slc15a4,0.14237964414219567,NA,NA,1.8637618102154527,NA,NA,NA,NA,n.s.
Q91WA6,Sharpin,-0.7134490425090174,NA,NA,-0.7437781057330091,NA,NA,NA,NA,n.s.
Q91WB2,Plpp7,-0.15919723953689996,NA,NA,-0.4075819013055088,NA,NA,NA,NA,n.s.
Q91WF0,Tafazzin,-1.5179595214412396,NA,NA,-0.33418264445739876,NA,NA,NA,NA,n.s.
Q91WI7,Itfg2,1.604318533541927,NA,NA,2.068706705213148,NA,NA,NA,NA,n.s.
Q91WK7,Ankrd54,0.01256854461400687,NA,NA,0.8278254821023622,NA,NA,NA,NA,n.s.
Q91WM3,Rrp9,1.472135014397963,NA,NA,1.9158818450469046,NA,NA,NA,NA,n.s.
Q91WR3,Ascc2,-1.4649178113777033,NA,NA,-0.9182178851009105,NA,NA,NA,NA,n.s.
Q91WT4,Dnajc17,0.7937462254826577,NA,NA,0.4677552517378903,NA,NA,NA,NA,n.s.
Q91WT7,Akr1c14,-0.893114048089193,NA,NA,-0.07293009520070975,NA,NA,NA,NA,n.s.
Q91X58,Zfand2b,-2.6471930445999425,NA,NA,-0.30774308160229374,NA,NA,NA,NA,n.s.
Q91XA8,Klhdc8a,0.6015947510403379,NA,NA,0.09511014062626258,NA,NA,NA,NA,n.s.
Q91XC9,Pex16,-0.02016690272501882,NA,NA,-0.28701594752105564,NA,NA,NA,NA,n.s.
Q91XX1,Pcdhgc3,-0.1614047851353417,NA,NA,-2.0426396855604723,NA,NA,NA,NA,n.s.
Q91XX4,Pcdhgb6,0.5764430091095942,NA,NA,0.0013498070453462116,NA,NA,NA,NA,n.s.
Q91XX6,Pcdhgb4,0.5137032090671966,NA,NA,1.279099083307718,NA,NA,NA,NA,n.s.
Q91XY8,Pcdhga11,-0.5246359385329171,NA,NA,-0.5540638127787725,NA,NA,NA,NA,n.s.
Q91YE7,Rbm5,-1.1285328663316048,NA,NA,-0.03964770674995284,NA,NA,NA,NA,n.s.
Q91YL2,Rnf126,0.028928418741917174,NA,NA,0.06774909327735518,NA,NA,NA,NA,n.s.
Q91YN1,Fam118a,0.9088798137050946,NA,NA,0.20300494818371068,NA,NA,NA,NA,n.s.
Q91Z92,B3galt6,-2.604858296270184,NA,NA,-1.1046758135572248,NA,NA,NA,NA,n.s.
Q920B0,Frmd4b,2.636520409160652,NA,NA,1.180284065588971,NA,NA,NA,NA,n.s.
Q921K9,Bcl7b,0.6731112643581272,NA,NA,1.344569854242722,NA,NA,NA,NA,n.s.
Q921L3,Tmco1,-0.6004032766193258,NA,NA,-0.3866885811922914,NA,NA,NA,NA,n.s.
Q922F4,Tubb6,0.17112070270077648,NA,NA,3.215504641410697,NA,NA,NA,NA,n.s.
Q922G2,Fam76a,-0.04693577257152505,NA,NA,-0.013505157307993699,NA,NA,NA,NA,n.s.
Q922H9,Znf330,0.4661462055854373,NA,NA,0.2581645704122782,NA,NA,NA,NA,n.s.
Q923B0,Ggact,1.6704799452583234,NA,NA,0.6149657444912128,NA,NA,NA,NA,n.s.
Q923D2,Blvrb,1.3877115629520145,NA,NA,1.0886275765958755,NA,NA,NA,NA,n.s.
Q923E4,Sirt1,-2.397729760319857,NA,NA,-2.2052235496125605,NA,NA,NA,NA,n.s.
Q923G2,Polr2h,1.3575639757619704,NA,NA,2.3009050138814024,NA,NA,NA,NA,n.s.
Q923K4,Gtpbp3,0.7891397944833796,NA,NA,0.12311808379509874,NA,NA,NA,NA,n.s.
Q924T2,Mrps2,0.21065254914081108,NA,NA,0.9306173613561836,NA,NA,NA,NA,n.s.
Q925B0,Pawr,1.1437976149545594,NA,NA,0.5405777166822512,NA,NA,NA,NA,n.s.
Q925F2,Esam,1.6694416301149801,NA,NA,1.018383874246526,NA,NA,NA,NA,n.s.
Q925N1,Sfxn4,1.8005133476896373,NA,NA,1.6749717824202082,NA,NA,NA,NA,n.s.
Q99J21,Mcoln1,-0.7012117292919555,NA,NA,-0.32393674751079093,NA,NA,NA,NA,n.s.
Q99J45,Nrbp1,-0.443949760861357,NA,NA,-0.42001846417362537,NA,NA,NA,NA,n.s.
Q99J62,Rfc4,-1.8275317091820067,NA,NA,-2.2792823171476497,NA,NA,NA,NA,n.s.
Q99K10,Nlgn1,1.2968050348633293,NA,NA,0.20552000195602865,NA,NA,NA,NA,n.s.
Q99K95,Rtf2,0.02768677240934089,NA,NA,0.6540181141100134,NA,NA,NA,NA,n.s.
Q99KR8,Fuca2,1.2844150215561019,NA,NA,0.6009805743271438,NA,NA,NA,NA,n.s.
Q99KS2,Ngrn,0.5119107161019257,NA,NA,0.012177627415407635,NA,NA,NA,NA,n.s.
Q99KU0,Vmp1,-0.4385833732894071,NA,NA,-1.0801312433159027,NA,NA,NA,NA,n.s.
Q99KW3,Triobp,-0.4438457535855514,NA,NA,-0.7390419686361867,NA,NA,NA,NA,n.s.
Q99LC9,Pex6,2.095735492017483,NA,NA,0.1844484359128811,NA,NA,NA,NA,n.s.
Q99LI9,Clp1,1.1386363992558217,NA,NA,0.19027542766174238,NA,NA,NA,NA,n.s.
Q99LJ1,Fuca1,-0.28476963170898784,NA,NA,-0.5437823190440438,NA,NA,NA,NA,n.s.
Q99LJ6,Gpx7,-0.013439757011036784,NA,NA,-0.028820843966991493,NA,NA,NA,NA,n.s.
Q99LN9,Dohh,-0.0012747508686330958,NA,NA,-0.05003163645022161,NA,NA,NA,NA,n.s.
Q99LQ4,Svbp,0.40340202457522234,NA,NA,0.02887470680360122,NA,NA,NA,NA,n.s.
Q99M28,Rnps1,-1.0696171866193325,NA,NA,-0.4494101350287135,NA,NA,NA,NA,n.s.
Q99MR3,Slc12a9,0.33388020376246696,NA,NA,1.6385414373529323,NA,NA,NA,NA,n.s.
Q99MS3,Mpv17l,2.4171358099718585,NA,NA,1.4114478108359347,NA,NA,NA,NA,n.s.
Q99N11,Dusp22,-0.4231996290491347,NA,NA,-1.1802643444045693,NA,NA,NA,NA,n.s.
Q99N85,Mrps18a,0.4233698041967245,NA,NA,0.09182987663577118,NA,NA,NA,NA,n.s.
Q99N94,Mrpl9,0.009763096279373036,NA,NA,0.36840332247907825,NA,NA,NA,NA,n.s.
Q99P31,Hspbp1,0.9701971929015587,NA,NA,1.1803105968842773,NA,NA,NA,NA,n.s.
Q9CPS7,Pno1,-1.182719579705544,NA,NA,-0.9455441400450485,NA,NA,NA,NA,n.s.
Q9CPV2,Anapc16,-0.2133603855546249,NA,NA,-0.03077451776913801,NA,NA,NA,NA,n.s.
Q9CPV3,Mrpl42,-0.5230675310665891,NA,NA,-0.4618902250615585,NA,NA,NA,NA,n.s.
Q9CPV9,P2ry12,-1.1065553417675786,NA,NA,-0.1695651657279779,NA,NA,NA,NA,n.s.
Q9CPW2,Fdx2,0.5301573367775906,NA,NA,0.2728292522333244,NA,NA,NA,NA,n.s.
Q9CPW3,Mrpl54,-0.07188262166209083,NA,NA,-1.3928080120003992,NA,NA,NA,NA,n.s.
Q9CPX8,Uqcr11,-1.2748308464696967,NA,NA,-1.7476298083693873,NA,NA,NA,NA,n.s.
Q9CPY6,Gid4,-0.09783291101493366,NA,NA,-0.18854003928287577,NA,NA,NA,NA,n.s.
Q9CPZ6,Ormdl3,-0.3765085894514055,NA,NA,-0.5061061231968148,NA,NA,NA,NA,n.s.
Q9CPZ8,Cmc1,-1.7468033507507845,NA,NA,-0.9532630115343413,NA,NA,NA,NA,n.s.
Q9CQ00,Dmac1,-1.2113609858734269,NA,NA,-0.7375051862491675,NA,NA,NA,NA,n.s.
Q9CQ19,Myl9,1.4925979650600423,NA,NA,1.6731347854065082,NA,NA,NA,NA,n.s.
Q9CQ49,Ncbp2,-1.749489744947017,NA,NA,-3.229137791647446,NA,NA,NA,NA,n.s.
Q9CQ85,Timm22,2.771017604996578,NA,NA,3.5718458735346563,NA,NA,NA,NA,n.s.
Q9CQ88,Tspan31,-1.5398032360669338,NA,NA,-0.21356285052528953,NA,NA,NA,NA,n.s.
Q9CQ91,Ndufa3,0.6428467081445939,NA,NA,0.8242401181541104,NA,NA,NA,NA,n.s.
Q9CQE2,Tmem223,1.0469427007297376,NA,NA,1.0921729405076654,NA,NA,NA,NA,n.s.
Q9CQI4,Iftap,1.7057899622094193,NA,NA,0.249100216108519,NA,NA,NA,NA,n.s.
Q9CQJ4,Rnf2,0.6864766943976305,NA,NA,0.9712928125833353,NA,NA,NA,NA,n.s.
Q9CQM0,Nicn1,0.7102163277288555,NA,NA,0.7224096934348176,NA,NA,NA,NA,n.s.
Q9CQN6,Tmem14c,-0.03793895114793476,NA,NA,-2.3375906156308477,NA,NA,NA,NA,n.s.
Q9CQP2,Trappc2,0.9857803419542442,NA,NA,1.0789671872806217,NA,NA,NA,NA,n.s.
Q9CQP3,Chchd5,-0.01713219649342798,NA,NA,-0.26139676077190893,NA,NA,NA,NA,n.s.
Q9CQQ8,Lsm7,-2.457261036457256,NA,NA,-1.1790233354257293,NA,NA,NA,NA,n.s.
Q9CQS8,Sec61b,0.2306536907520113,NA,NA,0.6016874808295712,NA,NA,NA,NA,n.s.
Q9CQV4,Retreg3,-1.3485298940493502,NA,NA,-0.5663905392399066,NA,NA,NA,NA,n.s.
Q9CQV6,Map1lc3b,2.764966788412143,NA,NA,2.989993409378823,NA,NA,NA,NA,n.s.
Q9CQX6,Naa12,-0.0900383346907155,NA,NA,-0.5959234879998612,NA,NA,NA,NA,n.s.
Q9CQY2,Ramac,1.299670154119609,NA,NA,0.7122652217933431,NA,NA,NA,NA,n.s.
Q9CR24,Nudt8,-0.17401035173474982,NA,NA,-1.1134242400488912,NA,NA,NA,NA,n.s.
Q9CR25,Dph2,-0.7882022545948628,NA,NA,-1.1999113143618512,NA,NA,NA,NA,n.s.
Q9CR30,Josd2,-1.5069024085657583,NA,NA,-0.7312609216612661,NA,NA,NA,NA,n.s.
Q9CR50,Rchy1,-2.3857099035640235,NA,NA,-0.16769792029500205,NA,NA,NA,NA,n.s.
Q9CR59,Gadd45gip1,2.0197010894931817,NA,NA,1.6840375703123875,NA,NA,NA,NA,n.s.
Q9CR64,Tmem167a,1.7387014305416923,NA,NA,1.3783905206664457,NA,NA,NA,NA,n.s.
Q9CR76,Tmem186,0.3924622178746775,NA,NA,0.037921377799919546,NA,NA,NA,NA,n.s.
Q9CR80,Fam32a,-0.5918427448951172,NA,NA,-0.49067807567076765,NA,NA,NA,NA,n.s.
Q9CRA4,Msmo1,0.12272509460989615,NA,NA,0.763021856299352,NA,NA,NA,NA,n.s.
Q9CRB0,Snx24,-0.5866487088471819,NA,NA,-0.40176917837773046,NA,NA,NA,NA,n.s.
Q9CS00,Cactin,0.5321932999622228,NA,NA,0.04650448394242629,NA,NA,NA,NA,n.s.
Q9CTN4,Rhobtb3,-0.9348417745308822,NA,NA,-0.3869250261194907,NA,NA,NA,NA,n.s.
Q9CTW2,Lipe,-0.6913147401419755,NA,NA,-0.5062945070449887,NA,NA,NA,NA,n.s.
Q9CWU2,Zdhhc13,0.2780347434997597,NA,NA,0.28486731427079315,NA,NA,NA,NA,n.s.
Q9CWV6,Prkrip1,-1.1478708643825082,NA,NA,-0.5911752027660582,NA,NA,NA,NA,n.s.
Q9CWW6,Pin4,0.3306125228845317,NA,NA,1.072427232721362,NA,NA,NA,NA,n.s.
Q9CX66,Nopchap1,2.1347297425875067,NA,NA,0.903795495155605,NA,NA,NA,NA,n.s.
Q9CX98,Cyp2u1,-0.40094088399795663,NA,NA,-0.8233130119975313,NA,NA,NA,NA,n.s.
Q9CXC3,Mgme1,-0.4251538386820242,NA,NA,-0.04510895788117548,NA,NA,NA,NA,n.s.
Q9CXF7,Chd1l,6.379428209623076,NA,NA,0.6798064868661986,NA,NA,NA,NA,n.s.
Q9CXT7,Tmem192,-0.6973470195185416,NA,NA,-0.029696934645366532,NA,NA,NA,NA,n.s.
Q9CXV9,Dcun1d5,-0.2686449594381667,NA,NA,-1.016812604515808,NA,NA,NA,NA,n.s.
Q9CY50,Ssr1,-3.3928927547468017,NA,NA,-0.2585533992252541,NA,NA,NA,NA,n.s.
Q9CZ57,Nsun4,-0.3044416372870432,NA,NA,-0.19693257863915378,NA,NA,NA,NA,n.s.
Q9CZ82,Med18,-0.9103514471617502,NA,NA,-0.492254507141536,NA,NA,NA,NA,n.s.
Q9CZ83,Mrpl55,-2.1003237660175476,NA,NA,-0.10585773978195896,NA,NA,NA,NA,n.s.
Q9CZG9,Pdzd11,0.3236797797512793,NA,NA,0.24369223548845298,NA,NA,NA,NA,n.s.
Q9CZH3,Psmg3,-2.197550988756236,NA,NA,-0.7176759778569635,NA,NA,NA,NA,n.s.
Q9CZP0,Ufsp1,-0.5814720968111918,NA,NA,-0.3038861010911141,NA,NA,NA,NA,n.s.
Q9CZT6,Cmss1,-2.315625024160463,NA,NA,-0.043818709747213656,NA,NA,NA,NA,n.s.
Q9CZV5,Supt7l,0.5945510745389979,NA,NA,0.11926705934262413,NA,NA,NA,NA,n.s.
Q9CZW6,Rnf146,-0.8135995390054098,NA,NA,-0.9726749712545859,NA,NA,NA,NA,n.s.
Q9CZX9,Emc4,-0.7192905568037287,NA,NA,-0.9895330051297819,NA,NA,NA,NA,n.s.
Q9D081,Alg14,-1.2694482404903602,NA,NA,-0.9996781766725166,NA,NA,NA,NA,n.s.
Q9D0B5,Tstd3,-1.3981640169438374,NA,NA,-0.78845785865028994,NA,NA,NA,NA,n.s.
Q9D0K1,Pex13,-1.1849086841457195,NA,NA,-1.3319101789683554,NA,NA,NA,NA,n.s.
Q9D0V7,Ebag9,-0.5072249660643812,NA,NA,-0.3981681737685637,NA,NA,NA,NA,n.s.
Q9D0Y8,Mrpl52,-1.7172148039857915,NA,NA,-0.8271553493467015,NA,NA,NA,NA,n.s.
Q9D162,Ccdc167,0.05501679194976697,NA,NA,0.3554137759216047,NA,NA,NA,NA,n.s.
Q9D168,Ints12,-1.2576616493246076,NA,NA,-0.3199257625124899,NA,NA,NA,NA,n.s.
Q9D1C2,Cby1,-1.4069007219498106,NA,NA,-0.7592767220603345,NA,NA,NA,NA,n.s.
Q9D1F0,Rtl8b,1.0945187878030889,NA,NA,1.159207754972709,NA,NA,NA,NA,n.s.
Q9D1F4,Akt1s1,-0.4124145795794959,NA,NA,-0.5522774651653658,NA,NA,NA,NA,n.s.
Q9D1I6,Mrpl14,-0.14459098285556693,NA,NA,-0.7281582564596482,NA,NA,NA,NA,n.s.
Q9D1L0,Chchd2,-1.6532888568714188,NA,NA,-1.0363958335261507,NA,NA,NA,NA,n.s.
Q9D291,Desi2,0.5121445641050042,NA,NA,1.1518542721619545,NA,NA,NA,NA,n.s.
Q9D2C6,Polr3h,1.3964352744211077,NA,NA,0.8727083268754243,NA,NA,NA,NA,n.s.
Q9D2E2,Toe1,-0.7435166440341604,NA,NA,-0.5576273728549429,NA,NA,NA,NA,n.s.
Q9D2R8,Mrps33,-0.5003591718899162,NA,NA,-0.6005959657928304,NA,NA,NA,NA,n.s.
Q9D2U5,Naa38,0.8832867761945463,NA,NA,0.07680144853969059,NA,NA,NA,NA,n.s.
Q9D2X5,Mau2,0.31622482482915537,NA,NA,0.2979973803135893,NA,NA,NA,NA,n.s.
Q9D387,Lamp5,0.8114355673443654,NA,NA,2.283307154378768,NA,NA,NA,NA,n.s.
Q9D3D9,Atp5f1d,3.6345538956760786,NA,NA,1.5514083931613045,NA,NA,NA,NA,n.s.
Q9D3P9,Nts,1.2290849210751298,NA,NA,0.30677443714218144,NA,NA,NA,NA,n.s.
Q9D4V7,Rabl3,0.9507103343507581,NA,NA,0.8325087408204818,NA,NA,NA,NA,n.s.
Q9D5J6,Shpk,1.4021520694168228,NA,NA,0.28806539533065295,NA,NA,NA,NA,n.s.
Q9D6H2,Ift25,-0.2315913986246834,NA,NA,-0.3340763823768914,NA,NA,NA,NA,n.s.
Q9D6T9,Mrps36,-1.5429813659555116,NA,NA,-0.16162101130397039,NA,NA,NA,NA,n.s.
Q9D6Y4,Borcs8,-0.22227966974882138,NA,NA,-0.42776878302159077,NA,NA,NA,NA,n.s.
Q9D6Z0,Alkbh7,0.8389832621277385,NA,NA,1.348527153848386,NA,NA,NA,NA,n.s.
Q9D773,Mrpl2,0.3069736929545679,NA,NA,1.0094464872727344,NA,NA,NA,NA,n.s.
Q9D787,Ppil2,-0.39610397915874856,NA,NA,-1.8670384736294696,NA,NA,NA,NA,n.s.
Q9D7K5,Dmac2,-0.7412213053647667,NA,NA,-0.4330034505753969,NA,NA,NA,NA,n.s.
Q9D7Z3,Nol7,1.794151828914238,NA,NA,0.5472728664597563,NA,NA,NA,NA,n.s.
Q9D844,Dnajc4,0.5716457590274809,NA,NA,1.054291227637592,NA,NA,NA,NA,n.s.
Q9D8C9,Pnp2,0.36570385847162845,NA,NA,1.549923158415204,NA,NA,NA,NA,n.s.
Q9D8H7,Oma1,-1.9818952969153218,NA,NA,-0.940596373046912,NA,NA,NA,NA,n.s.
Q9D8M7,Phf10,1.072463131157541,NA,NA,0.865001748821195,NA,NA,NA,NA,n.s.
Q9D8Y1,Tmem126a,-0.0774254708078232,NA,NA,-1.625586852327252,NA,NA,NA,NA,n.s.
Q9D8Y7,Tnfaip8l2,-2.1929769666967838,NA,NA,-0.08720766396399102,NA,NA,NA,NA,n.s.
Q9D8Z2,Triap1,-1.1175578993044395,NA,NA,-0.21771824003329818,NA,NA,NA,NA,n.s.
Q9D8Z6,Atg101,-0.14553518312427305,NA,NA,-0.03820788531248619,NA,NA,NA,NA,n.s.
Q9D945,Llph,-0.04502861779895481,NA,NA,-1.2635454435115636,NA,NA,NA,NA,n.s.
Q9D9M2,Usp12,-0.4119806230503571,NA,NA,-1.080420285592309,NA,NA,NA,NA,n.s.
Q9DB10,Smdt1,-0.28604147073806585,NA,NA,-0.26445625759399216,NA,NA,NA,NA,n.s.
Q9DB32,Haghl,2.5351261193523067,NA,NA,1.0169887798916473,NA,NA,NA,NA,n.s.
Q9DB75,Cdip1,-1.4138956509672325,NA,NA,-1.4537719782750609,NA,NA,NA,NA,n.s.
Q9DB76,Emc9,0.5611664668221672,NA,NA,0.5634168959857708,NA,NA,NA,NA,n.s.
Q9DB96,Ngdn,0.27119022734717657,NA,NA,0.16974191444265435,NA,NA,NA,NA,n.s.
Q9DBB4,Naa16,0.5354369241564729,NA,NA,0.09601029931206809,NA,NA,NA,NA,n.s.
Q9DBT3,Ccdc97,1.5898967062256872,NA,NA,1.2254115439632127,NA,NA,NA,NA,n.s.
Q9DCB1,Hmgn3,-0.052082211817277395,NA,NA,-1.384413324959365,NA,NA,NA,NA,n.s.
Q9DCC4,Pycr3,3.337698563035975,NA,NA,2.9556703118783494,NA,NA,NA,NA,n.s.
Q9DCE9,Igtp,-1.6067407088655836,NA,NA,-0.7222017245089528,NA,NA,NA,NA,n.s.
Q9DCH6,Zfand6,-1.3495142143449992,NA,NA,-0.7758834672099914,NA,NA,NA,NA,n.s.
Q9DCS2,Mettl26,-1.2242300131147794,NA,NA,-0.9487505696919071,NA,NA,NA,NA,n.s.
Q9DCX1,Mad2l1bp,-2.2509905523505576,NA,NA,-0.7919292314746215,NA,NA,NA,NA,n.s.
Q9EPS3,Glce,-0.258826638111964,NA,NA,-0.21553354065820798,NA,NA,NA,NA,n.s.
Q9EPW0,Inpp4a,0.24779659058603346,NA,NA,1.3802868793494736,NA,NA,NA,NA,n.s.
Q9EQ28,Pold3,-0.543578344343248,NA,NA,-1.0540575163669086,NA,NA,NA,NA,n.s.
Q9EQC0,Chst1,-0.005786439543008892,NA,NA,-0.3459818858899897,NA,NA,NA,NA,n.s.
Q9EQC4,Elovl4,-0.19893319985563884,NA,NA,-1.516683932346755,NA,NA,NA,NA,n.s.
Q9EQN9,Slc19a2,-2.0138068708102908,NA,NA,-0.582306746333166,NA,NA,NA,NA,n.s.
Q9ER64,Osbpl5,-0.4582241908969123,NA,NA,-0.14632161800005242,NA,NA,NA,NA,n.s.
Q9ER65,Clstn2,-0.3478017112908409,NA,NA,-0.6182958416852208,NA,NA,NA,NA,n.s.
Q9ERA0,Tfcp2,1.9738457754268564,NA,NA,1.3249279415751933,NA,NA,NA,NA,n.s.
Q9ERC8,Dscam,-0.22977935647482278,NA,NA,-2.364682571251997,NA,NA,NA,NA,n.s.
Q9ERD6,Ralgps2,0.6495606641348319,NA,NA,0.05227456451501483,NA,NA,NA,NA,n.s.
Q9ERI2,Rab27a,-0.4795955766697308,NA,NA,-0.37026451187247805,NA,NA,NA,NA,n.s.
Q9ERL7,Gmfg,0.2080398728677428,NA,NA,0.07794992390136762,NA,NA,NA,NA,n.s.
Q9ERY9,Erg28,1.9043542179996127,NA,NA,0.037262632116707335,NA,NA,NA,NA,n.s.
Q9ES70,Nek6,-1.204467556958895,NA,NA,-0.6461379538178535,NA,NA,NA,NA,n.s.
Q9ESC8,Aff4,-0.7738118028434399,NA,NA,-0.7384344899028025,NA,NA,NA,NA,n.s.
Q9EST5,Anp32b,0.39590619109715847,NA,NA,0.010991890050749223,NA,NA,NA,NA,n.s.
Q9ESW8,Pgpep1,-1.1787859027391652,NA,NA,-0.37640725683120124,NA,NA,NA,NA,n.s.
Q9ESX4,Zcchc17,-0.9398243754923955,NA,NA,-0.31968542235725694,NA,NA,NA,NA,n.s.
Q9JHU1,Palmd,-0.6778987840951182,NA,NA,-0.8667401689481425,NA,NA,NA,NA,n.s.
Q9JI13,Utp3,-1.447443838140125,NA,NA,-2.22234018539592,NA,NA,NA,NA,n.s.
Q9JI99,Sgpp1,0.1140411662878298,NA,NA,0.8181581330143143,NA,NA,NA,NA,n.s.
Q9JIB4,Gtf2h2,0.04971861330209724,NA,NA,0.0027291499642107257,NA,NA,NA,NA,n.s.
Q9JIG8,Praf2,2.19875021283373,NA,NA,1.6353711954220096,NA,NA,NA,NA,n.s.
Q9JIK9,Mrps34,-1.0274912879070963,NA,NA,-0.8524496185088382,NA,NA,NA,NA,n.s.
Q9JJ94,Ssna1,-0.10215329959974377,NA,NA,-0.12367211294243852,NA,NA,NA,NA,n.s.
Q9JJF9,Sppl2a,-0.730562833840436,NA,NA,-0.03166385287528877,NA,NA,NA,NA,n.s.
Q9JJG6,Tmem47,0.1292140211091017,NA,NA,0.877828310592151,NA,NA,NA,NA,n.s.
Q9JJN6,Ctnnbip1,-1.287458288141739,NA,NA,-1.5976928430205346,NA,NA,NA,NA,n.s.
Q9JJQ0,Pigb,-1.4276696251098575,NA,NA,-1.0017494443246073,NA,NA,NA,NA,n.s.
Q9JKC7,Ap4m1,0.32138077342534765,NA,NA,0.05847973056252397,NA,NA,NA,NA,n.s.
Q9JKK0,Rcan3,-1.1776404101658091,NA,NA,-0.1200222760767922,NA,NA,NA,NA,n.s.
Q9JKL4,Ndufaf3,-0.2973329803679321,NA,NA,-0.8220557895336655,NA,NA,NA,NA,n.s.
Q9JKX4,Aatf,-0.12597012459206233,NA,NA,-0.24193349651751409,NA,NA,NA,NA,n.s.
Q9JL61,Rfx5,-1.888257286739445,NA,NA,-0.35941618205741377,NA,NA,NA,NA,n.s.
Q9JLR9,Higd1a,-1.945134007089047,NA,NA,-0.5470329197257991,NA,NA,NA,NA,n.s.
Q9QUN9,Dkk3,0.3370785136308313,NA,NA,0.16857582796824244,NA,NA,NA,NA,n.s.
Q9QUS6,Mid2,-0.46480511129556,NA,NA,-1.1336650100872407,NA,NA,NA,NA,n.s.
Q9QWH1,Phc2,-0.6935566451499808,NA,NA,-0.6066926190335965,NA,NA,NA,NA,n.s.
Q9QWI6,Srcin1,-0.9058034174348925,NA,NA,-0.0326159396922822,NA,NA,NA,NA,n.s.
Q9QX96,Sall2,-1.8962737872616977,NA,NA,-0.8045428861227822,NA,NA,NA,NA,n.s.
Q9QXV1,Cbx8,0.5620213401390818,NA,NA,0.9428608432803578,NA,NA,NA,NA,n.s.
Q9QY30,Abcb11,1.2275312722436644,NA,NA,0.8559180475251303,NA,NA,NA,NA,n.s.
Q9QYK7,Rnf11,1.139033013472306,NA,NA,0.4818129430608273,NA,NA,NA,NA,n.s.
Q9QZC7,Plekhb2,1.6289505322408717,NA,NA,1.4410932725844567,NA,NA,NA,NA,n.s.
Q9QZI8,Serinc1,-0.19089887048681228,NA,NA,-0.07228316196420732,NA,NA,NA,NA,n.s.
Q9QZS8,Sh2d3c,-1.7726162876676785,NA,NA,-0.2808767895913996,NA,NA,NA,NA,n.s.
Q9R022,Dnajc12,0.45943815393109905,NA,NA,0.5467453496874892,NA,NA,NA,NA,n.s.
Q9R060,Nubp1,-0.3761031506574426,NA,NA,-0.1438499955113189,NA,NA,NA,NA,n.s.
Q9R088,Tk2,-0.21354483913996303,NA,NA,-0.35524122541599573,NA,NA,NA,NA,n.s.
Q9R0E1,Plod3,-0.057385661373896016,NA,NA,-0.10338928240877598,NA,NA,NA,NA,n.s.
Q9R0H0,Acox1,0.050639644043297335,NA,NA,0.5076631260952376,NA,NA,NA,NA,n.s.
Q9R0M8,Slc35a2,-0.048315147972192773,NA,NA,-0.7642318653321865,NA,NA,NA,NA,n.s.
Q9R0U0,Srsf10,0.021669185860894242,NA,NA,0.5891651579562703,NA,NA,NA,NA,n.s.
Q9R0Y8,Gabrg1,1.6168981146804438,NA,NA,0.8160258637525519,NA,NA,NA,NA,n.s.
Q9R171,Cbln1,0.44334555033708745,NA,NA,0.40324557670743044,NA,NA,NA,NA,n.s.
Q9R1A8,Cop1,-0.44277024128309417,NA,NA,-0.2616966156758681,NA,NA,NA,NA,n.s.
Q9R1E0,Foxo1,-0.2898272309504992,NA,NA,-0.3487337248906079,NA,NA,NA,NA,n.s.
Q9WTJ5,Ramp1,-0.46880469609143405,NA,NA,-0.17724808972092154,NA,NA,NA,NA,n.s.
Q9WTP2,Spry4,-0.38926889625972966,NA,NA,-0.33867954883694346,NA,NA,NA,NA,n.s.
Q9WTQ8,Timm23,2.0708325866480592,NA,NA,0.010209434039378955,NA,NA,NA,NA,n.s.
Q9WU84,Ccs,-0.0017224536684226053,NA,NA,-0.649713534470572,NA,NA,NA,NA,n.s.
Q9WUH1,Tmem115,-0.6023226659143596,NA,NA,-0.31469075284591486,NA,NA,NA,NA,n.s.
Q9WUP4,Srd5a3,1.025609810304234,NA,NA,1.3232996449560754,NA,NA,NA,NA,n.s.
Q9WVB0,Rbpms,-0.6232809816408352,NA,NA,-0.8048700960908265,NA,NA,NA,NA,n.s.
Q9WVF8,Tusc2,-0.2186573656440596,NA,NA,-1.761265500665941,NA,NA,NA,NA,n.s.
Q9WVH4,Foxo3,0.051562478760935275,NA,NA,0.9357577887794806,NA,NA,NA,NA,n.s.
Q9Z0H1,Wdr46,-0.08029740805074213,NA,NA,-0.5066062374541076,NA,NA,NA,NA,n.s.
Q9Z0L8,Ggh,-0.2755358333899205,NA,NA,-0.3447982512513939,NA,NA,NA,NA,n.s.
Q9Z0M6,Adgre5,-0.477131895683855,NA,NA,-0.477240373518278,NA,NA,NA,NA,n.s.
Q9Z0S6,Cldn10,-0.3081784889466964,NA,NA,-0.35930820009906106,NA,NA,NA,NA,n.s.
Q9Z0S9,Rabac1,-0.6253724506080033,NA,NA,-0.3322124359042796,NA,NA,NA,NA,n.s.
Q9Z0V7,Timm17b,-1.8411271727330838,NA,NA,-0.6166434034596809,NA,NA,NA,NA,n.s.
Q9Z120,Mettl1,0.02076337755110195,NA,NA,1.229248714489558,NA,NA,NA,NA,n.s.
Q9Z127,Slc7a5,-3.309229246537437,NA,NA,-1.0979636568780433,NA,NA,NA,NA,n.s.
Q9Z1B5,Mad2l1,0.40611145852427827,NA,NA,0.37582390110521374,NA,NA,NA,NA,n.s.
Q9Z1Q2,Abhd16a,0.5236503844378845,NA,NA,1.1385563102466527,NA,NA,NA,NA,n.s.
Q9Z218,Dpp6,-3.2238185523796568,NA,NA,-0.3859573325028164,NA,NA,NA,NA,n.s.
Q9Z2A7,Dgat1,-1.062127050035877,NA,NA,-0.861011607787128,NA,NA,NA,NA,n.s.
Q9Z2B5,Eif2ak3,-0.8489857567245869,NA,NA,-1.3083424811488915,NA,NA,NA,NA,n.s.
Q9Z2P8,Vamp5,0.07601513535071767,NA,NA,0.9263611617056916,NA,NA,NA,NA,n.s.
Q9Z2R6,Unc119,-0.5014357566386506,NA,NA,-0.27528812545183456,NA,NA,NA,NA,n.s.
S4R1M4,Ank2,-0.6703698305975127,NA,NA,-0.02475749369314939,NA,NA,NA,NA,n.s.
S4R1W8,Gapdh,0.40991003359613726,NA,NA,0.737677879398124,NA,NA,NA,NA,n.s.
S4R2K0,Pdf,1.358971184725296,NA,NA,0.17493899532830176,NA,NA,NA,NA,n.s.
